/*
SQLyog Enterprise v12.09 (64 bit)
MySQL - 10.0.33-MariaDB : Database - sharetour_db
*********************************************************************
*/

/*!40101 SET NAMES utf8 */;

/*!40101 SET SQL_MODE=''*/;

/*!40014 SET @OLD_UNIQUE_CHECKS=@@UNIQUE_CHECKS, UNIQUE_CHECKS=0 */;
/*!40014 SET @OLD_FOREIGN_KEY_CHECKS=@@FOREIGN_KEY_CHECKS, FOREIGN_KEY_CHECKS=0 */;
/*!40101 SET @OLD_SQL_MODE=@@SQL_MODE, SQL_MODE='NO_AUTO_VALUE_ON_ZERO' */;
/*!40111 SET @OLD_SQL_NOTES=@@SQL_NOTES, SQL_NOTES=0 */;
/*Table structure for table `ap_banner` */

DROP TABLE IF EXISTS `ap_banner`;

CREATE TABLE `ap_banner` (
  `id` int(11) NOT NULL AUTO_INCREMENT,
  `position_id` tinyint(5) NOT NULL,
  `thumbnail` varchar(255) NOT NULL,
  `url_video` varchar(255) DEFAULT NULL,
  `url` varchar(255) NOT NULL,
  `is_status` tinyint(1) unsigned NOT NULL DEFAULT '2' COMMENT 'trang thai',
  `displayed_time` datetime NOT NULL COMMENT 'ngay publish',
  `created_time` datetime NOT NULL DEFAULT CURRENT_TIMESTAMP COMMENT 'ngay tao',
  `updated_time` datetime NOT NULL DEFAULT CURRENT_TIMESTAMP ON UPDATE CURRENT_TIMESTAMP COMMENT 'ngay sua',
  PRIMARY KEY (`id`)
) ENGINE=InnoDB DEFAULT CHARSET=utf8;

/*Data for the table `ap_banner` */

/*Table structure for table `ap_banner_translations` */

DROP TABLE IF EXISTS `ap_banner_translations`;

CREATE TABLE `ap_banner_translations` (
  `id` int(11) DEFAULT NULL,
  `language_code` varchar(5) DEFAULT NULL,
  `slug` varchar(255) DEFAULT NULL,
  `title` varchar(255) DEFAULT NULL,
  `description` mediumtext,
  `content` longtext,
  `meta_title` varchar(100) DEFAULT NULL,
  `meta_description` varchar(170) DEFAULT NULL,
  `meta_keyword` varchar(255) DEFAULT NULL,
  UNIQUE KEY `ap_banner_translations_id_language_code_pk` (`id`,`language_code`)
) ENGINE=InnoDB DEFAULT CHARSET=utf8;

/*Data for the table `ap_banner_translations` */

/*Table structure for table `ap_career` */

DROP TABLE IF EXISTS `ap_career`;

CREATE TABLE `ap_career` (
  `id` int(11) NOT NULL AUTO_INCREMENT,
  `post_id` int(11) DEFAULT NULL,
  `phone` varchar(20) DEFAULT NULL,
  `name` varchar(255) DEFAULT NULL,
  `email` varchar(255) NOT NULL,
  `address` varchar(255) DEFAULT NULL,
  `file_cv` varchar(255) DEFAULT NULL,
  `file_letter` varchar(255) DEFAULT NULL,
  `created_time` datetime NOT NULL DEFAULT CURRENT_TIMESTAMP ON UPDATE CURRENT_TIMESTAMP,
  PRIMARY KEY (`id`),
  UNIQUE KEY `ap_newsletter_email_uindex` (`email`)
) ENGINE=InnoDB AUTO_INCREMENT=22 DEFAULT CHARSET=utf8;

/*Data for the table `ap_career` */

insert  into `ap_career`(`id`,`post_id`,`phone`,`name`,`email`,`address`,`file_cv`,`file_letter`,`created_time`) values (2,NULL,'0912354353','linh','linh116@gmail.com','dfsg','cv/linh116_gmail_com_cv.pdf','cv/linh116_gmail_com_coverletter.pdf','2018-04-16 10:51:16'),(11,NULL,'09253647657','linh','linhlinh26111995@gmail.com','fgdf','cv/linhlinh26111995_gmail_com_cv.pdf','','2018-04-16 11:41:05'),(12,NULL,'0976734635','jh','hoanglinh116@gmail.com','xbcxvb','cv/hoanglinh116_gmail_com_cv.pdf','','2018-04-16 11:44:52'),(14,NULL,'0923532647','sfgdg','linh@gmail.com','sgdfhgdf','cv/linh_gmail_com_cv.pdf','','2018-04-16 11:48:12'),(15,NULL,'09231534635','hoang thị linh','quang@gmail.com','hà nội','cv/quang_gmail_com_cv.pdf','','2018-04-16 11:51:00'),(19,NULL,'915224935','Steven Toan','ductoan1991@gmail.com','Ha Noi, Vietnam','cv/ductoan1991_gmail_com_cv.pdf','','2018-04-16 13:11:36'),(20,NULL,'09746655342','linh','thuy116@gmail.com','fdhgfhf','cv/thuy116_gmail_com_cv.pdf','','2018-04-16 13:18:12'),(21,NULL,'09253464576','Hoàng thị Linh','trung@gmail.com','fgdgd','cv/trung_gmail_com_cv.pdf','','2018-04-16 13:19:32');

/*Table structure for table `ap_category` */

DROP TABLE IF EXISTS `ap_category`;

CREATE TABLE `ap_category` (
  `id` int(11) NOT NULL AUTO_INCREMENT,
  `parent_id` int(11) NOT NULL DEFAULT '0',
  `thumbnail` varchar(255) DEFAULT NULL,
  `banner` varchar(255) DEFAULT NULL,
  `is_featured` varchar(255) DEFAULT NULL COMMENT 'Background for parent_id = 0',
  `files` varchar(255) DEFAULT NULL,
  `style` varchar(255) DEFAULT NULL COMMENT 'style html',
  `class` varchar(100) DEFAULT NULL,
  `type` varchar(255) DEFAULT 'post' COMMENT 'type theo đúng tên controller',
  `order` int(3) DEFAULT '0',
  `is_status` tinyint(2) NOT NULL DEFAULT '1',
  `created_time` datetime NOT NULL DEFAULT CURRENT_TIMESTAMP,
  `updated_time` datetime NOT NULL DEFAULT CURRENT_TIMESTAMP ON UPDATE CURRENT_TIMESTAMP,
  `created_by` int(11) NOT NULL,
  `updated_by` int(11) NOT NULL,
  `ratting` mediumtext,
  `retionship` varchar(120) DEFAULT NULL,
  `question` mediumtext,
  PRIMARY KEY (`id`)
) ENGINE=InnoDB AUTO_INCREMENT=55 DEFAULT CHARSET=utf8;

/*Data for the table `ap_category` */

insert  into `ap_category`(`id`,`parent_id`,`thumbnail`,`banner`,`is_featured`,`files`,`style`,`class`,`type`,`order`,`is_status`,`created_time`,`updated_time`,`created_by`,`updated_by`,`ratting`,`retionship`,`question`) values (1,3,'tour/diem-den/halongbay.jpg','','1','','','','national',1,1,'2018-05-31 13:42:23','2018-06-07 22:13:23',0,0,'{\"17\":{\"name\":\"Chu Quang Khanh\",\"title\":\"H\\u00e0 n\\u1ed9i, \\u0110\\u00e0 n\\u1eb5ng, H\\u1ed3 ch\\u00ed minh\",\"vote\":\"2\",\"desc\":\"H\\u00e0 n\\u1ed9i, \\u0110\\u00e0 n\\u1eb5ng, H\\u1ed3 ch\\u00ed minh\",\"date\":\"\"},\"18\":{\"name\":\"Chu Quang Khanh 1\",\"title\":\"H\\u00e0 n\\u1ed9i, \\u0110\\u00e0 n\\u1eb5ng, H\\u1ed3 ch\\u00ed minh\",\"vote\":\"4\",\"desc\":\"H\\u00e0 n\\u1ed9i, \\u0110\\u00e0 n\\u1eb5ng, H\\u1ed3 ch\\u00ed minh\",\"date\":\"\"},\"19\":{\"name\":\"Qu\\u1ef3nh Trang\",\"title\":\"V\\u1ecbnh H\\u1ea1 Long - \\u0110i\\u1ec3m \\u0111\\u1ebfn tuy\\u1ec7t v\\u1edbi\",\"vote\":\"5\",\"desc\":\"T\\u00f4i \\u0111\\u00e3 c\\u00f3 m\\u1ed9t chuy\\u1ebfn du l\\u1ecbch k\\u1ef3 th\\u00fa t\\u1ea1i V\\u1ecbnh H\\u1ea1 Long - Di s\\u1ea3n thi\\u00ean nhi\\u00ean th\\u1ebf gi\\u1edbi\",\"date\":\"\"}}','[\"3\",\"4\",\"6\",\"9\",\"10\",\"11\",\"12\",\"13\"]',NULL),(3,0,'','',NULL,'','','','national',3,1,'2018-05-31 13:43:02','2018-05-31 13:43:02',0,0,NULL,NULL,NULL),(4,0,'tour/trung-dong-dieu-ky-dubai-abu-dhabi-4723.png','','1','','','','national',4,1,'2018-05-31 13:44:05','2018-06-07 21:20:38',0,0,NULL,NULL,NULL),(5,0,'tour/8-hon-dao-dep-nhat-chau-dai-duong-f8938c.jpg','','1','','','','national',5,1,'2018-05-31 13:44:23','2018-06-07 21:20:30',0,0,NULL,NULL,NULL),(6,0,'mua_thu_chau_au_12.jpg','','1','','','','national',6,1,'2018-05-31 13:44:34','2018-06-07 21:42:45',0,0,NULL,NULL,NULL),(8,1,'',NULL,'0',NULL,'','','national',8,1,'2018-06-01 09:01:34','2018-06-07 09:17:35',0,0,'{\"2\":{\"name\":\"Chu Quang Khanh\",\"title\":\"H\\u00e0 n\\u1ed9i, \\u0110\\u00e0 n\\u1eb5ng, H\\u1ed3 ch\\u00ed minh\",\"vote\":\"4\",\"desc\":\"H\\u00e0 N\\u1ed9i\",\"date\":\"\"}}',NULL,NULL),(9,1,'',NULL,'0',NULL,'','','national',9,1,'2018-06-01 09:03:06','2018-06-07 09:17:34',0,0,NULL,NULL,NULL),(10,0,'tour/diem-den/thailand.jpg',NULL,'1',NULL,'','','national',1,1,'2018-06-01 09:03:38','2018-06-08 09:32:57',0,0,NULL,NULL,'{\"2\":{\"question\":\"L\\u00e0m th\\u1ebf n\\u00e0o \\u0111\\u1ec3 c\\u00f3 visa \\u0111\\u1ebfn Th\\u00e1i Lan?\",\"reply\":\"Lorem ipsum dolor sit amet, consectetur adipisicing elit, sed do eiusmod tempor incididunt ut labore\\r\\n                    et dolore magna aliqua. Ut enim ad minim veniam, quis nostrud exercitation ullamco laboris nisi ut\\r\\n                    aliquip ex ea commodo consequat.\"},\"3\":{\"question\":\"Lorem ipsum dolor sit amet, consectetur adipisicing elit, \",\"reply\":\"Lorem ipsum dolor sit amet, consectetur adipisicing elit, sed do eiusmod tempor incididunt ut labore\\r\\n                    et dolore magna aliqua. Ut enim ad minim veniam, quis nostrud exercitation ullamco laboris nisi ut\\r\\n                    aliquip ex ea commodo consequat.\"}}'),(11,3,'',NULL,'0',NULL,'','','national',8,1,'2018-06-01 09:03:53','2018-06-07 09:18:06',0,0,NULL,NULL,NULL),(12,0,'','',NULL,'','','','voucher',1,1,'2018-06-05 11:10:22','2018-06-05 11:10:22',0,0,NULL,NULL,NULL),(13,0,'','',NULL,'','','','voucher',2,1,'2018-06-05 11:11:01','2018-06-05 11:11:01',0,0,NULL,NULL,NULL),(14,2,'',NULL,'0',NULL,'','','national',1,1,'2018-06-05 15:19:44','2018-06-07 09:18:11',0,0,NULL,NULL,NULL),(15,14,'',NULL,NULL,NULL,'','','national',1,1,'2018-06-05 15:20:19','2018-06-05 15:20:19',0,0,NULL,NULL,NULL),(16,0,'','',NULL,'','','','voucher',3,1,'2018-06-05 15:21:30','2018-06-05 15:21:30',0,0,NULL,NULL,NULL),(17,0,'','',NULL,'','','','voucher',4,1,'2018-06-05 15:21:44','2018-06-05 15:21:44',0,0,NULL,NULL,NULL),(18,0,'','',NULL,'','','','voucher',6,1,'2018-06-05 15:21:55','2018-06-08 00:44:49',0,0,NULL,NULL,NULL),(19,0,'','','0','','','','voucher',5,1,'2018-06-05 15:22:06','2018-06-08 00:44:49',0,0,NULL,NULL,NULL),(20,23,'','','1','','','','post',1,1,'2018-06-05 22:04:39','2018-06-06 13:17:19',0,0,NULL,NULL,NULL),(21,23,'','','1','','','','post',2,1,'2018-06-05 22:04:52','2018-06-06 13:17:18',0,0,NULL,NULL,NULL),(22,23,'','','1','','','','post',3,1,'2018-06-05 22:05:06','2018-06-06 13:17:22',0,0,NULL,NULL,NULL),(23,0,'','',NULL,'','','','post',4,1,'2018-06-06 09:07:22','2018-06-06 09:07:22',0,0,NULL,NULL,NULL),(24,0,'','',NULL,'','','','post',5,1,'2018-06-06 11:09:35','2018-06-06 11:09:35',0,0,NULL,NULL,NULL),(25,0,'','',NULL,'','','','post',6,1,'2018-06-06 11:09:47','2018-06-06 11:09:47',0,0,NULL,NULL,NULL),(26,23,'tin-tuc/saigon-1.jpg','',NULL,'','','','post',4,1,'2018-06-06 12:12:01','2018-06-06 12:12:01',0,0,NULL,NULL,NULL),(27,23,'tin-tuc/hanoi-1.jpg','',NULL,'','','','post',5,1,'2018-06-06 13:05:11','2018-06-06 13:05:11',0,0,NULL,NULL,NULL),(28,23,'tin-tuc/danang-1.jpg','',NULL,'','','','post',6,1,'2018-06-06 13:05:34','2018-06-06 13:05:34',0,0,NULL,NULL,NULL),(29,23,'tin-tuc/hue.jpg','',NULL,'','','','post',7,1,'2018-06-06 13:06:11','2018-06-06 13:06:11',0,0,NULL,NULL,NULL),(30,23,'tin-tuc/dalafffddddt.jpg','',NULL,'','','','post',8,1,'2018-06-06 13:06:39','2018-06-06 13:06:39',0,0,NULL,NULL,NULL),(31,23,'tin-tuc/phuquoc.jpg','',NULL,'','','','post',9,1,'2018-06-06 13:07:04','2018-06-06 13:07:04',0,0,NULL,NULL,NULL),(32,3,'tour/diem-den/singapore.jpg',NULL,'1',NULL,'','','national',9,1,'2018-06-07 09:17:20','2018-06-07 09:46:33',0,0,NULL,NULL,NULL),(33,3,'tour/diem-den/campuchia.jpg',NULL,'1',NULL,'','','national',10,1,'2018-06-07 09:18:01','2018-06-07 09:46:13',0,0,NULL,NULL,NULL),(34,2,'tour/diem-den/van-ly-truong-thanh.jpg',NULL,'1',NULL,'','','national',2,1,'2018-06-07 09:18:48','2018-06-07 09:47:53',0,0,NULL,NULL,NULL),(35,2,'tour/diem-den/japan.jpg',NULL,'1',NULL,'','','national',3,1,'2018-06-07 09:19:21','2018-06-07 09:47:14',0,0,NULL,NULL,NULL),(36,6,'tour/diem-den/phap.jpg',NULL,'1',NULL,'','','national',1,1,'2018-06-07 09:19:52','2018-06-07 09:45:26',0,0,NULL,NULL,NULL),(37,3,'tour/diem-den/philippine.jpg',NULL,'1',NULL,'','','national',11,1,'2018-06-07 09:21:13','2018-06-07 09:45:41',0,0,NULL,NULL,NULL),(38,4,'du-lich-dubai.jpg',NULL,'1',NULL,'','','national',1,1,'2018-06-07 21:30:20','2018-06-07 22:02:08',0,0,NULL,NULL,NULL),(39,3,'tin-tuc/indonesia1.jpg',NULL,'1',NULL,'','','national',12,1,'2018-06-07 21:31:00','2018-06-07 21:59:42',0,0,NULL,NULL,NULL),(40,39,'tin-tuc/indonesia1.jpg',NULL,'1',NULL,'','','national',1,1,'2018-06-07 21:31:14','2018-06-07 21:59:56',0,0,NULL,NULL,NULL),(41,4,'',NULL,NULL,NULL,'','','national',2,1,'2018-06-07 21:31:47','2018-06-07 21:31:47',0,0,NULL,NULL,NULL),(42,3,'',NULL,NULL,NULL,'','','national',13,1,'2018-06-07 21:32:06','2018-06-07 21:32:06',0,0,NULL,NULL,NULL),(43,2,'',NULL,NULL,NULL,'','','national',4,1,'2018-06-07 21:32:24','2018-06-07 21:32:24',0,0,NULL,NULL,NULL),(44,2,'',NULL,NULL,NULL,'','','national',5,1,'2018-06-07 21:33:14','2018-06-07 21:33:14',0,0,NULL,NULL,NULL),(46,0,'',NULL,NULL,NULL,'','','national',7,1,'2018-06-07 21:49:27','2018-06-07 21:49:27',0,0,NULL,NULL,NULL),(47,46,'tour/diem-den/van-ly-truong-thanh.jpg',NULL,'0',NULL,'','','national',1,1,'2018-06-07 21:49:44','2018-06-07 21:56:26',0,0,NULL,NULL,NULL),(48,46,'tour/diem-den/japan.jpg',NULL,'0',NULL,'','','national',2,1,'2018-06-07 21:50:03','2018-06-07 21:57:02',0,0,NULL,NULL,NULL),(49,46,'han-quoc.jpg',NULL,'1',NULL,'','','national',3,1,'2018-06-07 21:50:47','2018-06-07 22:01:30',0,0,NULL,NULL,NULL),(50,46,'',NULL,NULL,NULL,'','','national',4,1,'2018-06-07 21:51:12','2018-06-07 21:51:12',0,0,NULL,NULL,NULL),(51,46,'',NULL,NULL,NULL,'','','national',5,1,'2018-06-07 21:51:28','2018-06-07 21:51:28',0,0,NULL,NULL,NULL),(52,50,'',NULL,NULL,NULL,'','','national',1,1,'2018-06-07 21:51:48','2018-06-07 21:51:48',0,0,NULL,NULL,NULL),(53,0,'bac-my.jpg',NULL,'1',NULL,'','','national',8,1,'2018-06-07 21:53:14','2018-06-07 21:53:16',0,0,NULL,NULL,NULL),(54,0,'','',NULL,'','','','voucher',7,1,'2018-06-08 00:45:24','2018-06-08 00:45:24',0,0,NULL,NULL,NULL);

/*Table structure for table `ap_category_translations` */

DROP TABLE IF EXISTS `ap_category_translations`;

CREATE TABLE `ap_category_translations` (
  `id` int(11) NOT NULL,
  `language_code` char(2) NOT NULL,
  `title` varchar(255) NOT NULL,
  `description` text,
  `slug` varchar(255) DEFAULT NULL,
  `meta_title` varchar(255) DEFAULT NULL,
  `meta_description` varchar(255) DEFAULT NULL,
  `meta_keyword` varchar(255) DEFAULT NULL,
  `content` mediumtext NOT NULL,
  UNIQUE KEY `ap_category_translations_id_language_code_pk` (`id`,`language_code`) USING BTREE
) ENGINE=InnoDB DEFAULT CHARSET=utf8;

/*Data for the table `ap_category_translations` */

insert  into `ap_category_translations`(`id`,`language_code`,`title`,`description`,`slug`,`meta_title`,`meta_description`,`meta_keyword`,`content`) values (1,'vi','Việt Nam','Hà Nội, Đà Nẵng, Hồ Chí Minh','viet-nam','Việt Nam','Việt Nam','Việt Nam',''),(2,'vi','Đông Á','Đông Á','dong-a','Đông á','Đông á','Đông á',''),(3,'vi','Đông Nam Á','Đông Nam Á','dong-nam-a','Đông Nam Á','Đông Nam Á','Đông Nam Á',''),(4,'vi','Nam Á / Trung Đông','Nam Á / Trung Đông','nam-a-trung-dong','Nam Á / Trung Đông','Nam Á / Trung Đông','Nam Á / Trung Đông',''),(5,'vi','Châu Đại Dương','Châu Đại Dương','chau-dai-duong','Châu đại dương','Châu đại dương','Châu đại dương',''),(6,'vi','Châu Âu','Châu Âu','chau-au','Châu Âu','Châu Âu','Châu Âu',''),(7,'vi','Bắc Mỹ','Bắc Mỹ','bac-my','Bắc Mỹ','Bắc Mỹ','Bắc Mỹ',''),(8,'vi','Hà Nội','Hà Nội','ha-noi','Hà Nội','Hà Nội','',''),(9,'vi','Thành phố Hồ Chí Minh','Thành phố Hồ Chí Minh','thanh-pho-ho-chi-minh','Thành phố Hồ Chí Minh','Thành phố Hồ Chí Minh','',''),(10,'vi','Việt Nam','Việt Nam','viet-nam','Việt Nam','Việt nam','Thái Lan',''),(11,'vi','Lào','Lào','lao','Lào','Lào','Lào',''),(12,'vi','Đà Nẵng','Đã Nẵng','da-nang','Đã Nẵng','Đã Nẵng','Đã Nẵng',''),(13,'vi','Nha Trang','Nha Trang','nha-trang','Nha Trang','Nha Trang','Nha Trang',''),(14,'vi','Hồng Kông','Hồng Kông','hong-kong','Hồng Kông','Hồng Kông','Hồng Kông',''),(15,'vi','Hồng Kông','Hồng Kông','hong-kong','Hồng Kông','Hồng Kông','Hồng Kông',''),(16,'vi','Đà Lạt','Đà Lạt','da-lat','Đà Lạt','Đà Lạt','Đà Lạt',''),(17,'vi','Phú Quốc','Phú Quốc','phu-quoc','Phú Quốc','Phú Quốc','Phú Quốc',''),(18,'vi','Phan Thiết','Phan Thiết','phan-thiet','Phan Thiết','Phan Thiết','Phan Thiết',''),(19,'vi','Vũng Tàu','Vũng Tàu','vung-tau','Vũng Tàu','Vũng Tàu','Vũng Tàu',''),(20,'vi','Điểm dừng chân','Điểm dừng chân','diem-dung-chan','Điểm dừng chân','Điểm dừng chân','Điểm dừng chân',''),(21,'vi','Bí kíp du lịch','Bí kíp du lịch','bi-kip-du-lich','Bí kíp du lịch','Bí kíp du lịch','Bí kíp du lịch',''),(22,'vi','Ăn & Chơi','Ăn & Chơi','an-choi','Ăn & Chơi','Ăn & Chơi','Ăn & Chơi',''),(23,'vi','Tin tức','Tin tức','tin-tuc','Tin tức','Tin tức','Tin tức',''),(24,'vi','Danh sách Hotel/Villa/Resort hot nhất','Danh sách Hotel/Villa/Resort hot nhất','danh-sach-hotelvillaresort-hot-nhat','Danh sách Hotel/Villa/Resort hot nhất','Danh sách Hotel/Villa/Resort hot nhất','Danh sách Hotel/Villa/Resort hot nhất',''),(25,'vi','Địa điểm du lịch thú vị','Địa điểm du lịch thú vị','dia-diem-du-lich-thu-vi','Địa điểm du lịch thú vị','Địa điểm du lịch thú vị','Địa điểm du lịch thú vị',''),(26,'vi','Hồ Chí Minh','Hồ Chí Minh','ho-chi-minh','Hồ Chí Minh','Hồ Chí Minh','Hồ Chí Minh',''),(27,'vi','Hà Nội','Hà Nội','ha-noi','Hà Nội','Hà Nội','Hà Nội',''),(28,'vi','Đà Nẵng','Đà Nẵng','da-nang','Đà Nẵng','Đà Nẵng','Đà Nẵng',''),(29,'vi','Huế','Huế','hue','Huế','Huế','Huế',''),(30,'vi','Đà Lạt','Đà Lạt','da-lat','Đà Lạt','Đà Lạt','Đà Lạt',''),(31,'vi','Phú Quốc','Phú Quốc','phu-quoc','Phú Quốc','Phú Quốc','Phú Quốc',''),(32,'vi','Singapore','Singapore','singapore','Singapore','Singapore','Singapore',''),(33,'vi','Campuchia','Campuchia','campuchia','Campuchia','Campuchia','Campuchia',''),(34,'vi','Trung Quốc','Trung Quốc','trung-quoc','Trung Quốc','Trung Quốc','Trung Quốc',''),(35,'vi','Nhật Bản','Nhật Bản','nhat-ban','Nhật Bản','Nhật Bản','Nhật Bản',''),(36,'vi','Pháp','Pháp','phap','Pháp','Pháp','Pháp',''),(37,'vi','Philippines','Philippines','philippines','Philippines','Philippines','Philippines',''),(38,'vi','Dubai','Dubai','dubai','Dubai','Dubai','Dubai',''),(39,'vi','Indonesia','Indonesia','indonesia','Indonesia','Indonesia','Indonesia',''),(40,'vi','Bali','Bali','bali','Bali','Bali','Bali',''),(41,'vi','Ấn Độ','Ấn Độ','an-do','Ấn Độ','Ấn Độ','Ấn Độ',''),(42,'vi','Malaysia','Malaysia','malaysia','Malaysia','Malaysia','Malaysia',''),(43,'vi','Đài Loan','Đài Loan','dai-loan','Đài Loan','Đài Loan','Đài Loan',''),(44,'vi','Hàn Quốc','Hàn Quốc','han-quoc','Hàn Quốc','Hàn Quốc','Hàn Quốc',''),(45,'vi','Đông Á','Đông Á','dong-a','Đông Á','Đông Á','Đông Á',''),(46,'vi','Đông Á','Đông Á','dong-a','Đông Á','Đông Á','Đông Á',''),(47,'vi','Trung Quốc','Trung Quốc','trung-quoc','Trung Quốc','Trung Quốc','Trung Quốc',''),(48,'vi','Nhật Bản','Nhật Bản','nhat-ban','Nhật Bản','Nhật Bản','Nhật Bản',''),(49,'vi','Hàn Quốc','Hàn Quốc','han-quoc','Hàn Quốc','Hàn Quốc','Hàn Quốc',''),(50,'vi','Hồng Kông','Hồng Kông','hong-kong','Hồng Kông','Hồng Kông','Hồng Kông',''),(51,'vi','Đài Loan','Đài Loan','dai-loan','Đài Loan','Đài Loan','Đài Loan',''),(52,'vi','Hồng Kông','Hồng Kông','hong-kong','Hồng Kông','Hồng Kông','Hồng Kông',''),(53,'vi','Bắc Mỹ','Bắc Mỹ','bac-my','Bắc Mỹ','Bắc Mỹ','Bắc Mỹ',''),(54,'vi','Sapa','Sapa','sapa','Sapa','Sapa','','');

/*Table structure for table `ap_groups` */

DROP TABLE IF EXISTS `ap_groups`;

CREATE TABLE `ap_groups` (
  `id` mediumint(8) unsigned NOT NULL AUTO_INCREMENT,
  `name` varchar(20) NOT NULL,
  `description` varchar(100) NOT NULL,
  `permission` mediumtext,
  PRIMARY KEY (`id`)
) ENGINE=InnoDB AUTO_INCREMENT=4 DEFAULT CHARSET=utf8;

/*Data for the table `ap_groups` */

insert  into `ap_groups`(`id`,`name`,`description`,`permission`) values (1,'admin','Administrator',NULL),(2,'Biên tập viên','Nhóm biên tập quản trị nội dung web','{\"banner\":{\"add\":\"1\",\"edit\":\"1\",\"delete\":\"1\",\"import\":\"1\",\"export\":\"1\"},\"groups\":{\"view\":\"1\"},\"media\":{\"view\":\"1\",\"add\":\"1\",\"edit\":\"1\",\"delete\":\"1\",\"import\":\"1\",\"export\":\"1\"},\"menus\":{\"view\":\"1\",\"add\":\"1\",\"edit\":\"1\",\"delete\":\"1\",\"import\":\"1\",\"export\":\"1\"},\"page\":{\"view\":\"1\",\"add\":\"1\",\"edit\":\"1\",\"delete\":\"1\",\"import\":\"1\",\"export\":\"1\"},\"post\":{\"view\":\"1\",\"add\":\"1\",\"edit\":\"1\",\"delete\":\"1\",\"import\":\"1\",\"export\":\"1\"},\"setting\":{\"view\":\"1\",\"add\":\"1\",\"edit\":\"1\",\"delete\":\"1\",\"import\":\"1\",\"export\":\"1\"},\"users\":{\"view\":\"1\"}}'),(3,'Nhóm đại lý','Hệ thống đại lý',NULL);

/*Table structure for table `ap_log_action` */

DROP TABLE IF EXISTS `ap_log_action`;

CREATE TABLE `ap_log_action` (
  `id` int(11) NOT NULL AUTO_INCREMENT,
  `action` varchar(255) NOT NULL,
  `note` varchar(255) NOT NULL,
  `uid` int(11) NOT NULL,
  `created_time` datetime NOT NULL,
  PRIMARY KEY (`id`)
) ENGINE=InnoDB AUTO_INCREMENT=1549 DEFAULT CHARSET=utf8;

/*Data for the table `ap_log_action` */

insert  into `ap_log_action`(`id`,`action`,`note`,`uid`,`created_time`) values (1250,'post','Insert post: 0',1,'2018-05-30 12:35:04'),(1251,'post','Update post: 27',1,'2018-05-30 12:35:09'),(1252,'category','Insert category: 0',1,'2018-05-31 01:42:24'),(1253,'category','Insert category: 0',1,'2018-05-31 01:42:46'),(1254,'category','Insert category: 0',1,'2018-05-31 01:43:03'),(1255,'category','Insert category: 0',1,'2018-05-31 01:44:05'),(1256,'category','Insert category: 0',1,'2018-05-31 01:44:23'),(1257,'category','Insert category: 0',1,'2018-05-31 01:44:34'),(1258,'category','Update category: 6',1,'2018-05-31 01:44:57'),(1259,'category','Insert category: 0',1,'2018-05-31 01:45:08'),(1260,'category','Update category: 1',1,'2018-05-31 04:30:53'),(1261,'category','Update category: 1',1,'2018-05-31 04:45:21'),(1262,'category','Update category: 1',1,'2018-05-31 04:46:28'),(1263,'category','Update category: 1',1,'2018-05-31 04:46:49'),(1264,'category','Update category: 1',1,'2018-05-31 04:58:11'),(1265,'category','Update category: 1',1,'2018-05-31 05:03:17'),(1266,'category','Update category: 1',1,'2018-05-31 05:04:40'),(1267,'category','Update category: 1',1,'2018-05-31 05:10:05'),(1268,'category','Update category: 1',1,'2018-05-31 05:11:53'),(1269,'category','Update category: 1',1,'2018-05-31 05:21:03'),(1270,'category','Update category: 2',1,'2018-05-31 05:21:34'),(1271,'category','Insert category: 0',1,'2018-06-01 09:01:34'),(1272,'category','Update category: 8',1,'2018-06-01 09:02:01'),(1273,'category','Insert category: 0',1,'2018-06-01 09:03:06'),(1274,'category','Insert category: 0',1,'2018-06-01 09:03:38'),(1275,'category','Insert category: 0',1,'2018-06-01 09:03:53'),(1276,'category','Update category: 11',1,'2018-06-01 09:04:02'),(1277,'tour','Update tour: 1',1,'2018-06-05 12:10:26'),(1278,'tour','Insert tour: 0',1,'2018-06-05 12:13:21'),(1279,'tour','Update tour: 3',1,'2018-06-05 01:33:07'),(1280,'tour','Update tour: 3',1,'2018-06-05 01:37:17'),(1281,'tour','Update tour: 3',1,'2018-06-05 01:39:53'),(1282,'tour','Update tour: 3',1,'2018-06-05 02:10:27'),(1283,'tour','Update tour: 3',1,'2018-06-05 08:50:48'),(1284,'post','Insert post: 0',1,'2018-06-05 10:08:42'),(1285,'post','Insert post: 0',1,'2018-06-05 10:17:17'),(1286,'category','Update category: 7',1,'2018-06-05 10:18:33'),(1287,'category','Update category: 7',1,'2018-06-05 10:31:05'),(1288,'category','Insert category: 0',1,'2018-06-05 11:10:22'),(1289,'category','Insert category: 0',1,'2018-06-05 11:11:01'),(1290,'voucher','Insert voucher: 0',1,'2018-06-05 01:46:53'),(1291,'voucher','Update voucher: 1',1,'2018-06-05 01:59:24'),(1292,'voucher','Update voucher: 1',1,'2018-06-05 02:05:18'),(1293,'page','Insert page: 0',1,'2018-06-05 02:39:18'),(1294,'page','Insert page: 0',1,'2018-06-05 02:41:32'),(1295,'page','Insert page: 0',1,'2018-06-05 02:41:56'),(1296,'page','Insert page: 0',1,'2018-06-05 02:43:07'),(1297,'page','Insert page: 0',1,'2018-06-05 02:43:39'),(1298,'page','Update page: 5',1,'2018-06-05 02:44:16'),(1299,'category','Insert category: 0',1,'2018-06-05 03:19:44'),(1300,'category','Insert category: 0',1,'2018-06-05 03:20:19'),(1301,'category','Insert category: 0',1,'2018-06-05 03:21:30'),(1302,'category','Insert category: 0',1,'2018-06-05 03:21:44'),(1303,'category','Insert category: 0',1,'2018-06-05 03:21:55'),(1304,'category','Insert category: 0',1,'2018-06-05 03:22:06'),(1305,'voucher','Update voucher: 1',1,'2018-06-05 04:04:03'),(1306,'voucher','Insert voucher: 0',1,'2018-06-05 04:29:43'),(1307,'voucher','Update voucher: 2',1,'2018-06-05 04:30:43'),(1308,'voucher','Insert voucher: 0',1,'2018-06-05 04:40:04'),(1309,'voucher','Update voucher: 3',1,'2018-06-05 04:44:16'),(1310,'voucher','Update voucher: 3',1,'2018-06-05 04:47:15'),(1311,'voucher','Update voucher: 2',1,'2018-06-05 04:49:26'),(1312,'voucher','Insert voucher: 0',1,'2018-06-05 05:09:41'),(1313,'voucher','Update voucher: 2',1,'2018-06-05 05:10:34'),(1314,'voucher','Update voucher: 2',1,'2018-06-05 05:10:56'),(1315,'voucher','Update voucher: 2',1,'2018-06-05 05:11:20'),(1316,'voucher','Update voucher: 2',1,'2018-06-05 05:11:52'),(1317,'voucher','Update voucher: 2',1,'2018-06-05 05:11:55'),(1318,'voucher','Update voucher: 3',1,'2018-06-05 05:14:56'),(1319,'voucher','Update voucher: 4',1,'2018-06-05 05:16:06'),(1320,'voucher','Insert voucher: 0',1,'2018-06-05 05:22:54'),(1321,'voucher','Insert voucher: 0',1,'2018-06-05 05:40:29'),(1322,'voucher','Update voucher: 2',1,'2018-06-05 09:12:50'),(1323,'voucher','Update voucher: 2',1,'2018-06-05 09:12:59'),(1324,'tour','Insert tour: 0',1,'2018-06-05 09:36:08'),(1325,'tour','Update tour: 4',1,'2018-06-05 09:50:05'),(1326,'tour','Update tour: 4',1,'2018-06-05 09:50:30'),(1327,'tour','Insert tour: 0',1,'2018-06-05 09:57:49'),(1328,'tour','Update tour: 4',1,'2018-06-05 10:01:04'),(1329,'tour','Update tour: 5',1,'2018-06-05 10:03:24'),(1330,'tour','Update tour: 4',1,'2018-06-05 10:03:27'),(1331,'category','Insert category: 0',1,'2018-06-05 10:04:39'),(1332,'category','Insert category: 0',1,'2018-06-05 10:04:52'),(1333,'category','Insert category: 0',1,'2018-06-05 10:05:06'),(1334,'post','Insert post: 0',1,'2018-06-05 10:09:50'),(1335,'post','Update post: 3',1,'2018-06-05 10:10:04'),(1336,'post','Insert post: 0',1,'2018-06-05 10:16:20'),(1337,'post','Insert post: 0',1,'2018-06-05 10:26:31'),(1338,'post','Insert post: 0',1,'2018-06-05 10:32:34'),(1339,'tour','Update tour: 5',1,'2018-06-05 10:41:42'),(1340,'tour','Update tour: 4',1,'2018-06-05 10:41:59'),(1341,'tour','Update tour: 3',1,'2018-06-05 10:42:02'),(1342,'tour','Update tour: 5',1,'2018-06-05 10:43:21'),(1343,'tour','Update tour: 4',1,'2018-06-05 10:43:26'),(1344,'tour','Update tour: 3',1,'2018-06-05 10:43:28'),(1345,'post','Insert post: 0',1,'2018-06-05 10:49:21'),(1346,'post','Insert post: 0',1,'2018-06-05 10:51:40'),(1347,'post','Insert post: 0',1,'2018-06-05 10:56:00'),(1348,'post','Insert post: 0',1,'2018-06-05 10:57:15'),(1349,'post','Insert post: 0',1,'2018-06-05 10:59:51'),(1350,'tour','Insert tour: 0',1,'2018-06-05 11:08:27'),(1351,'voucher','Update voucher: 6',1,'2018-06-05 11:44:37'),(1352,'voucher','Update voucher: 5',1,'2018-06-05 11:45:07'),(1353,'voucher','Update voucher: 4',1,'2018-06-05 11:45:20'),(1354,'voucher','Update voucher: 3',1,'2018-06-05 11:45:45'),(1355,'category','Insert category: 0',1,'2018-06-06 09:07:22'),(1356,'category','Update category: 22',1,'2018-06-06 09:07:28'),(1357,'category','Update category: 21',1,'2018-06-06 09:07:34'),(1358,'category','Update category: 20',1,'2018-06-06 09:07:41'),(1359,'category','Insert category: 0',1,'2018-06-06 11:09:35'),(1360,'category','Insert category: 0',1,'2018-06-06 11:09:47'),(1361,'category','Insert category: 0',1,'2018-06-06 12:12:01'),(1362,'category','Insert category: 0',1,'2018-06-06 01:05:11'),(1363,'category','Insert category: 0',1,'2018-06-06 01:05:34'),(1364,'category','Insert category: 0',1,'2018-06-06 01:06:11'),(1365,'category','Insert category: 0',1,'2018-06-06 01:06:39'),(1366,'category','Insert category: 0',1,'2018-06-06 01:07:04'),(1367,'post','Insert post: 0',1,'2018-06-06 01:16:41'),(1368,'post','Update post: 12',1,'2018-06-06 01:16:51'),(1369,'post','Update post: 12',1,'2018-06-06 01:19:12'),(1370,'post','Insert post: 0',1,'2018-06-06 01:27:15'),(1371,'voucher','Update voucher: 2',1,'2018-06-06 01:28:10'),(1372,'voucher','Update voucher: 3',1,'2018-06-06 01:31:39'),(1373,'voucher','Update voucher: 6',1,'2018-06-06 09:39:23'),(1374,'voucher','Update voucher: 5',1,'2018-06-06 09:40:42'),(1375,'voucher','Update voucher: 4',1,'2018-06-06 09:44:47'),(1376,'voucher','Update voucher: 3',1,'2018-06-06 09:45:46'),(1377,'voucher','Update voucher: 2',1,'2018-06-06 09:46:58'),(1378,'voucher','Update voucher: 6',1,'2018-06-06 10:22:03'),(1379,'voucher','Update voucher: 5',1,'2018-06-06 10:22:09'),(1380,'voucher','Update voucher: 4',1,'2018-06-06 10:22:14'),(1381,'voucher','Update voucher: 2',1,'2018-06-06 10:22:20'),(1382,'voucher','Update voucher: 3',1,'2018-06-06 10:22:24'),(1383,'voucher','Update voucher: 4',1,'2018-06-06 10:22:29'),(1384,'voucher','Update voucher: 6',1,'2018-06-06 10:27:56'),(1385,'voucher','Update voucher: 5',1,'2018-06-06 10:28:09'),(1386,'voucher','Update voucher: 4',1,'2018-06-06 10:28:14'),(1387,'voucher','Update voucher: 3',1,'2018-06-06 10:28:19'),(1388,'voucher','Update voucher: 2',1,'2018-06-06 10:28:26'),(1389,'page','Update page: 1',1,'2018-06-06 11:06:08'),(1390,'voucher','Update voucher: 3',1,'2018-06-07 09:04:15'),(1391,'voucher','Update voucher: 4',1,'2018-06-07 09:04:38'),(1392,'voucher','Update voucher: 5',1,'2018-06-07 09:04:50'),(1393,'voucher','Update voucher: 6',1,'2018-06-07 09:04:59'),(1394,'voucher','Update voucher: 2',1,'2018-06-07 09:05:27'),(1395,'voucher','Update voucher: 6',1,'2018-06-07 09:05:53'),(1396,'voucher','Update voucher: 2',1,'2018-06-07 09:05:59'),(1397,'voucher','Update voucher: 3',1,'2018-06-07 09:06:19'),(1398,'voucher','Update voucher: 3',1,'2018-06-07 09:06:26'),(1399,'voucher','Update voucher: 4',1,'2018-06-07 09:06:41'),(1400,'voucher','Update voucher: 5',1,'2018-06-07 09:06:59'),(1401,'voucher','Update voucher: 6',1,'2018-06-07 09:07:35'),(1402,'voucher','Update voucher: 6',1,'2018-06-07 09:07:49'),(1403,'category','Insert category: 0',1,'2018-06-07 09:17:20'),(1404,'category','Insert category: 0',1,'2018-06-07 09:18:01'),(1405,'category','Update category: 2',1,'2018-06-07 09:18:34'),(1406,'category','Insert category: 0',1,'2018-06-07 09:18:48'),(1407,'category','Insert category: 0',1,'2018-06-07 09:19:21'),(1408,'category','Insert category: 0',1,'2018-06-07 09:19:52'),(1409,'category','Update category: 5',1,'2018-06-07 09:20:06'),(1410,'voucher','Insert voucher: 0',1,'2018-06-07 09:20:49'),(1411,'category','Insert category: 0',1,'2018-06-07 09:21:13'),(1412,'voucher','Update voucher: 2',1,'2018-06-07 09:30:15'),(1413,'voucher','Update voucher: 3',1,'2018-06-07 09:34:41'),(1414,'voucher','Update voucher: 4',1,'2018-06-07 09:43:55'),(1415,'category','Update category: 36',1,'2018-06-07 09:45:15'),(1416,'category','Update category: 36',1,'2018-06-07 09:45:26'),(1417,'category','Update category: 37',1,'2018-06-07 09:45:41'),(1418,'category','Update category: 33',1,'2018-06-07 09:46:01'),(1419,'category','Update category: 33',1,'2018-06-07 09:46:13'),(1420,'category','Update category: 32',1,'2018-06-07 09:46:33'),(1421,'category','Update category: 10',1,'2018-06-07 09:46:44'),(1422,'category','Update category: 35',1,'2018-06-07 09:47:14'),(1423,'category','Update category: 1',1,'2018-06-07 09:47:41'),(1424,'category','Update category: 34',1,'2018-06-07 09:47:53'),(1425,'voucher','Update voucher: 5',1,'2018-06-07 09:49:54'),(1426,'voucher','Update voucher: 6',1,'2018-06-07 09:57:21'),(1427,'voucher','Update voucher: 7',1,'2018-06-07 10:04:44'),(1428,'voucher','Insert voucher: 0',1,'2018-06-07 10:14:41'),(1429,'voucher','Insert voucher: 0',1,'2018-06-07 10:39:11'),(1430,'voucher','Insert voucher: 0',1,'2018-06-07 10:48:44'),(1431,'voucher','Insert voucher: 0',1,'2018-06-07 10:55:17'),(1432,'voucher','Update voucher: 11',1,'2018-06-07 10:55:55'),(1433,'voucher','Insert voucher: 0',1,'2018-06-07 11:09:57'),(1434,'voucher','Insert voucher: 0',1,'2018-06-07 11:16:15'),(1435,'voucher','Update voucher: 2',1,'2018-06-07 11:23:00'),(1436,'voucher','Update voucher: 4',1,'2018-06-07 11:33:35'),(1437,'voucher','Update voucher: 7',1,'2018-06-07 11:35:45'),(1438,'voucher','Update voucher: 8',1,'2018-06-07 11:37:41'),(1439,'voucher','Update voucher: 9',1,'2018-06-07 11:38:47'),(1440,'voucher','Update voucher: 10',1,'2018-06-07 11:40:02'),(1441,'voucher','Update voucher: 11',1,'2018-06-07 11:40:29'),(1442,'voucher','Update voucher: 12',1,'2018-06-07 11:41:30'),(1443,'voucher','Update voucher: 13',1,'2018-06-07 11:42:33'),(1444,'voucher','Update voucher: 13',1,'2018-06-07 01:38:12'),(1445,'voucher','Update voucher: 3',1,'2018-06-07 04:39:36'),(1446,'voucher','Update voucher: 2',1,'2018-06-07 04:41:59'),(1447,'voucher','Update voucher: 3',1,'2018-06-07 04:42:07'),(1448,'voucher','Update voucher: 2',1,'2018-06-07 04:44:28'),(1449,'voucher','Update voucher: 4',1,'2018-06-07 04:44:52'),(1450,'voucher','Update voucher: 4',1,'2018-06-07 04:47:29'),(1451,'voucher','Update voucher: 3',1,'2018-06-07 04:47:40'),(1452,'voucher','Update voucher: 4',1,'2018-06-07 04:50:15'),(1453,'voucher','Update voucher: 4',1,'2018-06-07 04:51:08'),(1454,'voucher','Update voucher: 5',1,'2018-06-07 04:51:15'),(1455,'voucher','Update voucher: 6',1,'2018-06-07 04:51:20'),(1456,'voucher','Update voucher: 7',1,'2018-06-07 04:51:28'),(1457,'voucher','Update voucher: 8',1,'2018-06-07 04:51:34'),(1458,'voucher','Update voucher: 9',1,'2018-06-07 04:51:47'),(1459,'voucher','Update voucher: 10',1,'2018-06-07 04:51:55'),(1460,'voucher','Update voucher: 11',1,'2018-06-07 04:52:10'),(1461,'voucher','Update voucher: 12',1,'2018-06-07 04:52:17'),(1462,'voucher','Update voucher: 13',1,'2018-06-07 04:52:23'),(1463,'voucher','Update voucher: 5',1,'2018-06-07 04:54:38'),(1464,'voucher','Update voucher: 4',1,'2018-06-07 04:54:49'),(1465,'voucher','Update voucher: 3',1,'2018-06-07 04:55:00'),(1466,'voucher','Update voucher: 7',1,'2018-06-07 04:59:03'),(1467,'voucher','Update voucher: 7',1,'2018-06-07 04:59:19'),(1468,'voucher','Update voucher: 8',1,'2018-06-07 05:01:10'),(1469,'voucher','Update voucher: 10',1,'2018-06-07 05:02:36'),(1470,'voucher','Update voucher: 11',1,'2018-06-07 05:04:00'),(1471,'voucher','Update voucher: 12',1,'2018-06-07 05:05:18'),(1472,'voucher','Update voucher: 13',1,'2018-06-07 05:07:02'),(1473,'tour','Update tour: 4',1,'2018-06-07 08:23:50'),(1474,'tour','Update tour: 5',1,'2018-06-07 08:24:05'),(1475,'tour','Update tour: 6',1,'2018-06-07 08:24:35'),(1476,'voucher','Update voucher: 8',1,'2018-06-07 08:25:06'),(1477,'voucher','Update voucher: 2',1,'2018-06-07 08:26:47'),(1478,'tour','Update tour: 6',1,'2018-06-07 08:30:51'),(1479,'tour','Update tour: 6',1,'2018-06-07 08:35:25'),(1480,'tour','Update tour: 6',1,'2018-06-07 08:38:50'),(1481,'tour','Update tour: 5',1,'2018-06-07 08:45:55'),(1482,'tour','Update tour: 5',1,'2018-06-07 08:46:58'),(1483,'tour','Update tour: 5',1,'2018-06-07 08:47:46'),(1484,'tour','Update tour: 4',1,'2018-06-07 08:57:10'),(1485,'tour','Insert tour: 0',1,'2018-06-07 09:07:07'),(1486,'tour','Insert tour: 0',1,'2018-06-07 09:17:32'),(1487,'category','Update category: 5',1,'2018-06-07 09:20:30'),(1488,'category','Update category: 4',1,'2018-06-07 09:20:38'),(1489,'post','Update post: 6',1,'2018-06-07 09:21:43'),(1490,'post','Update post: 4',1,'2018-06-07 09:22:33'),(1491,'post','Update post: 5',1,'2018-06-07 09:23:10'),(1492,'post','Update post: 13',1,'2018-06-07 09:23:37'),(1493,'page','Update page: 2',1,'2018-06-07 09:28:35'),(1494,'category','Insert category: 0',1,'2018-06-07 09:30:20'),(1495,'category','Insert category: 0',1,'2018-06-07 09:31:00'),(1496,'category','Insert category: 0',1,'2018-06-07 09:31:14'),(1497,'category','Insert category: 0',1,'2018-06-07 09:31:47'),(1498,'category','Insert category: 0',1,'2018-06-07 09:32:06'),(1499,'category','Insert category: 0',1,'2018-06-07 09:32:24'),(1500,'category','Insert category: 0',1,'2018-06-07 09:33:14'),(1501,'category','Update category: 12',1,'2018-06-07 09:39:05'),(1502,'category','Update category: 6',1,'2018-06-07 09:42:45'),(1503,'category','Update category: 2',1,'2018-06-07 09:43:27'),(1504,'category','Update category: 5',1,'2018-06-07 09:43:47'),(1505,'category','Update category: 1',1,'2018-06-07 09:44:02'),(1506,'category','Update category: 7',1,'2018-06-07 09:45:49'),(1507,'category','Update category: 2',1,'2018-06-07 09:47:49'),(1508,'category','Update category: 7',1,'2018-06-07 09:47:51'),(1509,'category','Insert category: 0',1,'2018-06-07 09:48:59'),(1510,'category','Update category: 45',1,'2018-06-07 09:49:06'),(1511,'category','Insert category: 0',1,'2018-06-07 09:49:27'),(1512,'category','Insert category: 0',1,'2018-06-07 09:49:44'),(1513,'category','Insert category: 0',1,'2018-06-07 09:50:03'),(1514,'category','Insert category: 0',1,'2018-06-07 09:50:47'),(1515,'category','Insert category: 0',1,'2018-06-07 09:51:12'),(1516,'category','Insert category: 0',1,'2018-06-07 09:51:28'),(1517,'category','Insert category: 0',1,'2018-06-07 09:51:48'),(1518,'category','Insert category: 0',1,'2018-06-07 09:53:14'),(1519,'category','Update category: 48',1,'2018-06-07 09:53:58'),(1520,'category','Update category: 47',1,'2018-06-07 09:54:53'),(1521,'category','Update category: 39',1,'2018-06-07 09:59:03'),(1522,'category','Update category: 39',1,'2018-06-07 09:59:42'),(1523,'category','Update category: 40',1,'2018-06-07 09:59:56'),(1524,'category','Update category: 49',1,'2018-06-07 10:01:30'),(1525,'category','Update category: 38',1,'2018-06-07 10:02:08'),(1526,'category','Update category: 1',1,'2018-06-07 10:04:44'),(1527,'category','Update category: 1',1,'2018-06-07 10:06:52'),(1528,'category','Update category: 1',1,'2018-06-07 10:11:29'),(1529,'category','Update category: 1',1,'2018-06-07 10:12:09'),(1530,'category','Update category: 1',1,'2018-06-07 10:13:00'),(1531,'category','Update category: 9',1,'2018-06-07 10:13:09'),(1532,'category','Update category: 1',1,'2018-06-07 10:13:23'),(1533,'tour','Update tour: 8',1,'2018-06-07 10:17:52'),(1534,'page','Update page: 4',1,'2018-06-07 10:21:21'),(1535,'page','Update page: 4',1,'2018-06-07 10:21:39'),(1536,'post','Update post: 13',1,'2018-06-07 10:38:27'),(1537,'category','Insert category: 0',1,'2018-06-08 12:45:24'),(1538,'category','Update category: 10',1,'2018-06-08 09:32:57'),(1539,'category','Update category: 10',1,'2018-06-08 11:33:12'),(1540,'post','Update post: 12',1,'2018-06-08 02:31:57'),(1541,'newsletter','Update newsletter: 9',1,'2018-06-09 09:14:30'),(1542,'voucher','Update voucher: 13',1,'2018-06-09 09:19:35'),(1543,'voucher','Insert voucher: 0',1,'2018-06-09 09:20:15'),(1544,'voucher','Update voucher: 14',1,'2018-06-09 09:20:21'),(1545,'tour','Insert tour: 0',1,'2018-06-09 09:31:19'),(1546,'tour','Update tour: 9',1,'2018-06-09 09:31:30'),(1547,'tour','Update tour: 9',1,'2018-06-09 09:31:35'),(1548,'tour','Update tour: 9',1,'2018-06-09 09:31:41');

/*Table structure for table `ap_logged_device` */

DROP TABLE IF EXISTS `ap_logged_device`;

CREATE TABLE `ap_logged_device` (
  `user_id` bigint(20) NOT NULL,
  `ip_address` varchar(45) NOT NULL COMMENT 'IP client',
  `created_time` datetime NOT NULL DEFAULT CURRENT_TIMESTAMP,
  `updated_time` datetime NOT NULL DEFAULT CURRENT_TIMESTAMP ON UPDATE CURRENT_TIMESTAMP,
  `device_code` char(32) NOT NULL COMMENT 'Mã md5 thiết bị + key secret',
  `user_agent` varchar(255) NOT NULL COMMENT 'Tên thiết bị',
  UNIQUE KEY `ap_logged_device_user_id_ip_address_user_agent_pk` (`user_id`,`ip_address`,`user_agent`)
) ENGINE=InnoDB DEFAULT CHARSET=utf8;

/*Data for the table `ap_logged_device` */

/*Table structure for table `ap_login_attempts` */

DROP TABLE IF EXISTS `ap_login_attempts`;

CREATE TABLE `ap_login_attempts` (
  `id` int(11) unsigned NOT NULL AUTO_INCREMENT,
  `ip_address` varchar(45) NOT NULL,
  `login` varchar(100) NOT NULL,
  `time` int(11) unsigned DEFAULT NULL,
  PRIMARY KEY (`id`)
) ENGINE=InnoDB AUTO_INCREMENT=11 DEFAULT CHARSET=utf8;

/*Data for the table `ap_login_attempts` */

/*Table structure for table `ap_menus` */

DROP TABLE IF EXISTS `ap_menus`;

CREATE TABLE `ap_menus` (
  `id` int(4) NOT NULL AUTO_INCREMENT,
  `title` varchar(75) COLLATE utf8_unicode_ci NOT NULL DEFAULT '',
  `link` varchar(255) COLLATE utf8_unicode_ci NOT NULL DEFAULT '#',
  `parent_id` int(2) NOT NULL DEFAULT '0',
  `order` tinyint(2) DEFAULT NULL,
  `class` varchar(255) COLLATE utf8_unicode_ci DEFAULT NULL,
  `location_id` smallint(4) NOT NULL,
  `language_code` varchar(8) COLLATE utf8_unicode_ci NOT NULL,
  `type` varchar(20) COLLATE utf8_unicode_ci DEFAULT NULL,
  PRIMARY KEY (`id`)
) ENGINE=InnoDB AUTO_INCREMENT=54 DEFAULT CHARSET=utf8 COLLATE=utf8_unicode_ci;

/*Data for the table `ap_menus` */

insert  into `ap_menus`(`id`,`title`,`link`,`parent_id`,`order`,`class`,`location_id`,`language_code`,`type`) values (24,'Việt Nam','viet-nam-c1',0,1,'',3,'vi',NULL),(25,'Đông Nam Á','dong-nam-a-c3',0,2,'',3,'vi',NULL),(26,'Đông Á','dong-a-c2',0,3,'',3,'vi',NULL),(27,'Nam Á / Trung Đông','nam-a-trung-dong-c4',0,4,'',3,'vi',NULL),(28,'Châu Đại Dương','chau-dai-duong-c5',0,5,'',3,'vi',NULL),(29,'Châu Âu','chau-au-c6',0,6,'',3,'vi',NULL),(30,'Bắc Mỹ','bac-my-c7',0,7,'',3,'vi',NULL),(31,'Hàn Quốc','han-quoc-c49',0,1,'',2,'vi',NULL),(32,'Nhật Bản','nhat-ban-c48',0,2,'',2,'vi',NULL),(33,'Trung Quốc','trung-quoc-c47',0,3,'',2,'vi',NULL),(34,'Hồng Kông','hong-kong-c50',0,4,'',2,'vi',NULL),(35,'Đài Loan','dai-loan-c51',0,5,'',2,'vi',NULL),(36,'Thái Lan','thai-lan-c10',0,6,'',2,'vi',NULL),(37,'Singapore','singapore-c32',0,7,'',2,'vi',NULL),(38,'Malaysia','malaysia-c42',0,8,'',2,'vi',NULL),(39,'Bali','bali-c40',0,9,'',2,'vi',NULL),(40,'Dubai','dubai-c38',0,10,'',2,'vi',NULL),(41,'Ấn Độ','an-do-c41',0,11,'',2,'vi',NULL),(48,'Tour','tour',0,1,'',1,'vi',NULL),(49,'Visa','visa',0,2,'',1,'vi',NULL),(50,'Voucher','voucher',0,3,'',1,'vi',NULL),(51,'Sharetour travel','tour',0,4,'',1,'vi',NULL),(52,'Blog','tin-tuc-c23',0,5,'',1,'vi',NULL),(53,'Cơ hội hợp tác','co-hoi-hop-tac',0,6,'',1,'vi',NULL);

/*Table structure for table `ap_newsletter` */

DROP TABLE IF EXISTS `ap_newsletter`;

CREATE TABLE `ap_newsletter` (
  `id` int(11) NOT NULL AUTO_INCREMENT,
  `email` varchar(255) NOT NULL,
  `created_time` datetime NOT NULL DEFAULT CURRENT_TIMESTAMP ON UPDATE CURRENT_TIMESTAMP,
  PRIMARY KEY (`id`),
  UNIQUE KEY `ap_newsletter_email_uindex` (`email`)
) ENGINE=InnoDB AUTO_INCREMENT=10 DEFAULT CHARSET=utf8;

/*Data for the table `ap_newsletter` */

insert  into `ap_newsletter`(`id`,`email`,`created_time`) values (1,'aa@gmail.com','2018-05-23 10:57:07'),(3,'steven.mucian@gmail.com','2018-05-23 11:39:54'),(7,'maianh.apecsoft@gmail.com','2018-05-28 11:13:46'),(8,'maianh.crmviet@gmail.com','2018-05-28 12:01:00');

/*Table structure for table `ap_order` */

DROP TABLE IF EXISTS `ap_order`;

CREATE TABLE `ap_order` (
  `id` int(11) NOT NULL AUTO_INCREMENT,
  `tour_id` int(11) DEFAULT NULL,
  `full_name` varchar(150) COLLATE utf8_unicode_ci DEFAULT NULL,
  `email` varchar(150) COLLATE utf8_unicode_ci DEFAULT NULL,
  `phone` varchar(20) COLLATE utf8_unicode_ci DEFAULT NULL,
  `city` varchar(50) COLLATE utf8_unicode_ci DEFAULT NULL,
  `district` varchar(50) COLLATE utf8_unicode_ci DEFAULT NULL,
  `address` varchar(100) COLLATE utf8_unicode_ci DEFAULT NULL,
  `content` text COLLATE utf8_unicode_ci,
  `payment` int(2) DEFAULT '0' COMMENT '0: Thanh toán tiền măt 1:MBBank 2: VIBBank 3: vitecombank',
  `updated_time` datetime DEFAULT CURRENT_TIMESTAMP ON UPDATE CURRENT_TIMESTAMP,
  `created_time` datetime DEFAULT CURRENT_TIMESTAMP,
  `is_status` int(2) DEFAULT '1' COMMENT '0: Chưa thanh toán 1: thanh toán',
  `member` varchar(50) COLLATE utf8_unicode_ci DEFAULT NULL,
  PRIMARY KEY (`id`)
) ENGINE=InnoDB AUTO_INCREMENT=14 DEFAULT CHARSET=utf8 COLLATE=utf8_unicode_ci;

/*Data for the table `ap_order` */

insert  into `ap_order`(`id`,`tour_id`,`full_name`,`email`,`phone`,`city`,`district`,`address`,`content`,`payment`,`updated_time`,`created_time`,`is_status`,`member`) values (1,3,'Chu Quang Khanh','askeyh3t@gmail.com','01657344032','01','12','Ba Vì - Hà Nội','test',1,'2018-06-07 01:47:26','2018-06-07 01:47:26',1,NULL),(2,3,'Chu Quang Khanh','askeyh3t@gmail.com','1233456789','01','250','Ba vì - Hà Nội','',0,'2018-06-07 10:04:56','2018-06-07 10:04:56',1,'{\"nguoilon\":\"\",\"treem\":\"\",\"trenho\":\"\",\"embe\":\"\"}'),(3,7,'dzfdzfzdf','sdfgsdfdfgsdfg@gmail.com','09474384737','89','','','',0,'2018-06-07 22:48:27','2018-06-07 22:48:27',1,'{\"nguoilon\":\"\",\"treem\":\"\",\"trenho\":\"\",\"embe\":\"\"}'),(4,4,'Nguyễn Văn Nhật','nhatban.95@gmail.com','944867799','01','250','số 8 ngõ 31 Phương Liệt','',3,'2018-06-08 01:18:21','2018-06-08 01:18:21',1,'{\"nguoilon\":\"\",\"treem\":\"\",\"trenho\":\"\",\"embe\":\"\"}'),(5,4,'Nguyễn Văn Nhật','nhatban.95@gmail.com','944867799','01','250','số 8 ngõ 31 Phương Liệt','',0,'2018-06-08 01:18:48','2018-06-08 01:18:48',1,'{\"nguoilon\":\"\",\"treem\":\"\",\"trenho\":\"\",\"embe\":\"\"}'),(6,5,'vũ mạnh thắng','jhsbdfjshbdf@gmail.com','0888883788','01','008','time city ','',3,'2018-06-08 01:18:55','2018-06-08 01:18:55',1,'{\"nguoilon\":\"3\",\"treem\":\"\",\"trenho\":\"\",\"embe\":\"\"}'),(7,5,'Đỗ Thị Duyên','duyendo0607@gmail.com','096364378','01','019','ngõ 7, số 21, mễ trì hạ, nam từ liên , hà nội','không ghi chú',0,'2018-06-08 10:52:32','2018-06-08 10:52:32',1,'{\"nguoilon\":\"\",\"treem\":\"\",\"trenho\":\"\",\"embe\":\"\"}'),(8,5,'nguyễn thị bình','duyen.dt@isofh.com','0963564378','01','268','hn','',0,'2018-06-08 11:42:21','2018-06-08 11:42:21',1,'{\"nguoilon\":\"\",\"treem\":\"\",\"trenho\":\"\",\"embe\":\"\"}'),(9,5,'bình','duyen.dt@isofh.com','0963564378','89','250','hn','',0,'2018-06-08 11:44:40','2018-06-08 11:44:40',1,'{\"nguoilon\":\"\",\"treem\":\"\",\"trenho\":\"\",\"embe\":\"\"}'),(10,5,'nam','duyen.dt@isofh.com','09384493849','89','250','','',0,'2018-06-08 11:46:14','2018-06-08 11:46:14',1,'{\"nguoilon\":\"\",\"treem\":\"\",\"trenho\":\"\",\"embe\":\"\"}'),(11,5,'Mai Lan Anh','maianh.apecsoft@gmail.com','095623658','01','250','Hà Nội','Test',0,'2018-06-08 11:49:37','2018-06-08 11:49:37',1,'{\"nguoilon\":\"1\",\"treem\":\"\",\"trenho\":\"\",\"embe\":\"\"}'),(12,8,'Mai Lan Anh','maianh.apecsoft@gmail.com','095623658','01','268','Hà Nội','Test',0,'2018-06-08 11:50:40','2018-06-08 11:50:40',1,'{\"nguoilon\":\"1\",\"treem\":\"\",\"trenho\":\"\",\"embe\":\"\"}'),(13,5,'NGUYEN HUU TIEN','tienhuumkt@gmail.com','966271188','01','009','Đại Mỗ, ngõ 178','',2,'2018-06-08 14:02:49','2018-06-08 14:02:49',1,'{\"nguoilon\":\"\",\"treem\":\"\",\"trenho\":\"\",\"embe\":\"\"}');

/*Table structure for table `ap_page` */

DROP TABLE IF EXISTS `ap_page`;

CREATE TABLE `ap_page` (
  `id` int(11) NOT NULL AUTO_INCREMENT,
  `category_id` int(11) NOT NULL,
  `style` varchar(20) DEFAULT NULL,
  `thumbnail` varchar(255) NOT NULL,
  `banner` varchar(255) DEFAULT NULL,
  `is_status` tinyint(1) unsigned NOT NULL DEFAULT '2' COMMENT 'trang thai',
  `file` varchar(255) DEFAULT NULL,
  `time_thanhlap` datetime NOT NULL,
  `displayed_time` datetime NOT NULL COMMENT 'ngay publish',
  `created_time` datetime NOT NULL DEFAULT CURRENT_TIMESTAMP COMMENT 'ngay tao',
  `updated_time` datetime NOT NULL DEFAULT CURRENT_TIMESTAMP ON UPDATE CURRENT_TIMESTAMP COMMENT 'ngay sua',
  PRIMARY KEY (`id`)
) ENGINE=InnoDB AUTO_INCREMENT=6 DEFAULT CHARSET=utf8;

/*Data for the table `ap_page` */

insert  into `ap_page`(`id`,`category_id`,`style`,`thumbnail`,`banner`,`is_status`,`file`,`time_thanhlap`,`displayed_time`,`created_time`,`updated_time`) values (1,0,'tour','','',1,NULL,'0000-00-00 00:00:00','0000-00-00 00:00:00','2018-06-05 14:39:18','2018-06-05 14:39:18'),(2,0,'','','banner-home.jpg',1,NULL,'0000-00-00 00:00:00','0000-00-00 00:00:00','2018-06-05 14:41:32','2018-06-07 21:28:35'),(3,0,'voucher','','',1,NULL,'0000-00-00 00:00:00','0000-00-00 00:00:00','2018-06-05 14:41:56','2018-06-05 14:41:56'),(4,0,'','dalat.jpg','bg-footer.jpg',1,NULL,'0000-00-00 00:00:00','0000-00-00 00:00:00','2018-06-05 14:43:07','2018-06-07 22:21:39'),(5,0,'cohoihoptac','','',1,NULL,'0000-00-00 00:00:00','0000-00-00 00:00:00','2018-06-05 14:43:39','2018-06-05 14:44:16');

/*Table structure for table `ap_page_translations` */

DROP TABLE IF EXISTS `ap_page_translations`;

CREATE TABLE `ap_page_translations` (
  `id` int(11) DEFAULT NULL,
  `language_code` varchar(5) DEFAULT NULL,
  `slug` varchar(255) DEFAULT NULL,
  `title` varchar(255) DEFAULT NULL,
  `description` mediumtext,
  `content` longtext,
  `file_timeline` varchar(255) DEFAULT NULL,
  `content_more` longtext,
  `meta_title` varchar(100) DEFAULT NULL,
  `meta_description` varchar(170) DEFAULT NULL,
  `meta_keyword` varchar(255) DEFAULT NULL,
  UNIQUE KEY `ap_page_translations_id_language_code_pk` (`id`,`language_code`)
) ENGINE=InnoDB DEFAULT CHARSET=utf8;

/*Data for the table `ap_page_translations` */

insert  into `ap_page_translations`(`id`,`language_code`,`slug`,`title`,`description`,`content`,`file_timeline`,`content_more`,`meta_title`,`meta_description`,`meta_keyword`) values (1,'vi','tour','Tour','Tour','<p><span>Sharetourvn l&agrave; c&ocirc;ng ty lữ h&agrave;nh số 1 Việt Nam, chuy&ecirc;n tổ chức c&aacute;c tour du lịch nước ngo&agrave;i, với gần 1.000 tuyến khắp 5 ch&acirc;u. Bạn sẽ c&oacute; dịp kh&aacute;m ph&aacute; những miền đất mới tại c&aacute;c nước Đ&ocirc;ng Nam &Aacute;, Ch&acirc;u &Aacute;, ch&acirc;u &Acirc;u, &Uacute;c, Mỹ, hay kh&aacute;m ph&aacute; những v&ugrave;ng đất Ch&acirc;u Phi xa x&ocirc;i... Với lịch tr&igrave;nh d&agrave;y, khởi h&agrave;nh đ&uacute;ng thời gian cam kết, Sharetourvn l&agrave; c&ocirc;ng ty lữ h&agrave;nh uy t&iacute;n nhất hiện nay tại Việt Nam, lu&ocirc;n sẵn s&agrave;ng phục vụ du kh&aacute;ch mọi l&uacute;c, mọi nơi, đảm bảo t&iacute;nh chuy&ecirc;n nghiệp v&agrave; chất lượng dịch vụ tốt nhất thị trường.</span></p>',NULL,NULL,'Tour','Tour','Tour'),(2,'vi','visa','Visa','Visa','',NULL,NULL,'Visa','Visa','Visa'),(3,'vi','voucher','Voucher','Voucher','',NULL,NULL,'Voucher','Voucher','Voucher'),(4,'vi','sharetour-travel','Sharetour travel','Sharetour travel','',NULL,NULL,'Sharetour travel','Sharetour travel','Sharetour travel'),(5,'vi','co-hoi-hop-tac','Cơ hội hợp tác','Cơ hội hợp tác','',NULL,NULL,'Cơ hội hợp tác','Cơ hội hợp tác','');

/*Table structure for table `ap_partner` */

DROP TABLE IF EXISTS `ap_partner`;

CREATE TABLE `ap_partner` (
  `id` int(20) NOT NULL AUTO_INCREMENT,
  `type` tinyint(4) NOT NULL DEFAULT '0' COMMENT '0: Khach hang; 1: Nha cung capap',
  `title` varchar(255) COLLATE utf8_unicode_ci NOT NULL,
  `email` varchar(255) COLLATE utf8_unicode_ci NOT NULL,
  `address` varchar(255) COLLATE utf8_unicode_ci NOT NULL,
  `area_id` int(5) DEFAULT NULL COMMENT 'Vùng xuất khẩu',
  `city_id` int(5) DEFAULT NULL,
  `district_id` int(5) DEFAULT NULL,
  `latitude` varchar(20) COLLATE utf8_unicode_ci DEFAULT NULL,
  `longitude` varchar(20) COLLATE utf8_unicode_ci DEFAULT NULL,
  `open_time` varchar(20) COLLATE utf8_unicode_ci DEFAULT NULL,
  `phone` varchar(255) COLLATE utf8_unicode_ci DEFAULT NULL,
  `website` varchar(255) COLLATE utf8_unicode_ci DEFAULT NULL,
  `thumbnail` varchar(255) COLLATE utf8_unicode_ci NOT NULL,
  `is_status` tinyint(2) DEFAULT '1',
  `created_time` datetime NOT NULL DEFAULT CURRENT_TIMESTAMP,
  `updated_time` datetime NOT NULL DEFAULT CURRENT_TIMESTAMP ON UPDATE CURRENT_TIMESTAMP,
  PRIMARY KEY (`id`)
) ENGINE=InnoDB DEFAULT CHARSET=utf8 COLLATE=utf8_unicode_ci;

/*Data for the table `ap_partner` */

/*Table structure for table `ap_post` */

DROP TABLE IF EXISTS `ap_post`;

CREATE TABLE `ap_post` (
  `id` int(11) NOT NULL AUTO_INCREMENT,
  `id_crawler` int(11) DEFAULT NULL,
  `category_product` varchar(255) DEFAULT 'NULL' COMMENT 'List ID cate product',
  `thumbnail` varchar(255) NOT NULL,
  `album` text,
  `url_video` varchar(255) DEFAULT NULL,
  `is_status` tinyint(2) unsigned NOT NULL DEFAULT '2' COMMENT 'trang thai',
  `is_featured` tinyint(1) NOT NULL DEFAULT '0',
  `displayed_time` datetime DEFAULT NULL COMMENT 'ngay publish',
  `program` tinyint(1) NOT NULL DEFAULT '0',
  `number` varchar(5) DEFAULT '1',
  `viewed` bigint(20) NOT NULL DEFAULT '0',
  `type` varchar(100) DEFAULT NULL COMMENT 'Partime/fulltime',
  `type_career` int(5) DEFAULT NULL COMMENT 'Loại hình làm việc',
  `level` varchar(50) DEFAULT NULL COMMENT 'Trình độ',
  `address` varchar(255) DEFAULT NULL COMMENT 'Địa điểm làm việc',
  `address_career` varchar(255) DEFAULT NULL COMMENT 'Chi nhánh',
  `expiration_time` date NOT NULL,
  `created_time` datetime NOT NULL DEFAULT CURRENT_TIMESTAMP COMMENT 'ngay tao',
  `updated_time` datetime NOT NULL DEFAULT CURRENT_TIMESTAMP ON UPDATE CURRENT_TIMESTAMP COMMENT 'ngay sua',
  PRIMARY KEY (`id`)
) ENGINE=InnoDB AUTO_INCREMENT=14 DEFAULT CHARSET=utf8;

/*Data for the table `ap_post` */

insert  into `ap_post`(`id`,`id_crawler`,`category_product`,`thumbnail`,`album`,`url_video`,`is_status`,`is_featured`,`displayed_time`,`program`,`number`,`viewed`,`type`,`type_career`,`level`,`address`,`address_career`,`expiration_time`,`created_time`,`updated_time`) values (1,NULL,'NULL','',NULL,'',1,0,'0000-00-00 00:00:00',0,'1',0,NULL,NULL,NULL,NULL,NULL,'0000-00-00','2018-06-05 10:08:42','2018-06-05 10:08:42'),(2,NULL,'NULL','',NULL,'',1,0,'0000-00-00 00:00:00',0,'1',0,NULL,NULL,NULL,NULL,NULL,'0000-00-00','2018-06-05 10:17:16','2018-06-05 10:17:16'),(3,NULL,'NULL','tin-tuc/khach-san-dep-o-hoi-an-field-and-villa-12.jpg',NULL,NULL,1,0,'0000-00-00 00:00:00',0,'1',0,NULL,NULL,NULL,NULL,NULL,'0000-00-00','2018-06-05 22:09:50','2018-06-05 22:09:50'),(4,NULL,'NULL','tin-tuc/ninh-binh2.jpg',NULL,NULL,1,1,'0000-00-00 00:00:00',0,'1',0,NULL,NULL,NULL,NULL,NULL,'0000-00-00','2018-06-05 22:16:20','2018-06-07 21:22:32'),(5,NULL,'NULL','tin-tuc/indonesia1.jpg',NULL,NULL,1,1,'0000-00-00 00:00:00',0,'1',0,NULL,NULL,NULL,NULL,NULL,'0000-00-00','2018-06-05 22:26:31','2018-06-07 21:23:10'),(6,NULL,'NULL','tin-tuc/sapa1.jpg',NULL,NULL,1,1,'0000-00-00 00:00:00',0,'1',0,NULL,NULL,NULL,NULL,NULL,'0000-00-00','2018-06-05 22:32:34','2018-06-07 21:21:43'),(7,NULL,'NULL','tin-tuc/3-meo-di-du-lich-cung-thu-cung-ivivu-2.jpg',NULL,NULL,1,0,'0000-00-00 00:00:00',0,'1',0,NULL,NULL,NULL,NULL,NULL,'0000-00-00','2018-06-05 22:49:21','2018-06-05 22:49:21'),(8,NULL,'NULL','tin-tuc/meo/7-luu-y-co-ban-de-tranh-duoi-nuoc-mua-du-lich-bien-ivivu-2.jpg',NULL,NULL,1,0,'0000-00-00 00:00:00',0,'1',0,NULL,NULL,NULL,NULL,NULL,'0000-00-00','2018-06-05 22:51:40','2018-06-06 13:17:02'),(9,NULL,'NULL','tin-tuc/vung-tau/vung-tau.jpg',NULL,NULL,1,0,'0000-00-00 00:00:00',0,'1',0,NULL,NULL,NULL,NULL,NULL,'0000-00-00','2018-06-05 22:56:00','2018-06-05 22:56:00'),(10,NULL,'NULL','tin-tuc/can-tho.jpg',NULL,NULL,1,0,'0000-00-00 00:00:00',0,'1',0,NULL,NULL,NULL,NULL,NULL,'0000-00-00','2018-06-05 22:57:15','2018-06-05 22:57:15'),(11,NULL,'NULL','tin-tuc/banh-duc-nom3.jpg',NULL,NULL,1,1,'0000-00-00 00:00:00',0,'1',0,NULL,NULL,NULL,NULL,NULL,'0000-00-00','2018-06-05 22:59:51','2018-06-06 13:16:58'),(12,NULL,'NULL','tin-tuc/da-lat/homestay-da-lat-dep-9.jpg',NULL,NULL,1,0,'0000-00-00 00:00:00',0,'1',0,NULL,NULL,NULL,NULL,NULL,'0000-00-00','2018-06-06 13:16:41','2018-06-06 13:16:41'),(13,NULL,'NULL','tin-tuc/sapa2.jpg',NULL,NULL,1,0,'0000-00-00 00:00:00',0,'1',0,NULL,NULL,NULL,NULL,NULL,'0000-00-00','2018-06-06 13:27:15','2018-06-07 21:23:37');

/*Table structure for table `ap_post_category` */

DROP TABLE IF EXISTS `ap_post_category`;

CREATE TABLE `ap_post_category` (
  `post_id` int(11) NOT NULL,
  `category_id` int(11) NOT NULL,
  PRIMARY KEY (`post_id`,`category_id`)
) ENGINE=InnoDB DEFAULT CHARSET=utf8 COLLATE=utf8_unicode_ci;

/*Data for the table `ap_post_category` */

insert  into `ap_post_category`(`post_id`,`category_id`) values (3,20),(4,20),(5,20),(6,21),(7,21),(8,21),(9,22),(10,22),(11,22),(12,21),(12,24),(12,30),(13,21),(13,24);

/*Table structure for table `ap_post_translations` */

DROP TABLE IF EXISTS `ap_post_translations`;

CREATE TABLE `ap_post_translations` (
  `id` int(11) DEFAULT NULL,
  `language_code` varchar(5) DEFAULT NULL,
  `slug` varchar(255) DEFAULT NULL,
  `title` varchar(255) DEFAULT NULL,
  `description` mediumtext,
  `content` longtext,
  `content_more` text,
  `meta_title` varchar(100) DEFAULT NULL,
  `meta_description` varchar(170) DEFAULT NULL,
  `meta_keyword` varchar(255) DEFAULT NULL,
  UNIQUE KEY `ap_post_translations_id_language_code_pk` (`id`,`language_code`)
) ENGINE=InnoDB DEFAULT CHARSET=utf8;

/*Data for the table `ap_post_translations` */

insert  into `ap_post_translations`(`id`,`language_code`,`slug`,`title`,`description`,`content`,`content_more`,`meta_title`,`meta_description`,`meta_keyword`) values (1,'vi','ghe-bar-brixton-mau-nau','Ghế Bar Brixton, Màu nâu','Ghế Bar Brixton, Màu nâu','<p>Ghế Bar Brixton, M&agrave;u n&acirc;u</p>',NULL,'Ghế Bar Brixton, Màu nâu','Ghế Bar Brixton, Màu nâu','Ghế Bar Brixton, Màu nâu'),(2,'vi','tai-lieu-noi-bo','Tài liệu nội bộ','Tài liệu nội bộ','<p>T&agrave;i liệu nội bộ</p>',NULL,'Tài liệu nội bộ','Tài liệu nội bộ','Tài liệu nội bộ'),(3,'vi','diem-danh-nhung-khu-nghi-duong-dep-o-hoi-an-ma-ai-cung-muon-trai-nghiem-mot-lan','Điểm danh những khu nghỉ dưỡng đẹp ở Hội An mà ai cũng muốn trải nghiệm một lần','Điểm danh những khu nghỉ dưỡng đẹp ở Hội An mà ai cũng muốn trải nghiệm một lần','<div class=\"post-content-share post-content-share-bar jssocials\">\r\n<div class=\"jssocials-shares\">\r\n<div class=\"jssocials-share jssocials-share-messenger\"><strong><em>Phố cổ Hội An từ l&acirc;u đ&atilde; trở th&agrave;nh biểu tượng văn h&oacute;a du lịch Việt v&agrave; cũng kh&ocirc;ng bất ngờ khi du kh&aacute;ch trong nước v&agrave; quốc tế lại m&ecirc; mẩn c&aacute;i vẻ đẹp cổ k&iacute;nh m&agrave; gần gũi ấy. C&oacute; nhiều c&aacute;ch để cảm nhận c&aacute;i chất ri&ecirc;ng của Hội An, từ việc thăm th&uacute; những địa điểm du lịch, những l&agrave;ng nghề truyền thống, dạo bộ b&ecirc;n s&ocirc;ng Thu Bồn hay nghỉ ngơi trong một kh&aacute;ch sạn đẹp ở Hội An. Những khu nghỉ dưỡng tuyệt vời dưới đ&acirc;y chắc chắn sẽ gi&uacute;p bạn tận hưởng một Hội An thật đặc biệt.&nbsp;</em></strong></div>\r\n<div class=\"jssocials-share jssocials-share-messenger\">\r\n<p><span>Nằm c&aacute;ch trung t&acirc;m Hội An chỉ 1,9 km, Hoi An Field Villa &amp; Spa l&agrave; điểm đến l&yacute; tưởng của những ai y&ecirc;u th&iacute;ch sự thanh b&igrave;nh v&agrave; kh&ocirc;ng gian nghỉ dưỡng h&agrave;i h&ograve;a với thi&ecirc;n nhi&ecirc;n.</span></p>\r\n<figure id=\"attachment_29620\" class=\"wp-caption aligncenter\"><img class=\"size-full wp-image-29620\" src=\"https://blog.traveloka.com/source/uploads/sites/9/2018/05/khach-san-dep-o-hoi-an-field-and-villa-12.jpg\" alt=\"Hoi An Field Villa - Kh&aacute;ch sạn đẹp ở Hội An\" width=\"1024\" height=\"684\" srcset=\"https://blog.traveloka.com/source/uploads/sites/9/2018/05/khach-san-dep-o-hoi-an-field-and-villa-12.jpg 1024w, https://blog.traveloka.com/source/uploads/sites/9/2018/05/khach-san-dep-o-hoi-an-field-and-villa-12-300x200.jpg 300w, https://blog.traveloka.com/source/uploads/sites/9/2018/05/khach-san-dep-o-hoi-an-field-and-villa-12-768x513.jpg 768w, https://blog.traveloka.com/source/uploads/sites/9/2018/05/khach-san-dep-o-hoi-an-field-and-villa-12-640x428.jpg 640w, https://blog.traveloka.com/source/uploads/sites/9/2018/05/khach-san-dep-o-hoi-an-field-and-villa-12-585x391.jpg 585w\" sizes=\"(max-width: 1024px) 100vw, 1024px\">\r\n<figcaption class=\"wp-caption-text\">Hoi An Field Villa &amp; Spa mang m&agrave;u v&agrave;ng đặc trưng của phố Hội.</figcaption>\r\n</figure>\r\n<p><span>Vẫn đ&aacute;p ứng đầy đủ ti&ecirc;u chuẩn của một khu nghỉ dưỡng hạng sang, mỗi ph&ograve;ng nghỉ l&agrave; sự kết hợp giữa phong c&aacute;ch &Acirc;u v&agrave; &Aacute;. Nếu như c&aacute;ch thiết kế v&agrave; đồ nội thất được l&agrave;m theo quy chuẩn ch&acirc;u &Acirc;u, nổi bật l&agrave; ph&ograve;ng tắm với hai bồn (đứng v&agrave; nằm), c&oacute; kết hợp x&ocirc;ng hơi th&igrave; c&aacute;ch trang tr&iacute; lại mang đậm văn h&oacute;a &Aacute; ch&acirc;u. Sự tinh tế đến từ gam m&agrave;u trắng hoặc v&agrave;ng cổ điển c&ugrave;ng những họa tiết trang tr&iacute; đậm chất xứ Hội, mang đến một cảm gi&aacute;c ho&agrave;i cổ, gần gũi. Những bộ b&agrave;n ghế gỗ, chiếc đ&egrave;n ngủ v&agrave;ng, một bức tranh đa sắc nơi đầu giường hay chiếc lan can gỗ, người thiết kế đ&atilde; tinh tế gửi gắm cả niềm thương v&agrave;o từng g&oacute;c ph&ograve;ng.</span></p>\r\n<figure id=\"attachment_29614\" class=\"wp-caption aligncenter\"><img class=\"size-full wp-image-29614\" src=\"https://blog.traveloka.com/source/uploads/sites/9/2018/05/khach-san-dep-o-hoi-an-field-and-villa-2.jpg\" alt=\"Hoi An Field Villa - Kh&aacute;ch sạn đẹp ở Hội An\" width=\"1024\" height=\"684\" srcset=\"https://blog.traveloka.com/source/uploads/sites/9/2018/05/khach-san-dep-o-hoi-an-field-and-villa-2.jpg 1024w, https://blog.traveloka.com/source/uploads/sites/9/2018/05/khach-san-dep-o-hoi-an-field-and-villa-2-300x200.jpg 300w, https://blog.traveloka.com/source/uploads/sites/9/2018/05/khach-san-dep-o-hoi-an-field-and-villa-2-768x513.jpg 768w, https://blog.traveloka.com/source/uploads/sites/9/2018/05/khach-san-dep-o-hoi-an-field-and-villa-2-640x428.jpg 640w, https://blog.traveloka.com/source/uploads/sites/9/2018/05/khach-san-dep-o-hoi-an-field-and-villa-2-585x391.jpg 585w\" sizes=\"(max-width: 1024px) 100vw, 1024px\">\r\n<figcaption class=\"wp-caption-text\">Mỗi ph&ograve;ng nghỉ l&agrave; sự kết hợp giữa phong c&aacute;ch &Acirc;u v&agrave; &Aacute;.</figcaption>\r\n</figure>\r\n<figure id=\"attachment_29615\" class=\"wp-caption aligncenter\"><img class=\"size-full wp-image-29615\" src=\"https://blog.traveloka.com/source/uploads/sites/9/2018/05/khach-san-dep-o-hoi-an-field-and-villa-3.jpg\" alt=\"Hoi An Field Villa - Kh&aacute;ch sạn đẹp ở Hội An \" width=\"1024\" height=\"684\" srcset=\"https://blog.traveloka.com/source/uploads/sites/9/2018/05/khach-san-dep-o-hoi-an-field-and-villa-3.jpg 1024w, https://blog.traveloka.com/source/uploads/sites/9/2018/05/khach-san-dep-o-hoi-an-field-and-villa-3-300x200.jpg 300w, https://blog.traveloka.com/source/uploads/sites/9/2018/05/khach-san-dep-o-hoi-an-field-and-villa-3-768x513.jpg 768w, https://blog.traveloka.com/source/uploads/sites/9/2018/05/khach-san-dep-o-hoi-an-field-and-villa-3-640x428.jpg 640w, https://blog.traveloka.com/source/uploads/sites/9/2018/05/khach-san-dep-o-hoi-an-field-and-villa-3-585x391.jpg 585w\" sizes=\"(max-width: 1024px) 100vw, 1024px\">\r\n<figcaption class=\"wp-caption-text\">Niềm thương được gửi trọn v&agrave;o từng g&oacute;c ph&ograve;ng.</figcaption>\r\n</figure>\r\n<figure id=\"attachment_29628\" class=\"wp-caption aligncenter\"><img class=\"size-full wp-image-29628\" src=\"https://blog.traveloka.com/source/uploads/sites/9/2018/05/khach-san-dep-o-hoi-an-field-and-villa-7.jpg\" alt=\"Hoi An Field Villa - Kh&aacute;ch sạn đẹp ở Hội An \" width=\"1024\" height=\"684\" srcset=\"https://blog.traveloka.com/source/uploads/sites/9/2018/05/khach-san-dep-o-hoi-an-field-and-villa-7.jpg 1024w, https://blog.traveloka.com/source/uploads/sites/9/2018/05/khach-san-dep-o-hoi-an-field-and-villa-7-300x200.jpg 300w, https://blog.traveloka.com/source/uploads/sites/9/2018/05/khach-san-dep-o-hoi-an-field-and-villa-7-768x513.jpg 768w, https://blog.traveloka.com/source/uploads/sites/9/2018/05/khach-san-dep-o-hoi-an-field-and-villa-7-640x428.jpg 640w, https://blog.traveloka.com/source/uploads/sites/9/2018/05/khach-san-dep-o-hoi-an-field-and-villa-7-585x391.jpg 585w\" sizes=\"(max-width: 1024px) 100vw, 1024px\">\r\n<figcaption class=\"wp-caption-text\">Những họa tiết trang tr&iacute; đậm chất xứ Hội, mang đến một cảm gi&aacute;c ho&agrave;i cổ, gần gũi.</figcaption>\r\n</figure>\r\n<figure id=\"attachment_29616\" class=\"wp-caption aligncenter\"><img class=\"size-full wp-image-29616\" src=\"https://blog.traveloka.com/source/uploads/sites/9/2018/05/khach-san-dep-o-hoi-an-field-and-villa-4.jpg\" alt=\"Hoi An Field Villa - Kh&aacute;ch sạn đẹp ở Hội An \" width=\"1024\" height=\"683\" srcset=\"https://blog.traveloka.com/source/uploads/sites/9/2018/05/khach-san-dep-o-hoi-an-field-and-villa-4.jpg 1024w, https://blog.traveloka.com/source/uploads/sites/9/2018/05/khach-san-dep-o-hoi-an-field-and-villa-4-300x200.jpg 300w, https://blog.traveloka.com/source/uploads/sites/9/2018/05/khach-san-dep-o-hoi-an-field-and-villa-4-768x512.jpg 768w, https://blog.traveloka.com/source/uploads/sites/9/2018/05/khach-san-dep-o-hoi-an-field-and-villa-4-640x427.jpg 640w, https://blog.traveloka.com/source/uploads/sites/9/2018/05/khach-san-dep-o-hoi-an-field-and-villa-4-585x390.jpg 585w\" sizes=\"(max-width: 1024px) 100vw, 1024px\">\r\n<figcaption class=\"wp-caption-text\">Ph&ograve;ng tắm cũng hiện đại, tiện nghi v&agrave; l&atilde;ng mạn kh&ocirc;ng k&eacute;m.</figcaption>\r\n</figure>\r\n<p><span>Đặc biệt hơn, mỗi s&aacute;ng thức dậy, h&igrave;nh ảnh đầu ti&ecirc;n xuất hiện trước mắt bạn l&agrave; c&aacute;nh đồng xanh mướt mắt c&ugrave;ng những c&aacute;nh c&ograve; trắng mải m&ecirc; bay lượn, một khung cảnh thanh b&igrave;nh, y&ecirc;n ả kh&oacute; bắt gặp nơi cuộc sống x&ocirc; bồ, đ&ocirc;ng đ&uacute;c. Đến tối, hương thơm đồng nội thoang thoảng sẽ đưa bạn ch&igrave;m s&acirc;u v&agrave;o giấc ngủ.</span></p>\r\n<figure id=\"attachment_29629\" class=\"wp-caption aligncenter\"><img class=\"size-full wp-image-29629\" src=\"https://blog.traveloka.com/source/uploads/sites/9/2018/05/khach-san-dep-o-hoi-an-field-and-villa-8.jpg\" alt=\"Hoi An Field Villa - Kh&aacute;ch sạn đẹp ở Hội An \" width=\"1024\" height=\"683\" srcset=\"https://blog.traveloka.com/source/uploads/sites/9/2018/05/khach-san-dep-o-hoi-an-field-and-villa-8.jpg 1024w, https://blog.traveloka.com/source/uploads/sites/9/2018/05/khach-san-dep-o-hoi-an-field-and-villa-8-300x200.jpg 300w, https://blog.traveloka.com/source/uploads/sites/9/2018/05/khach-san-dep-o-hoi-an-field-and-villa-8-768x512.jpg 768w, https://blog.traveloka.com/source/uploads/sites/9/2018/05/khach-san-dep-o-hoi-an-field-and-villa-8-640x427.jpg 640w, https://blog.traveloka.com/source/uploads/sites/9/2018/05/khach-san-dep-o-hoi-an-field-and-villa-8-585x390.jpg 585w\" sizes=\"(max-width: 1024px) 100vw, 1024px\">\r\n<figcaption class=\"wp-caption-text\">Mỗi ph&ograve;ng c&ograve;n c&oacute; cả view ngắm cảnh miễn ch&ecirc;.</figcaption>\r\n</figure>\r\n<figure id=\"attachment_29617\" class=\"wp-caption aligncenter\"><img class=\"wp-image-29617 size-full\" src=\"https://blog.traveloka.com/source/uploads/sites/9/2018/05/khach-san-dep-o-hoi-an-field-and-villa-5.jpg\" alt=\"Hoi An Field Villa - Kh&aacute;ch sạn đẹp ở Hội An \" width=\"1024\" height=\"684\">\r\n<figcaption class=\"wp-caption-text\">Cả một khoảng kh&ocirc;ng xanh m&aacute;t ph&iacute;a sau lưng.</figcaption>\r\n</figure>\r\n<p><span>Một khu nghỉ dưỡng cao cấp sẽ kh&ocirc;ng thể n&agrave;o thiếu hồ bơi c&ugrave;ng c&aacute;c dịch vụ cao cấp k&egrave;m theo. Bạn đ&atilde; từng ng&acirc;m m&igrave;nh, bơi lội thỏa th&iacute;ch ở những hồ bơi ngo&agrave;i trời hướng biển nhưng chỉ c&oacute; ở đ&acirc;y bạn mới được thả m&igrave;nh trong l&agrave;n nước xanh m&aacute;t, được bao bọc xung quanh l&agrave; vườn c&acirc;y xanh mướt mắt hay vườn hoa rực rỡ sắc m&agrave;u. Ph&oacute;ng mắt ra xa kh&ocirc;ng phải b&atilde;i biển bao la m&agrave; l&agrave; c&aacute;nh đồng m&ecirc;nh m&ocirc;ng, t&iacute;t tắp, một m&agrave;u xanh khiến người ta cảm thấy thanh thản.</span></p>\r\n<figure id=\"attachment_29630\" class=\"wp-caption aligncenter\"><img class=\"size-full wp-image-29630\" src=\"https://blog.traveloka.com/source/uploads/sites/9/2018/05/khach-san-dep-o-hoi-an-field-and-villa-9.jpg\" alt=\"Hoi An Field Villa - Kh&aacute;ch sạn đẹp ở Hội An \" width=\"1024\" height=\"684\" srcset=\"https://blog.traveloka.com/source/uploads/sites/9/2018/05/khach-san-dep-o-hoi-an-field-and-villa-9.jpg 1024w, https://blog.traveloka.com/source/uploads/sites/9/2018/05/khach-san-dep-o-hoi-an-field-and-villa-9-300x200.jpg 300w, https://blog.traveloka.com/source/uploads/sites/9/2018/05/khach-san-dep-o-hoi-an-field-and-villa-9-768x513.jpg 768w, https://blog.traveloka.com/source/uploads/sites/9/2018/05/khach-san-dep-o-hoi-an-field-and-villa-9-640x428.jpg 640w, https://blog.traveloka.com/source/uploads/sites/9/2018/05/khach-san-dep-o-hoi-an-field-and-villa-9-585x391.jpg 585w\" sizes=\"(max-width: 1024px) 100vw, 1024px\">\r\n<figcaption class=\"wp-caption-text\">Hồ bơi lọt thỏm giữ một vườn c&acirc;y xanh m&aacute;t c&ugrave;ng sắc hoa rực rỡ.</figcaption>\r\n</figure>\r\n<figure id=\"attachment_29618\" class=\"wp-caption aligncenter\"><img class=\"size-full wp-image-29618\" src=\"https://blog.traveloka.com/source/uploads/sites/9/2018/05/khach-san-dep-o-hoi-an-field-and-villa-6.jpg\" alt=\"Hoi An Field Villa - Kh&aacute;ch sạn đẹp ở Hội An\" width=\"1024\" height=\"684\" srcset=\"https://blog.traveloka.com/source/uploads/sites/9/2018/05/khach-san-dep-o-hoi-an-field-and-villa-6.jpg 1024w, https://blog.traveloka.com/source/uploads/sites/9/2018/05/khach-san-dep-o-hoi-an-field-and-villa-6-300x200.jpg 300w, https://blog.traveloka.com/source/uploads/sites/9/2018/05/khach-san-dep-o-hoi-an-field-and-villa-6-768x513.jpg 768w, https://blog.traveloka.com/source/uploads/sites/9/2018/05/khach-san-dep-o-hoi-an-field-and-villa-6-640x428.jpg 640w, https://blog.traveloka.com/source/uploads/sites/9/2018/05/khach-san-dep-o-hoi-an-field-and-villa-6-585x391.jpg 585w\" sizes=\"(max-width: 1024px) 100vw, 1024px\">\r\n<figcaption class=\"wp-caption-text\">C&oacute; hồ bơi n&agrave;y th&igrave; cần chi hồ bơi hướng biển nữa.</figcaption>\r\n</figure>\r\n<p><span>Hơn hết, khu spa của kh&aacute;ch sạn sẽ kh&ocirc;ng l&agrave;m bạn thất vọng với những thiết bị cao cấp v&agrave; đội ngũ nh&acirc;n vi&ecirc;n chuy&ecirc;n nghiệp. Tưởng như kh&ocirc;ng c&oacute; mệt mỏi n&agrave;o của bạn kh&ocirc;ng thể kh&ocirc;ng được xua tan đi khi bạn đến với spa n&agrave;y.</span></p>\r\n<figure id=\"attachment_29621\" class=\"wp-caption aligncenter\"><img class=\"size-full wp-image-29621\" src=\"https://blog.traveloka.com/source/uploads/sites/9/2018/05/khach-san-dep-o-hoi-an-field-and-villa-13.jpg\" alt=\"Hoi An Field Villa - Kh&aacute;ch sạn đẹp ở Hội An \" width=\"1024\" height=\"684\" srcset=\"https://blog.traveloka.com/source/uploads/sites/9/2018/05/khach-san-dep-o-hoi-an-field-and-villa-13.jpg 1024w, https://blog.traveloka.com/source/uploads/sites/9/2018/05/khach-san-dep-o-hoi-an-field-and-villa-13-300x200.jpg 300w, https://blog.traveloka.com/source/uploads/sites/9/2018/05/khach-san-dep-o-hoi-an-field-and-villa-13-768x513.jpg 768w, https://blog.traveloka.com/source/uploads/sites/9/2018/05/khach-san-dep-o-hoi-an-field-and-villa-13-640x428.jpg 640w, https://blog.traveloka.com/source/uploads/sites/9/2018/05/khach-san-dep-o-hoi-an-field-and-villa-13-585x391.jpg 585w\" sizes=\"(max-width: 1024px) 100vw, 1024px\">\r\n<figcaption class=\"wp-caption-text\">Khu spa tiện nghi với những dịch vụ cao cấp.</figcaption>\r\n</figure>\r\n<figure id=\"attachment_29622\" class=\"wp-caption aligncenter\"><img class=\"size-full wp-image-29622\" src=\"https://blog.traveloka.com/source/uploads/sites/9/2018/05/khach-san-dep-o-hoi-an-field-and-villa-14.jpg\" alt=\"Hoi An Field Villa - Kh&aacute;ch sạn đẹp ở Hội An \" width=\"1024\" height=\"684\" srcset=\"https://blog.traveloka.com/source/uploads/sites/9/2018/05/khach-san-dep-o-hoi-an-field-and-villa-14.jpg 1024w, https://blog.traveloka.com/source/uploads/sites/9/2018/05/khach-san-dep-o-hoi-an-field-and-villa-14-300x200.jpg 300w, https://blog.traveloka.com/source/uploads/sites/9/2018/05/khach-san-dep-o-hoi-an-field-and-villa-14-768x513.jpg 768w, https://blog.traveloka.com/source/uploads/sites/9/2018/05/khach-san-dep-o-hoi-an-field-and-villa-14-640x428.jpg 640w, https://blog.traveloka.com/source/uploads/sites/9/2018/05/khach-san-dep-o-hoi-an-field-and-villa-14-585x391.jpg 585w\" sizes=\"(max-width: 1024px) 100vw, 1024px\">\r\n<figcaption class=\"wp-caption-text\">Tưởng như ở đ&acirc;y mọi mệt mỏi sẽ được xua tan hết.</figcaption>\r\n</figure>\r\n<p><span>Chưa hết, nếu muốn thưởng thức những m&oacute;n ăn ngon, bạn chả cần đi đ&acirc;u xa. V&igrave; ẩm thực &Acirc;u &ndash; &Aacute; của nh&agrave; h&agrave;ng Gốm, nằm trong Hoi An Field Villa với đặc trưng l&agrave; c&aacute;c m&oacute;n nướng v&ocirc; c&ugrave;ng cuốn h&uacute;t. Hương vị cứ quyến luyến m&atilde;i khiến bạn chẳng thể qu&ecirc;n được.</span></p>\r\n<figure id=\"attachment_29631\" class=\"wp-caption aligncenter\"><img class=\"size-full wp-image-29631\" src=\"https://blog.traveloka.com/source/uploads/sites/9/2018/05/khach-san-dep-o-hoi-an-field-and-villa-10.jpg\" alt=\"Hoi An Field Villa - Kh&aacute;ch sạn đẹp ở Hội An \" width=\"1024\" height=\"684\" srcset=\"https://blog.traveloka.com/source/uploads/sites/9/2018/05/khach-san-dep-o-hoi-an-field-and-villa-10.jpg 1024w, https://blog.traveloka.com/source/uploads/sites/9/2018/05/khach-san-dep-o-hoi-an-field-and-villa-10-300x200.jpg 300w, https://blog.traveloka.com/source/uploads/sites/9/2018/05/khach-san-dep-o-hoi-an-field-and-villa-10-768x513.jpg 768w, https://blog.traveloka.com/source/uploads/sites/9/2018/05/khach-san-dep-o-hoi-an-field-and-villa-10-640x428.jpg 640w, https://blog.traveloka.com/source/uploads/sites/9/2018/05/khach-san-dep-o-hoi-an-field-and-villa-10-585x391.jpg 585w\" sizes=\"(max-width: 1024px) 100vw, 1024px\">\r\n<figcaption class=\"wp-caption-text\">Kh&ocirc;ng gian nh&agrave; h&agrave;ng Gốm rộng r&atilde;i, thanh lịch.</figcaption>\r\n</figure>\r\n<figure id=\"attachment_29623\" class=\"wp-caption aligncenter\"><img class=\"size-full wp-image-29623\" src=\"https://blog.traveloka.com/source/uploads/sites/9/2018/05/khach-san-dep-o-hoi-an-field-and-villa-15.jpg\" alt=\"Hoi An Field Villa - Kh&aacute;ch sạn đẹp ở Hội An \" width=\"1024\" height=\"683\" srcset=\"https://blog.traveloka.com/source/uploads/sites/9/2018/05/khach-san-dep-o-hoi-an-field-and-villa-15.jpg 1024w, https://blog.traveloka.com/source/uploads/sites/9/2018/05/khach-san-dep-o-hoi-an-field-and-villa-15-300x200.jpg 300w, https://blog.traveloka.com/source/uploads/sites/9/2018/05/khach-san-dep-o-hoi-an-field-and-villa-15-768x512.jpg 768w, https://blog.traveloka.com/source/uploads/sites/9/2018/05/khach-san-dep-o-hoi-an-field-and-villa-15-640x427.jpg 640w, https://blog.traveloka.com/source/uploads/sites/9/2018/05/khach-san-dep-o-hoi-an-field-and-villa-15-585x390.jpg 585w\" sizes=\"(max-width: 1024px) 100vw, 1024px\"></figure>\r\n</div>\r\n</div>\r\n</div>',NULL,'Điểm danh những khu nghỉ dưỡng đẹp ở Hội An mà ai cũng','Điểm danh những khu nghỉ dưỡng đẹp ở Hội An mà ai cũng muốn trải nghiệm một lần','Hội An'),(4,'vi','ba-diem-den-noi-tieng-cho-mot-ngay-du-ngoan-ninh-binh','Ba điểm đến nổi tiếng cho một ngày du ngoạn Ninh Bình','Ba điểm đến nổi tiếng cho một ngày du ngoạn Ninh Bình','<h2>Ba điểm đến nổi tiếng cho một ng&agrave;y du lịch Ninh B&igrave;nh</h2>\r\n<p>Khi đ&atilde; qu&aacute; quen thuộc với những qu&aacute;n caf&eacute;, địa điểm vui chơi giải tr&iacute; ở H&agrave; Nội m&agrave; chưa biết đi đ&acirc;u để đổi gi&oacute;, bạn h&atilde;y<span>&nbsp;</span><strong>du lịch Ninh B&igrave;nh<span>&nbsp;</span></strong>ngay. Nằm c&aacute;ch H&agrave; Nội chưa đầy 100 km v&agrave; chỉ mất hơn 1 giờ đi &ocirc;t&ocirc; l&agrave; bạn đ&atilde; c&oacute; thể h&ograve;a m&igrave;nh v&agrave;o thi&ecirc;n nhi&ecirc;n v&agrave; h&iacute;t thở kh&ocirc;ng kh&iacute; trong l&agrave;nh. Ninh B&igrave;nh c&oacute; rất nhiều điểm tham quan. Nếu nhiều thời gian, bạn c&oacute; thể<span>&nbsp;</span><strong><em>du lịch Ninh B&igrave;nh</em>&nbsp;</strong>trọn 2 ng&agrave;y cuối tuần, c&ograve;n nếu kh&ocirc;ng sắp xếp được th&igrave; một ng&agrave;y th&ocirc;i cũng đủ để bạn thư gi&atilde;n v&agrave; lấy lại năng lượng bắt đầu tuần l&agrave;m việc mới.</p>\r\n<p>Bạn c&oacute; thể tự đi xe m&aacute;y xuống Ninh B&igrave;nh nhưng đỡ mệt v&agrave; linh hoạt nhất c&oacute; lẽ l&agrave; đi &ocirc;t&ocirc; từ H&agrave; Nội xuống Ninh B&igrave;nh sau đ&oacute; thu&ecirc; một chiếc xe m&aacute;y để vi vu khắp nơi. C&oacute; rất nhiều chuyến xe từ H&agrave; Nội bắt đầu từ 5h s&aacute;ng v&agrave; từ Ninh Binh về chuyến muộn nhất l&agrave; 20h n&ecirc;n rất thuận tiện cho bạn lựa chọn. Dưới đ&acirc;y l&agrave; những nơi bạn c&oacute; thể đi trong một ng&agrave;y ở v&ugrave;ng đất xinh đẹp n&agrave;y.</p>\r\n<p><strong>Khu du lịch sinh th&aacute;i Tr&agrave;ng An</strong></p>\r\n<p style=\"text-align: center;\"><strong><img src=\"https://demo.apecsoft.asia/sharetour/public/media/tin-tuc/ninh-binh/ninh-binh.jpg\" alt=\"\" width=\"650\" height=\"420\"></strong></p>\r\n<p>Tr&agrave;ng An l&agrave; khu du lịch nổi tiếng nhất của<span>&nbsp;</span><em>du lịch Ninh B&igrave;nh</em><span>&nbsp;</span>hiện nay với phong cảnh thi&ecirc;n nhi&ecirc;n hoang sơ tuyệt đẹp. Th&aacute;ng 6/2014, Tr&agrave;ng An được UNESCO c&ocirc;ng nhận l&agrave; di sản thi&ecirc;n nhi&ecirc;n v&agrave; di sản văn h&oacute;a thế giới. V&eacute; v&agrave;o cửa 200.000 đồng, c&oacute; 3 tuyến đi t&ugrave;y độ d&agrave;i ngắn v&agrave; thời gian cũng kh&aacute;c nhau, tổng thời gian du ngoạn nơi đ&acirc;y mất khoảng 4-5 tiếng.</p>\r\n<p>Tr&agrave;ng An tuyệt nhi&ecirc;n kh&ocirc;ng thấy một cọng r&aacute;c, thi&ecirc;n nhi&ecirc;n được bảo tồn kh&aacute; tốt. Ngồi tr&ecirc;n đ&ograve;, bạn sẽ được chi&ecirc;m ngưỡng những ng&ocirc;i ch&ugrave;a đặc biệt, chẳng hạn như ng&ocirc;i ch&ugrave;a nằm giữa hồ, đằng sau tựa n&uacute;i, cửa v&agrave;o l&agrave; cửa động b&eacute; x&iacute;u, cửa ra cũng phải chui qua hang, mặc d&ugrave; chỉ c&aacute;ch đường lớn chắc v&agrave;i trăm m&eacute;t nhưng ho&agrave;n to&agrave;n t&aacute;ch biệt với thế giới b&ecirc;n ngo&agrave;i. Bạn cũng sẽ đi qua h&agrave;nh cung Vũ L&acirc;m với d&atilde;y n&uacute;i c&oacute; h&igrave;nh đại b&agrave;ng như đang bảo vệ lấy đất trời non nước. Bạn cũng c&oacute; thể gh&eacute; qua phim trường bộ phim Kong nổi tiếng để chụp ảnh với những thổ d&acirc;n, thăm lại chiếc thuyền từng xuất hiện tr&ecirc;n phim.</p>\r\n<p><strong>Tuyệt t&igrave;nh cốc</strong></p>\r\n<p style=\"text-align: center;\"><strong><img src=\"https://demo.apecsoft.asia/sharetour/public/media/tin-tuc/ninh-binh/ninh-binh2.jpg\" alt=\"\" width=\"650\" height=\"413\"></strong></p>\r\n<p>Tuyệt t&igrave;nh cốc nằm c&aacute;ch Khu du lịch sinh th&aacute;i Tr&agrave;ng An khoảng 6 km, kh&aacute; vắng vẻ v&agrave; y&ecirc;n tĩnh, thỉnh thoảng c&oacute; tiếng lao xao người n&oacute;i, m&aacute;t mẻ n&ecirc;n cảm gi&aacute;c rất thoải m&aacute;i. Đi bộ xung quanh khu n&agrave;y đặc biệt th&iacute;ch. Ở đ&acirc;y c&ograve;n c&oacute; cổng th&agrave;nh cổ ph&iacute;a Đ&ocirc;ng của kinh đ&ocirc; Hoa Lư xưa, nơi c&aacute;c quan v&agrave;o triều phải đi qua cổng n&agrave;y. Đ&acirc;y cũng ch&iacute;nh l&agrave; nơi quay bộ phim nổi tiếng Tấm C&aacute;m- chuyện chưa kể. Phong cảnh hữu t&igrave;nh như phim kiếm hiệp n&ecirc;n rất nhiều cặp đ&ocirc;i chọn nơi đ&acirc;y để chụp ảnh cưới hay những bạn trẻ đổ x&ocirc; đến đ&acirc;y để check in.</p>\r\n<p><strong>Hang M&uacute;a</strong></p>\r\n<p style=\"text-align: center;\"><strong><img src=\"https://demo.apecsoft.asia/sharetour/public/media/tin-tuc/ninh-binh/ninh-binh3.jpg\" alt=\"\" width=\"450\" height=\"626\"></strong></p>\r\n<p>Hang M&uacute;a nằm dưới ch&acirc;n n&uacute;i M&uacute;a trong quần thể khu du lịch sinh th&aacute;i thuộc địa phận th&ocirc;n Kh&ecirc; Đầu Hạ, x&atilde; Ninh Xu&acirc;n, Hoa Lư, Ninh B&igrave;nh. Nơi đ&acirc;y được mệnh danh l&agrave; &ldquo;n&agrave;ng thơ của Tam Cốc&rdquo; hay &ldquo;Vạn l&yacute; trường th&agrave;nh của Việt Nam&rdquo; với khung cảnh h&ugrave;ng vĩ. Để l&ecirc;n được đỉnh hang M&uacute;a bạn phải leo 486 bậc thang đ&aacute;. Từ đỉnh n&uacute;i, ch&uacute;ng ta c&oacute; thể chi&ecirc;m ngưỡng được to&agrave;n bộ vẻ đẹp của khu vực Tam Cốc với những c&aacute;nh đồng l&uacute;a bạt ng&agrave;n, xanh mướt. Sang th&aacute;ng 6, khi đến đ&acirc;y, bạn sẽ được chứng kiến cảnh tượng những ruộng l&uacute;a v&agrave;ng rực rỡ.</p>\r\n<p>Ngo&agrave;i những danh lam thắng cảnh, trước khi l&ecirc;n xe về lại H&agrave; Nội, bạn h&atilde;y gh&eacute; v&agrave;o một nh&agrave; h&agrave;ng để thưởng thức những m&oacute;n đặc sản của Ninh B&igrave;nh như cơm ch&aacute;y, thịt d&ecirc;, gỏi c&aacute;, miến lươn&hellip; để chuyến đi được trọn vẹn nh&eacute;.</p>\r\n<p><strong>Xem th&ecirc;m h&igrave;nh ảnh về Ninh B&igrave;nh</strong></p>\r\n<p style=\"text-align: center;\"><strong><img src=\"https://demo.apecsoft.asia/sharetour/public/media/tin-tuc/ninh-binh/ninh-binh4.jpg\" alt=\"\" width=\"650\" height=\"420\"></strong></p>\r\n<p style=\"text-align: center;\"><strong><img src=\"https://demo.apecsoft.asia/sharetour/public/media/tin-tuc/ninh-binh/ninh-binh5.jpg\" alt=\"\" width=\"650\" height=\"420\"></strong></p>',NULL,'Ba điểm đến nổi tiếng cho một ngày du ngoạn Ninh Bình','Ba điểm đến nổi tiếng cho một ngày du ngoạn Ninh Bình','Ba điểm đến nổi tiếng cho một ngày du ngoạn Ninh Bình'),(5,'vi','ngoai-thien-duong-bali-indonesia-con-co-nhieu-diem-den-khac-cung-dep-nhu-mo','Ngoài thiên đường Bali, Indonesia còn có nhiều điểm đến khác cũng đẹp như mơ','Nhắc đến Indonesia, có lẽ bạn sẽ nghĩ ngay tới Bali xinh đẹp. Trên thực tế, quốc đảo này còn vô vàn điểm đến ấn tượng, phù hợp với mọi túi tiền và sở thích của du khách.','<p>Bali được xem l&agrave; một trong những thi&ecirc;n đường du lịch tr&ecirc;n thế giới, với khung cảnh xinh đẹp, nền văn h&oacute;a v&agrave; ẩm thực đặc trưng. Đ&acirc;y l&agrave; nơi l&yacute; tưởng để bạn c&oacute; kỳ nghỉ an y&ecirc;n, thư th&aacute;i. Tuy nhi&ecirc;n,<span>&nbsp;</span><strong>du lịch Indonesia</strong><span>&nbsp;</span>c&ograve;n nhiều điểm đến tuyệt vời kh&aacute;c m&agrave; bạn kh&ocirc;ng n&ecirc;n bỏ qua.</p>\r\n<p><strong>Belitung</strong></p>\r\n<p>Như nhiều h&ograve;n đảo kh&aacute;c của Indonesia, Belitung nổi tiếng với những b&atilde;i biển c&aacute;t trắng mịn, l&agrave;n nước trong xanh v&ugrave;ng nhiệt đới. Du kh&aacute;ch c&oacute; thể thu&ecirc; t&agrave;u của ngư d&acirc;n địa phương v&agrave; d&agrave;nh cả ng&agrave;y lặn biển, bơi lội, leo n&uacute;i hay kh&aacute;m ph&aacute; những h&ograve;n đảo nhỏ hoang sơ quanh Belitung.</p>\r\n<p style=\"text-align: center;\"><img src=\"https://demo.apecsoft.asia/sharetour/public/media/tin-tuc/indonesia/indonesia1.jpg\" alt=\"\" width=\"660\" height=\"413\"></p>\r\n<p><strong>Hồ Toba</strong></p>\r\n<p>H&igrave;nh th&agrave;nh từ vụ phun tr&agrave;o n&uacute;i lửa lớn nhất trong 25 triệu năm qua, hồ Toba tr&ecirc;n đảo Sumatra l&agrave; một điểm tham quan h&uacute;t kh&aacute;ch<span>&nbsp;</span><strong>du lịch Indonesia</strong>. Đ&acirc;y cũng l&agrave; hồ lớn nhất Indonesia. Giữa hồ, h&ograve;n đảo nhỏ Samosir l&agrave; trung t&acirc;m văn h&oacute;a của người Batak. Kh&ocirc;ng gian rộng lớn v&agrave; khung cảnh h&ugrave;ng vĩ quanh hồ khiến nhiều người v&iacute; nơi n&agrave;y như Thụy Sĩ hay Na Uy. Bạn c&oacute; thể đi bộ leo n&uacute;i v&agrave; trải nghiệm cảnh quan c&oacute; một kh&ocirc;ng hai tại đ&acirc;y.</p>\r\n<p style=\"text-align: center;\"><img src=\"https://demo.apecsoft.asia/sharetour/public/media/tin-tuc/indonesia/indonesia2.jpg\" alt=\"\" width=\"660\" height=\"440\"></p>\r\n<p><strong>C&ocirc;ng vi&ecirc;n quốc gia Komodo</strong></p>\r\n<p>Trong khi đảo Komodo v&agrave; giống b&ograve; s&aacute;t khổng lồ c&ugrave;ng t&ecirc;n l&agrave; điểm ch&iacute;nh thu h&uacute;t du kh&aacute;ch tới đ&acirc;y, c&ocirc;ng vi&ecirc;n quốc gia n&agrave;y thực chất c&oacute; tới 29 đảo độc đ&aacute;o với độ đa dạng sinh học cao. C&aacute;ch tuyệt nhất để kh&aacute;m ph&aacute; c&ocirc;ng vi&ecirc;n l&agrave; bằng những con thuyền mộc truyền thống. Bạn c&oacute; thể leo l&ecirc;n điểm cao nhất tr&ecirc;n đảo Padaar, ngắm b&atilde;i c&aacute;t hồng nổi tiếng, bơi c&ugrave;ng c&aacute; đuối khổng lồ, v&agrave; tất nhi&ecirc;n kh&ocirc;ng thể thiếu việc quan s&aacute;t những con rồng Komodo trong m&ocirc;i trường sống tự nhi&ecirc;n của ch&uacute;ng.</p>\r\n<p style=\"text-align: center;\"><img src=\"https://demo.apecsoft.asia/sharetour/public/media/tin-tuc/indonesia/indonesia3.jpg\" alt=\"\" width=\"660\" height=\"378\"></p>\r\n<p><strong>Karimunjawa</strong></p>\r\n<p>Mỗi năm,<span>&nbsp;</span><em>du lịch Indonesia</em><span>&nbsp;</span>lại c&oacute; một địa điểm mới khiến du kh&aacute;ch x&ocirc;n xao. Năm nay, Karimunjawa l&agrave; nh&oacute;m đảo thu h&uacute;t được sự ch&uacute; &yacute; của người d&acirc;n địa phương. Việc tới đ&acirc;y chưa được thuận tiện, nhưng Karimunjawa b&ugrave; đắp cho sự vất vả của bạn bằng những rừng đước rậm rạp, b&atilde;i c&aacute;t trắng tinh kh&ocirc;i v&agrave; v&ocirc; v&agrave;n rạn san h&ocirc; nguy&ecirc;n sơ đẹp như cổ t&iacute;ch.</p>\r\n<p style=\"text-align: center;\"><img src=\"https://demo.apecsoft.asia/sharetour/public/media/tin-tuc/indonesia/indonesia4.png\" alt=\"\" width=\"660\" height=\"495\"></p>\r\n<p><strong>Yogyakarta</strong></p>\r\n<p>Th&agrave;nh phố cổ xưa n&agrave;y l&agrave; trung t&acirc;m văn h&oacute;a của đảo Java, nơi c&oacute; v&ocirc; số c&ocirc;ng tr&igrave;nh văn h&oacute;a ấn tượng. Yogyakarta c&oacute; ng&ocirc;i đền Phật gi&aacute;o lớn nhất thế giới ở Borobudur, đền thờ Shiva lớn nhất Indonesia ở Prambanan, v&agrave; Cung điện Sultan ở Keraton. C&oacute; thể n&oacute;i mọi di sản của Indonesia tập trung ở th&agrave;nh phố n&agrave;y. Bạn c&ograve;n c&oacute; thể tham quan v&agrave; thử l&agrave;m c&aacute;c đồ thủ c&ocirc;ng truyền thống, như vải batik, rối hay trang sức bằng bạc.</p>\r\n<p style=\"text-align: center;\"><img src=\"https://demo.apecsoft.asia/sharetour/public/media/tin-tuc/indonesia/indonesia5.jpg\" alt=\"\" width=\"660\" height=\"447\"></p>\r\n<p><strong>Wakatobi</strong></p>\r\n<p>L&agrave; rạn san h&ocirc; lớn nhất Indonesia v&agrave; lớn thứ hai tr&ecirc;n thế giới &ndash; chỉ sau Great Barrier, Wakatobi nổi tiếng trong giới m&ecirc; lặn nhờ hệ sinh th&aacute;i đa dạng. Trải rộng 1,4 h&eacute;c-ta, c&ocirc;ng vi&ecirc;n biển nằm ở Sulawesi n&agrave;y c&oacute; 750 trong tổng số 850 loại san h&ocirc; tr&ecirc;n thế giới, c&ugrave;ng 942 loại c&aacute; v&agrave; nhiều động vật tuyệt vời kh&aacute;c như r&ugrave;a biển, c&aacute; heo v&agrave; c&aacute; voi.</p>\r\n<p style=\"text-align: center;\"><img src=\"https://demo.apecsoft.asia/sharetour/public/media/tin-tuc/indonesia/indonesia6.jpg\" alt=\"\" width=\"660\" height=\"441\"></p>',NULL,'Ngoài thiên đường Bali, Indonesia còn có nhiều điểm đến','Ngoài thiên đường Bali, Indonesia còn có nhiều điểm đến khác cũng đẹp như mơ','Bali'),(6,'vi','10-luu-y-can-phai-nho-khi-chinh-phuc-fansipan-bang-cap-treo-o-sapa','10 lưu ý cần phải nhớ khi chinh phục Fansipan bằng cáp treo ở Sapa','huộc thị trấn Sapa, Sun World Fansipan Legend là quần thể công trình du lịch văn hóa, dịch vụ cáp treo, vui chơi giải trí và khách sạn nghỉ dưỡng đẳng cấp. Tuy nhiên, cũng chính vì quần thể công trình du lịch này quá rộng lớn nên đôi khi bạn sẽ bỏ qua những điểm thú vị hoặc những lưu ý cần thiết để có thể khám phá trọn vẹn.','<p><strong>1. Mua v&eacute;</strong></p>\r\n<p>Bạn c&oacute; thể mua v&eacute; c&aacute;p treo ở nhiều nơi kh&aacute;c nhau. Nếu đi đo&agrave;n đ&ocirc;ng hoặc v&agrave;o dịp cao điểm, bạn h&atilde;y đặt trước với kh&aacute;ch sạn nơi bạn ở Sapa m&agrave; kh&ocirc;ng cần phải đến tận nơi xếp h&agrave;ng. C&ograve;n nếu đi nh&oacute;m nhỏ hoặc v&agrave;o dịp thấp điểm, bạn c&oacute; thể tự mua v&eacute; trực tiếp ở Sun Plaza ngay trong trung t&acirc;m thị trấn Sapa hoặc ga Sapa. Điểm cộng của việc mua v&eacute; trực tiếp đ&oacute; l&agrave; bạn sẽ được tặng th&ecirc;m voucher giảm gi&aacute; dịch vụ ăn uống tại nh&agrave; h&agrave;ng trong quần thể<strong><span>&nbsp;</span>Fansipan</strong><span>&nbsp;</span>Legend. Ngo&agrave;i ra, bạn cũng được tư vấn, hướng dẫn cụ thể hơn về c&aacute;ch mua v&eacute; t&agrave;u hoả leo n&uacute;i sao cho tiết kiệm v&agrave; ph&ugrave; hợp nhất. Gi&aacute; v&eacute; c&aacute;p treo cho kh&aacute;ch du lịch l&agrave; 700.000 đồng/người/khứ hồi.</p>\r\n<p style=\"text-align: center;\"><img src=\"https://demo.apecsoft.asia/sharetour/public/media/tin-tuc/sapa/sapa.jpg\" alt=\"\" width=\"1000\" height=\"750\"></p>\r\n<p><strong>2. Giờ vận h&agrave;nh</strong></p>\r\n<p>Do thời gian vận h&agrave;nh c&aacute;p treo từ 7:30 đến 17:30 h&agrave;ng ng&agrave;y, sẽ rất kh&oacute; để bạn c&oacute; thể canh thời gian để ngắm được b&igrave;nh minh hay ho&agrave;ng h&ocirc;n tr&ecirc;n đỉnh<span>&nbsp;</span><em><strong>Fansipan.</strong></em><span>&nbsp;</span>Tuy nhi&ecirc;n, bạn c&oacute; thể canh chọn thời gian l&ecirc;n đỉnh v&agrave;o giữa trưa. Đ&oacute; l&agrave; thời điểm tr&ecirc;n đỉnh &iacute;t sương m&ugrave;, gi&oacute; nhẹ v&agrave; nắng rực rỡ nhất, gi&uacute;p bạn chụp ảnh v&agrave; tham quan khung cảnh một c&aacute;ch dễ d&agrave;ng.</p>\r\n<p><strong>3. Ch&ecirc;nh lệch độ cao v&agrave; nhiệt độ</strong></p>\r\n<p>Kh&ocirc;ng giống như trekking, độ cao ch&ecirc;nh lệch giữa hai nh&agrave; ga l&agrave; 1410m v&agrave; chỉ mất khoảng 15p để c&aacute;p treo l&ecirc;n đến độ cao n&agrave;y. Do đ&oacute; khi c&aacute;p treo đến ga<em><span>&nbsp;</span>Fansipan</em>, bạn sẽ bị &ugrave; tai v&agrave; sốc độ cao nhẹ bởi cơ thể chưa th&iacute;ch ứng kịp với độ cao mới. C&aacute;ch tốt nhất để giảm bớt t&aacute;c động n&agrave;y, bạn h&atilde;y h&iacute;t thở s&acirc;u v&agrave; đều đặn. Ngo&agrave;i ra, bạn cũng n&ecirc;n mang theo khăn quấn cổ, &aacute;o ấm dự ph&ograve;ng v&igrave; nhiệt độ tr&ecirc;n đỉnh thấp hơn v&agrave; gi&oacute; cũng mạnh hơn. Nếu cảm thấy kh&oacute; thở hay c&oacute; triệu chứng bất thường, bạn phải li&ecirc;n hệ ngay với nh&acirc;n vi&ecirc;n tại nh&agrave; ga để được hỗ trợ về y tế.</p>\r\n<p><strong>4. T&agrave;u hoả leo n&uacute;i Mường Hoa</strong></p>\r\n<p>Xuất ph&aacute;t từ Sun Plaza (trung t&acirc;m thị trấn Sapa) đến ga Sapa (ga Mường Hoa), nếu đi t&agrave;u hoả leo n&uacute;i Mường Hoa, bạn kh&ocirc;ng cần phải mất chi ph&iacute; để đi taxi đến ga Sapa m&agrave; vẫn chi&ecirc;m ngưỡng được to&agrave;n cảnh thung lũng Mường Hoa rất đẹp. V&eacute; t&agrave;u hoả leo n&uacute;i Mường Hoa c&oacute; gi&aacute; 70.000 đồng/người khứ hồi. T&agrave;u hoả chạy li&ecirc;n tục n&ecirc;n bạn kh&ocirc;ng cần phải mất nhiều thời gian chờ đợi. Ga t&agrave;u hoả được thiết kế theo phong c&aacute;ch ch&acirc;u &Acirc;u vừa rộng lớn nhưng lại c&oacute; nhiều chi tiết đẹp, bạn đừng bỏ qua những g&oacute;c sống ảo ở đ&acirc;y nh&eacute;.</p>\r\n<p style=\"text-align: center;\"><img src=\"https://demo.apecsoft.asia/sharetour/public/media/tin-tuc/sapa/sapa1.jpg\" alt=\"\" width=\"1000\" height=\"750\"></p>\r\n<p><strong>5. T&agrave;u hoả leo n&uacute;i Đỗ Quy&ecirc;n</strong></p>\r\n<p>Từ ga Fansipan muốn l&ecirc;n đỉnh Fansipan, bạn sẽ phải leo th&ecirc;m 600 bậc thang nữa. Đối với những ai khoẻ mạnh hay v&agrave;o những h&ocirc;m thời tiết đẹp th&igrave; điều n&agrave;y kh&ocirc;ng phải l&agrave; vấn đề. Nhưng với những người lớn tuổi hoặc kh&ocirc;ng may đi v&agrave;o những h&ocirc;m trời m&ugrave; nhiều gi&oacute; th&igrave; bạn n&ecirc;n chọn phương tiện n&agrave;y để l&ecirc;n thẳng đỉnh Fansipan. Lợi thế của tuyến t&agrave;u hoả leo n&uacute;i Đỗ Quy&ecirc;n l&agrave; bạn c&oacute; thể chủ động mua v&eacute; khứ hồi hoặc một chiều. Gi&aacute; v&eacute; l&agrave; 100.000 đồng/lượt, thời gian di chuyển 1 ph&uacute;t. iVIVU.com khuy&ecirc;n bạn chỉ n&ecirc;n mua một chiều l&ecirc;n v&agrave; đi bộ xuống. Như vậy vừa tiết kiệm thời gian, sức lực, lại c&oacute; thể tham quan hết quần thể ch&ugrave;a Hạ, ch&ugrave;a Thượng v&agrave; con đường hoa Đỗ Quy&ecirc;n cực đẹp tr&ecirc;n đỉnh Fansipan.</p>\r\n<p><strong>6. Đỉnh Fansipan</strong></p>\r\n<p>Hiện tại, ch&oacute;p inox cũ đ&aacute;nh dấu đỉnh Fansipan cao 3.143m đ&atilde; được khu du lịch r&agrave;o lại xung quanh. Bạn sẽ kh&ocirc;ng được chụp h&igrave;nh b&ecirc;n cạnh ch&oacute;p cũ n&agrave;y. Tuy nhi&ecirc;n, khu du lịch đ&atilde; x&acirc;y hẳn 3 ch&oacute;p inox mới đẹp hơn, to hơn v&agrave; khang trang hơn gi&uacute;p bạn chụp ảnh check-in một c&aacute;ch dễ d&agrave;ng. Ở đ&acirc;y c&ograve;n c&oacute; dịch vụ chụp v&agrave; rửa ảnh lấy liền, n&ecirc;n bạn n&agrave;o muốn lưu lại những khoảnh khắc đẹp c&ugrave;ng gia đ&igrave;nh hay người th&acirc;n th&igrave; c&oacute; thể sử dụng dịch vụ n&agrave;y nh&eacute;.</p>\r\n<p style=\"text-align: center;\"><img src=\"https://demo.apecsoft.asia/sharetour/public/media/tin-tuc/sapa/sapa2.jpg\" alt=\"\" width=\"1080\" height=\"1080\"></p>\r\n<p><strong>7. Quần thể ch&ugrave;a tr&ecirc;n đỉnh Fansipan</strong></p>\r\n<p>Bước ra khỏi ga Fansipan, bạn sẽ đến ngay ch&ugrave;a Hạ (Thanh Phong Thiền tự). Đến đ&acirc;y, bạn c&oacute; thể viết sớ cầu an cho bản th&acirc;n v&agrave; gia đ&igrave;nh. Suốt qu&atilde;ng đường 600 bậc thang l&ecirc;n đỉnh Fansipan, từ ch&ugrave;a Hạ l&ecirc;n ch&ugrave;a Thượng, đ&acirc;u đ&acirc;u bạn cũng được nghe những bản nhạc thiền rất dễ chịu, cảm gi&aacute;c như đang bước v&agrave;o c&otilde;i Phật. Bạn nhớ đừng bỏ qua chi&ecirc;m b&aacute;i đại tượng Phật A Di Đ&agrave; bằng đồng cao nhất Việt Nam (21,5m), được coi l&agrave; biểu tượng của quần thể văn h&oacute;a t&acirc;m linh Fansipan. Nơi đ&acirc;y c&ograve;n c&oacute; Kim Sơn Bảo Thắng Tự, Đại h&ugrave;ng Bảo Điện với nhiều pho tượng Phật được tạo t&aacute;c kỳ c&ocirc;ng, bảo th&aacute;p 11 tầng bằng đ&aacute; nguy&ecirc;n khối, con đường La H&aacute;n với 18 bức tượng La H&aacute;n bằng đồng, hai b&ecirc;n l&agrave; hoa đỗ quy&ecirc;n rực rỡ khoe sắc. C&ugrave;ng với đ&oacute; l&agrave; nhiều c&ocirc;ng tr&igrave;nh Phật gi&aacute;o ti&ecirc;u biểu như B&iacute;ch V&acirc;n Thiền tự, tượng Quan Thế &Acirc;m Bồ T&aacute;t, Th&aacute;p chu&ocirc;ng &ndash; Vọng lĩnh cao đ&agrave;i, miếu Sơn Thần&hellip;</p>\r\n<p><strong>8. Dịch vụ ăn uống</strong></p>\r\n<p>Đến với quần thể du lịch Fansipan Legend, bạn c&oacute; thể trải nghiệm v&agrave; thưởng thức ẩm thực tại nh&agrave; h&agrave;ng Đỗ Quy&ecirc;n (tại nh&agrave; ga Fansipan) v&agrave; nh&agrave; h&agrave;ng Hải Cảng (tại nh&agrave; ga Sapa). Chuỗi nh&agrave; h&agrave;ng v&agrave; c&agrave; ph&ecirc; ở đ&acirc;y phục vụ đủ c&aacute;c m&oacute;n ăn &Acirc;u &ndash; &Aacute;, đặc sản d&acirc;n tộc ở Sapa như lợn cắp n&aacute;ch, lẩu c&aacute; tầm, lẩu c&aacute; hồi, c&aacute; suối nướng&hellip; v&agrave; nhiều m&oacute;n ăn v&ugrave;ng miền kh&aacute;c với gi&aacute; rất phải chăng. Sự kh&aacute;c biệt trong thưởng thức ẩm thực tại Fansipan Legend kh&ocirc;ng chỉ nằm trong đẳng cấp về thương hiệu v&agrave; hương vị của từng m&oacute;n ăn, m&agrave; c&ograve;n ở kh&ocirc;ng gian kiến tr&uacute;c Ph&aacute;p tinh tế phảng phất hơi thở của văn h&oacute;a T&acirc;y Bắc trong từng đường n&eacute;t trang tr&iacute;.</p>\r\n<p style=\"text-align: center;\"><img src=\"https://demo.apecsoft.asia/sharetour/public/media/tin-tuc/sapa/sapa3.jpg\" alt=\"\" width=\"1000\" height=\"667\"></p>\r\n<p><strong>9. V&acirc;n Sơn Tr&agrave; Qu&aacute;n</strong></p>\r\n<p>Cũng tr&ecirc;n con đường 600 bậc thang đến đỉnh Fansipan, gần ch&ugrave;a Hạ, bạn sẽ đi ngang V&acirc;n Sơn Tr&agrave; Qu&aacute;n. Nơi n&agrave;y c&oacute; thiết kế khiến bạn gợi nhớ đến Tr&uacute; Vũ Tr&agrave; Qu&aacute;n ở B&agrave; N&agrave; Hills. Cũng với phong c&aacute;ch kiểu tr&agrave; đạo, ngồi xếp bằng, b&agrave;n thấp. Nơi n&agrave;y m&acirc;y bao phủ xung quanh, bạn c&oacute; thể thưởng thức một t&aacute;ch tr&agrave; n&oacute;ng, ngắm hoa đỗ quy&ecirc;n nở v&agrave; cảm nhận kh&ocirc;ng gian thanh tịnh khắp nơi.</p>\r\n<p><strong>10.<span>&nbsp;</span>Kh&aacute;ch sạn lưu tr&uacute;</strong></p>\r\n<p>Hiện tại, kh&aacute;ch sạn lưu tr&uacute; tại quần thể c&aacute;p treo Fansipan Legend vẫn chưa ho&agrave;n thiện v&agrave; đi v&agrave;o hoạt động. Bạn chỉ c&oacute; thể kh&aacute;m ph&aacute; trong ng&agrave;y v&agrave; kh&ocirc;ng được qua đ&ecirc;m tr&ecirc;n đỉnh. Kh&aacute;ch sạn duy nhất đang x&acirc;y dựng l&agrave; MGallery tại trung t&acirc;m thị trấn Sapa do tập đo&agrave;n Sun Group hợp t&aacute;c c&ugrave;ng AccorHotels. Kh&aacute;ch sạn cũng ch&iacute;nh l&agrave; điểm khởi h&agrave;nh của t&agrave;u hoả leo n&uacute;i đến ga Sapa (ga Mường Hoa) thuộc khu phức hợp Sun Plaza. Tuy nhi&ecirc;n, bạn đừng qu&aacute; lo lắng, bởi nh&agrave; ga t&agrave;u hoả leo n&uacute;i nằm ngay trung t&acirc;m Sapa, n&ecirc;n bạn vẫn c&oacute; thể lưu tr&uacute; ở c&aacute;c kh&aacute;ch sạn kh&aacute;c gần đ&oacute; như<span>&nbsp;</span>Sapa Charm,<span>&nbsp;</span>Amazing Sapa,<span>&nbsp;</span>Pao&rsquo;s Sapa Leisure,<span>&nbsp;</span>Silk Path Grand,<span>&nbsp;</span>Sapa Highland&hellip; v&agrave; đi bộ đến nơi.</p>\r\n<p style=\"text-align: center;\"><img src=\"https://demo.apecsoft.asia/sharetour/public/media/tin-tuc/sapa/sapa4.jpg\" alt=\"\" width=\"800\" height=\"1067\"></p>\r\n<p></p>',NULL,'10 lưu ý cần phải nhớ khi chinh phục Fansipan bằng cáp','10 lưu ý cần phải nhớ khi chinh phục Fansipan bằng cáp treo ở Sapa','Fansipan'),(7,'vi','3-meo-di-du-lich-cung-thu-cung','3 mẹo đi du lịch cùng thú cưng','Du lịch cùng thú cưng là điều ai cũng muốn, nhưng bạn cần phải nắm một số quy tắc nhất định nếu muốn tiết kiệm chi phí và đảm bảo an toàn cho con vật. ','<p><strong>H&agrave;ng kh&ocirc;ng v&agrave; xe bu&yacute;t</strong></p>\r\n<p><strong><em>Du lịch c&ugrave;ng th&uacute; cưng</em></strong><span>&nbsp;</span>bằng m&aacute;y bay nghĩa l&agrave; bạn phải xem vật như h&agrave;nh l&yacute; x&aacute;ch tay hoặc k&yacute; gửi. Cả hai c&aacute;ch n&agrave;y đều rất tốn k&eacute;m. Th&ocirc;ng thường, mức gi&aacute; để mang động vật l&ecirc;n chuyến bay một chiều l&agrave; khoảng 100 USD (khoảng 2,2 triệu).</p>\r\n<p>Th&ocirc;ng tin về quy tr&igrave;nh v&agrave; mức gi&aacute; v&eacute; để mang theo ch&oacute; m&egrave;o tr&ecirc;n m&aacute;y bay thường nằm lẫn lộn trong website của c&aacute;c h&atilde;ng h&agrave;ng kh&ocirc;ng, v&igrave; vậy bạn cần phải t&igrave;m thật ki&ecirc;n nhẫn. Nếu muốn mang vật nu&ocirc;i l&ecirc;n khoang m&aacute;y bay c&ugrave;ng m&igrave;nh, bạn cần phải b&aacute;o trước với h&atilde;ng h&agrave;ng kh&ocirc;ng c&agrave;ng sớm c&agrave;ng tốt.</p>\r\n<p style=\"text-align: center;\"><img src=\"https://demo.apecsoft.asia/sharetour/public/media/tin-tuc/3-meo-di-du-lich-cung-thu-cung-ivivu-1.jpg\" alt=\"\" width=\"700\" height=\"438\"></p>\r\n<p>Nhiều chủ vật nu&ocirc;i cho rằng họ đ&atilde; trả ph&iacute; cho v&eacute; m&aacute;y bay, kh&ocirc;ng l&yacute; g&igrave; phải trả th&ecirc;m ph&iacute; nếu chỉ đặt lồng của vật nu&ocirc;i ở dưới ch&acirc;n. Tuy nhi&ecirc;n, thực tế l&agrave; nhiều h&atilde;ng h&agrave;ng kh&ocirc;ng đang t&igrave;m c&aacute;ch thu lợi nhuận n&ecirc;n họ c&oacute; thể t&iacute;nh ph&iacute; bất cứ thứ g&igrave;, từ chăn, đồ ăn vặt đến nước ngọt.</p>\r\n<p>Một số h&atilde;ng h&agrave;ng kh&ocirc;ng kh&ocirc;ng chấp nhận h&agrave;nh kh&aacute;ch mang vật nu&ocirc;i l&ecirc;n m&aacute;y bay v&igrave; cho rằng điều n&agrave;y l&agrave;m ảnh hưởng đến những người kh&aacute;c, đặc biệt l&agrave; người bị hen suyễn hoặc dị ứng với l&ocirc;ng.</p>\r\n<p>Trong khi đ&oacute;, hầu hết c&aacute;c tuyến xe bu&yacute;t ch&iacute;nh tại Mỹ lại kh&ocirc;ng cho ph&eacute;p vận chuyển động vật n&agrave;o kh&aacute;c ngoại trừ lo&agrave;i ch&oacute;. V&igrave; vậy, nếu muốn tiết kiệm trong chuyến du lịch nhưng lại mang theo vật nu&ocirc;i, bạn n&ecirc;n t&iacute;nh c&aacute;ch di chuyển kh&aacute;c.</p>\r\n<p><strong>Mang vật nu&ocirc;i v&agrave;o kh&aacute;ch sạn</strong></p>\r\n<p style=\"text-align: center;\"><strong><img src=\"https://demo.apecsoft.asia/sharetour/public/media/tin-tuc/3-meo-di-du-lich-cung-thu-cung-ivivu-3.jpg\" alt=\"\" width=\"700\" height=\"394\"></strong></p>\r\n<p>Nhiều kh&aacute;ch sạn sẽ t&iacute;nh th&ecirc;m ph&iacute; nếu bạn mang vật nu&ocirc;i v&agrave;o, với l&yacute; do c&aacute;c nh&acirc;n vi&ecirc;n sẽ phải li&ecirc;n tục để mắt đến con vật v&agrave; điều n&agrave;y được t&iacute;nh như c&ocirc;ng sức lao động của họ.</p>\r\n<p>Dĩ nhi&ecirc;n, nếu vật cưng l&agrave;m hư hỏng đồ nội thất hay thảm ch&ugrave;i ch&acirc;n, bạn sẽ phải trả ph&iacute; bồi thường. Thậm ch&iacute;, nếu ch&oacute; của bạn sủa v&agrave;o ban đ&ecirc;m v&agrave; khiến c&aacute;c kh&aacute;ch lưu tr&uacute; kh&aacute;c phản &aacute;nh với kh&aacute;ch sạn, bạn cũng phải nộp phạt.</p>\r\n<p>Để t&igrave;m được c&aacute;c kh&aacute;ch sạn cho ph&eacute;p du kh&aacute;ch mang theo vật cưng, bạn c&oacute; thể truy cập trang PetsWelcome.com.</p>\r\n<p>Trang n&agrave;y c&oacute; hơn 25 ngh&igrave;n kh&aacute;ch sạn, khu nghỉ m&aacute;t, khu cắm trại v&agrave; c&aacute;c b&atilde;i biển th&acirc;n thiện với vật nu&ocirc;i. Ngo&agrave;i ra, bạn c&ograve;n c&oacute; thể t&igrave;m thấy c&aacute;c ch&iacute;nh s&aacute;ch về vật nu&ocirc;i ở h&agrave;ng chục quốc gia kh&aacute;c nhau tại đ&acirc;y.</p>\r\n<p style=\"text-align: center;\"><strong><img src=\"https://demo.apecsoft.asia/sharetour/public/media/tin-tuc/3-meo-di-du-lich-cung-thu-cung-ivivu-2.jpg\" alt=\"\" width=\"700\" height=\"410\"></strong></p>\r\n<p><strong>Mang vật nu&ocirc;i l&ecirc;n t&agrave;u hoả</strong></p>\r\n<p>Tại Mỹ, hệ thống xe lửa Amtrak c&oacute; ch&iacute;nh s&aacute;ch cấm vật nu&ocirc;i. Ngoại lệ duy nhất l&agrave; c&aacute;c vật nu&ocirc;i nhỏ v&agrave; động vật đi theo để phục vụ cho h&agrave;nh kh&aacute;ch khuyết tật. Trong khi đ&oacute;, ở c&aacute;c nước ch&acirc;u &Acirc;u như Ph&aacute;p, Đức v&agrave; &Yacute;, h&agrave;nh kh&aacute;ch lại c&oacute; thể thoải m&aacute;i mang vật nu&ocirc;i theo c&ugrave;ng.</p>\r\n<p>Ngo&agrave;i ra, bạn c&oacute; thể truy cập trang about.com để t&igrave;m hiểu ch&iacute;nh s&aacute;ch về vật nu&ocirc;i của c&aacute;c h&atilde;ng h&agrave;ng kh&ocirc;ng lớn như chi ph&iacute;, y&ecirc;u cầu v&agrave; thậm ch&iacute; cả danh s&aacute;ch những con vật bạn kh&ocirc;ng được ph&eacute;p mang theo.</p>\r\n<p><strong></strong></p>',NULL,'3 mẹo đi du lịch cùng thú cưng','3 mẹo đi du lịch cùng thú cưng','3 mẹo đi du lịch cùng thú cưng'),(8,'vi','7-luu-y-co-ban-de-tranh-duoi-nuoc-mua-du-lich-bien','7 lưu ý cơ bản để tránh đuối nước mùa du lịch biển','Bạn cần xác định những yếu tố nguy hiểm, nhận thức rõ khả năng bơi lội của bản thân và trang bị các kỹ năng cơ bản khi gặp nạn.','<p>M&ugrave;a h&egrave; đ&atilde; đến c&ugrave;ng những kế hoạch vi vu về miền biển, vui chơi trong c&ocirc;ng vi&ecirc;n nước, tới bể bơi để giải nhiệt. Tuy nhi&ecirc;n, những điểm tr&aacute;nh n&oacute;ng n&agrave;y tiềm ẩn nguy cơ đuối nước cho bất cứ ai. Dưới đ&acirc;y l&agrave; lưu &yacute; nhằm ph&ograve;ng tr&aacute;nh c&aacute;c rủi ro n&agrave;y.</p>\r\n<p><strong>X&aacute;c định những yếu tố khiến bạn gặp nguy hiểm</strong></p>\r\n<p>C&oacute; nhiều yếu tố t&aacute;c động tới nguy cơ đuối nước, gồm kh&ocirc;ng biết bơi, kh&ocirc;ng biết giới hạn của bản th&acirc;n, thiếu gi&aacute;m s&aacute;t từ nh&acirc;n vi&ecirc;n cứu hộ v&agrave; người lớn, sử dụng rượu bia, theo NBC Washington.</p>\r\n<p style=\"text-align: center;\"><img src=\"https://demo.apecsoft.asia/sharetour/public/media/tin-tuc/meo/7-luu-y-co-ban-de-tranh-duoi-nuoc-mua-du-lich-bien-ivivu-1.jpg\" alt=\"\" width=\"500\" height=\"460\"></p>\r\n<p>Tiếp theo l&agrave; địa điểm. Những người ở độ tuổi kh&aacute;c nhau c&oacute; nguy cơ đuối nước ở những nơi kh&aacute;c nhau: phần lớn trẻ em từ 1 đến 4 tuổi trong bể bơi, người từ 15 tuổi trở l&ecirc;n thường tử vong v&igrave; ngạt nước tại những v&ugrave;ng tự nhi&ecirc;n như ao, hồ, s&ocirc;ng ng&ograve;i, biển&hellip;</p>\r\n<p>Khi tham gia những m&ocirc;n thể thao dưới nước như ch&egrave;o thuyền, lướt v&aacute;n diều&hellip; mọi người n&ecirc;n mặc &aacute;o phao. Nhiều nạn nh&acirc;n trong c&aacute;c vụ đuối nước do t&agrave;u b&egrave; ch&igrave;m mất mạng v&igrave; kh&ocirc;ng được trang bị &aacute;o phao.</p>\r\n<p><strong>Giảm thiểu nguy cơ đuối nước tại nh&agrave;</strong></p>\r\n<p>Nếu c&oacute; bể bơi tại nh&agrave;, bạn h&atilde;y l&agrave;m h&agrave;ng r&agrave;o bốn ph&iacute;a để ngăn ngừa khả năng c&oacute; người ng&atilde; xuống nước. Chuy&ecirc;n gia cho rằng loại h&agrave;ng r&agrave;o c&oacute; cửa tự đ&oacute;ng v&agrave; tự chốt với c&aacute;c chốt ngo&agrave;i tầm với của trẻ l&agrave; tối ưu.</p>\r\n<p>Bạn cần cất thuyền, phao, b&oacute;ng v&agrave; những loại đồ chơi kh&aacute;c khỏi khu vực bể bơi để trẻ kh&ocirc;ng vui chơi quanh đ&oacute; khi kh&ocirc;ng c&oacute; người lớn tr&ocirc;ng nom.</p>\r\n<p style=\"text-align: center;\"><img src=\"https://demo.apecsoft.asia/sharetour/public/media/tin-tuc/meo/7-luu-y-co-ban-de-tranh-duoi-nuoc-mua-du-lich-bien-ivivu-2.jpg\" alt=\"\" width=\"500\" height=\"333\"></p>\r\n<p><strong>An to&agrave;n khi tắm biển</strong></p>\r\n<p>Nhiều b&atilde;i biển kh&ocirc;ng c&oacute; nh&acirc;n vi&ecirc;n cứu hộ, do đ&oacute; du kh&aacute;ch cần tự bảo vệ ch&iacute;nh m&igrave;nh. Khi tới một b&atilde;i tắm, bạn cần hiểu r&otilde; &yacute; nghĩa của những m&agrave;u cờ kh&aacute;c nhau; nhận biết d&ograve;ng chảy xa bờ v&agrave; bơi song song với bờ nếu v&agrave;o v&ugrave;ng nước n&agrave;y; lu&ocirc;n đi c&ugrave;ng &iacute;t nhất một người kh&aacute;c khi xuống biển; để mắt tới trẻ em v&agrave; người bơi k&eacute;m; tr&aacute;nh bơi gần những tảng đ&aacute; v&agrave; h&atilde;y biết lượng sức m&igrave;nh.</p>\r\n<p>Khi luyện tập bất cứ bộ m&ocirc;n thể thao dưới nước n&agrave;o, bạn cần b&aacute;o cho người th&acirc;n, bạn b&egrave;&hellip; lịch tr&igrave;nh của m&igrave;nh trước khi l&ecirc;n đường. Đừng qu&ecirc;n quan s&aacute;t t&igrave;nh h&igrave;nh thời tiết trước khi xuống nước.</p>\r\n<p><strong>Chọn &aacute;o phao chuẩn</strong></p>\r\n<p>Những yếu tố cơ bản bạn cần nhớ l&agrave; chọn &aacute;o phao c&oacute; thiết kế gi&uacute;p đầu nổi tr&ecirc;n mặt nước, trẻ em kh&ocirc;ng thể mặc &aacute;o phao d&agrave;nh cho người lớn. Bạn cần kiểm tra t&igrave;nh trạng &aacute;o phao, phao cứu hộ &iacute;t nhất một năm một lần, v&agrave; loại &aacute;o phao c&oacute; lớp giữ nhiệt sẽ gi&uacute;p bạn chống chọi với thời tiết lạnh.</p>\r\n<p style=\"text-align: center;\"><img src=\"https://demo.apecsoft.asia/sharetour/public/media/tin-tuc/meo/7-luu-y-co-ban-de-tranh-duoi-nuoc-mua-du-lich-bien-ivivu-3.jpg\" alt=\"\" width=\"500\" height=\"250\"></p>\r\n<p><strong>Đuối nước tr&ecirc;n cạn</strong></p>\r\n<p>Một người c&oacute; thể chết v&igrave; đuối nước ngay cả khi đ&atilde; được cứu l&ecirc;n bờ, do nước tr&agrave;n v&agrave;o phổi khiến cơ quan n&agrave;y co thắt, bị k&iacute;ch th&iacute;ch đến tr&agrave;n dịch. T&igrave;nh trạng n&agrave;y phần lớn xảy ra với trẻ em, do đ&oacute; cha mẹ cần theo d&otilde;i con sau những buổi vui chơi dưới nước v&agrave; đưa tới c&aacute;c cơ sở y tế ngay khi thấy dấu hiệu bất thường. Biểu hiện bao gồm ho, n&ocirc;n mửa, sốt, thở kh&oacute; khăn, đau ngực, ch&oacute;ng mặt, t&acirc;m trạng thay đổi.</p>\r\n<p><strong>Nhận biết t&igrave;nh trạng khẩn cấp</strong></p>\r\n<p>Bạn kh&ocirc;ng n&ecirc;n coi thường những dấu hiệu cho thấy một người đang gặp nạn dưới nước: Họ thường cố gắng bơi nhưng kh&ocirc;ng hề tiến về ph&iacute;a trước, cố quạt tay xuống dưới để ng&oacute;c đầu khỏi mặt nước.</p>\r\n<p>Nếu kh&ocirc;ng được gi&uacute;p đỡ kịp thời, nạn nh&acirc;n sẽ sớm mất sức v&agrave; ngạt, chuyển sang trạng th&aacute;i &uacute;p mặt dưới đ&aacute;y hoặc gần mặt nước, nổi bất động.</p>\r\n<p><strong>Phản ứng trong trường hợp khẩn cấp</strong></p>\r\n<p>Nếu ai đ&oacute; biến mất, bạn lu&ocirc;n phải kiểm tra dưới nước đầu ti&ecirc;n. Nếu thấy một người đuối nước, bạn cần tiếp cận họ từ tr&ecirc;n bờ bằng c&aacute;ch n&eacute;m phao hoặc thứ g&igrave; đ&oacute; gi&uacute;p họ nổi. Điều n&agrave;y đ&aacute;ng lưu &yacute;, bởi người bị nạn c&oacute; thể hoảng sợ m&agrave; b&aacute;m v&iacute;u v&agrave;o, k&eacute;o bạn c&ugrave;ng ch&igrave;m với họ nếu kỹ năng kiểm so&aacute;t t&igrave;nh huống của bạn c&ograve;n non.</p>\r\n<p>Ngo&agrave;i việc b&aacute;o cho nh&acirc;n vi&ecirc;n cứu hộ, bạn h&atilde;y gọi 114 nếu c&oacute; thể để được hỗ trợ. Trong thời gian chờ lực lượng cứu hộ đến, điện thoại vi&ecirc;n sẽ gi&uacute;p tư vấn về c&aacute;ch xử l&yacute; t&igrave;nh huống cụ thể khi c&oacute; người đuối nước.</p>',NULL,'7 lưu ý cơ bản để tránh đuối nước mùa du lịch biển','7 lưu ý cơ bản để tránh đuối nước mùa du lịch biển','7 lưu ý cơ bản để tránh đuối nước mùa du lịch biển'),(9,'vi','mon-ngon-nhat-dinh-phai-thu-khi-den-vung-tau','Món ngon nhất định phải thử khi đến Vũng Tàu','Bánh khọt, lẩu cá đuối, bún riêu tôm, hủ tiếu khô hải sản… là những món đặc trưng bạn không thể bỏ qua khi đến thành phố biển Vũng Tàu.','<p>V&agrave;o những dịp nghỉ h&egrave;, lễ hay cuối tuần, Vũng T&agrave;u thường đ&oacute;n một lượng lớn du kh&aacute;ch từ khắp v&ugrave;ng miền đến tham quan v&agrave; trải nghiệm. Th&agrave;nh phố biển c&ograve;n thu h&uacute;t du kh&aacute;ch bởi c&oacute; nhiều m&oacute;n ăn như b&aacute;nh khọt, lẩu c&aacute; đuối, b&aacute;nh b&ocirc;ng lan trứng muối&hellip; hương vị thơm ngon, đặc trưng.</p>\r\n<p><strong>B&aacute;nh khọt</strong></p>\r\n<p>B&aacute;nh khọt l&agrave; một trong những m&oacute;n ăn ngon nổi tiếng của th&agrave;nh phố biển Vũng T&agrave;u. Chiếc b&aacute;nh c&oacute; h&igrave;nh d&aacute;ng như b&aacute;nh căn của người miền Trung, l&agrave;m từ bột gạo. Nh&acirc;n b&aacute;nh được l&agrave;m từ t&ocirc;m tươi. Ngo&agrave;i ra, b&aacute;nh c&ograve;n g&acirc;y ấn tượng bởi phần t&ocirc;m ch&aacute;y m&agrave;u v&agrave;ng l&agrave;m tăng th&ecirc;m sự đẹp mắt, thơm ngon.</p>\r\n<p style=\"text-align: center;\"><img src=\"https://demo.apecsoft.asia/sharetour/public/media/tin-tuc/vung-tau/vung-tau.jpg\" alt=\"\" width=\"680\" height=\"453\"></p>\r\n<p>Người Vũng T&agrave;u thường ăn b&aacute;nh khọt k&egrave;m với nước mắm pha chua ngọt, rau sống c&aacute;c loại như cải xanh, x&agrave; l&aacute;ch, t&iacute;a t&ocirc;, diếp c&aacute; v&agrave; đu đủ th&aacute;i sợi.</p>\r\n<p>Địa chỉ gợi &yacute;: B&aacute;nh khọt Gốc V&uacute; Sữa &ndash; 14 Nguyễn Trường Tộ, phường 2; B&aacute;nh khọt B&agrave; Hai &ndash; 42 Trần Đồng, phường 3; B&aacute;nh khọt C&acirc;y Tre &ndash; 8B Lương Văn Can, phường 2&hellip;</p>\r\n<p><strong>B&uacute;n ri&ecirc;u t&ocirc;m</strong></p>\r\n<p>Một trong những m&oacute;n ăn để lại ấn tượng với du kh&aacute;ch khi đến&nbsp;du lịch Vũng T&agrave;u&nbsp;kh&ocirc;ng thể thiếu b&uacute;n ri&ecirc;u t&ocirc;m. Tận dụng ưu thế hải sản tươi r&oacute;i, ngư d&acirc;n biến tấu để cho ra m&oacute;n b&uacute;n ri&ecirc;u t&ocirc;m đậm vị biển. Nước l&egrave;o v&agrave; ri&ecirc;u được nấu từ t&ocirc;m biển tươi xay nhuyễn, vị ngọt thanh tự nhi&ecirc;n. C&aacute;c loại chả do qu&aacute;n tự l&agrave;m rất ngon, đặc biệt chả ốc gi&aacute;c thơm v&agrave; gi&ograve;n. Hầu hết c&aacute;c nguy&ecirc;n liệu do qu&aacute;n tự l&agrave;m, ớt cũng tự xay, rau rửa sạch c&oacute; hộp đậy k&iacute;n vệ sinh. Qu&aacute;n rất đ&ocirc;ng kh&aacute;ch nhờ kh&ocirc;ng gian rộng r&atilde;i, phục vụ nhanh.</p>\r\n<p style=\"text-align: center;\"><img src=\"https://demo.apecsoft.asia/sharetour/public/media/tin-tuc/vung-tau/vung-tau1.jpg\" alt=\"\" width=\"680\" height=\"453\"></p>\r\n<p>Địa chỉ gợi &yacute;: Qu&aacute;n b&uacute;n ri&ecirc;u t&ocirc;m Thuận Ph&uacute;c &ndash; 94 Ho&agrave;ng Hoa Th&aacute;m, phường 2. Qu&aacute;n mở cửa từ 6h đến 22h h&agrave;ng ng&agrave;y. Gi&aacute; b&aacute;n từ 35.000 đồng đến 65.000 đồng một t&ocirc; t&ugrave;y v&agrave;o đồ ăn kh&aacute;ch chọn bao gồm chả, t&ocirc;m, mực, x&aacute; x&iacute;u&hellip;</p>\r\n<p><strong>Hủ tiếu kh&ocirc; hải sản</strong></p>\r\n<p>M&oacute;n hủ tiếu kh&ocirc; hải sản kh&ocirc;ng chỉ ngon ở vẻ bề ngo&agrave;i m&agrave; c&ograve;n ch&iacute;nh hương vị đặc trưng được tạo ra bởi sự h&ograve;a quyện của hai th&agrave;nh phần ch&iacute;nh l&agrave; b&aacute;nh hủ tiếu v&agrave; c&aacute;c nguy&ecirc;n liệu tươi ngon như t&ocirc;m, mực, x&aacute; x&iacute;u&hellip; Nước sốt trộn đặc trưng v&agrave; s&uacute;p vị ngọt thanh cũng l&agrave; điểm nhấn gi&uacute;p cho m&oacute;n ăn th&ecirc;m hấp dẫn.</p>\r\n<p style=\"text-align: center;\"><img src=\"https://demo.apecsoft.asia/sharetour/public/media/tin-tuc/vung-tau/vung-tau2.png\" alt=\"\" width=\"680\" height=\"452\"></p>\r\n<p>Địa chỉ gợi &yacute;: Qu&aacute;n hủ tiếu kh&ocirc; hải sản &ndash; số 73 Ho&agrave;ng Hoa Th&aacute;m, phường Thắng Tam&hellip; Qu&aacute;n mở cửa từ 6h đến 22h h&agrave;ng ng&agrave;y. Gi&aacute; b&aacute;n từ 40.000 đồng đến 70.000 đồng một t&ocirc; t&ugrave;y v&agrave;o đồ ăn kh&aacute;ch chọn bao gồm t&ocirc;m, mực, x&aacute; x&iacute;u.</p>\r\n<p><strong>Lẩu c&aacute; đuối</strong></p>\r\n<p>Ngo&agrave;i b&aacute;nh khọt, lẩu c&aacute; đuối cũng l&agrave; một m&oacute;n ăn được nhiều người ưa th&iacute;ch khi đến<strong><em><span>&nbsp;</span>du lịch Vũng T&agrave;u</em></strong>. M&oacute;n ăn gồm c&aacute; đuối tươi th&aacute;i từng miếng nhỏ khoảng hai ng&oacute;n tay. Ngo&agrave;i phần thịt c&aacute;, m&oacute;n lẩu n&agrave;y c&ograve;n hấp dẫn người ăn bởi vị chua nhẹ của nước d&ugrave;ng được nấu từ măng chua c&ugrave;ng hương thơm của rau ngổ, ng&ograve; gai&hellip;</p>\r\n<p style=\"text-align: center;\"><img src=\"https://demo.apecsoft.asia/sharetour/public/media/tin-tuc/vung-tau/vung-tau3.jpg\" alt=\"\" width=\"680\" height=\"453\"></p>\r\n<p>Ăn k&egrave;m lẩu l&agrave; c&aacute;c loại rau như rau muống, rau chuối, b&uacute;n v&agrave; kh&ocirc;ng thể thiếu ch&eacute;n nước mắm với v&agrave;i tr&aacute;i ớt tươi th&aacute;i l&aacute;t.</p>\r\n<p>Địa chỉ gợi &yacute;: Lẩu c&aacute; đuối 44 Trương C&ocirc;ng Định; qu&aacute;n Trận số 7 Nam Kỳ Khởi Nghĩa hay qu&aacute;n Bảy Giai tr&ecirc;n đường Ho&agrave;ng Hoa Th&aacute;m&hellip;</p>\r\n<p><strong>B&aacute;nh b&ocirc;ng lan trứng muối</strong></p>\r\n<p>Đến<span>&nbsp;</span><em>du lịch Vũng T&agrave;u</em>, du kh&aacute;ch kh&ocirc;ng thể kh&ocirc;ng thưởng thức m&oacute;n b&aacute;nh b&ocirc;ng lan trứng muối. B&aacute;nh g&acirc;y ấn tượng bằng hương vị thơm ngon. B&aacute;nh được chế biến thủ c&ocirc;ng v&agrave; l&agrave;m từ bột với nh&acirc;n l&agrave; trứng muối v&agrave; ph&ocirc; mai. Bột b&aacute;nh được đổ v&agrave;o khu&ocirc;n nhỏ xinh v&agrave; nướng tr&ecirc;n bếp than hồng rực cho đến khi những chiếc b&aacute;nh bắt đầu chuyển v&agrave;ng v&agrave; lan tỏa một m&ugrave;i thơm ng&agrave;o ngạt.</p>\r\n<p style=\"text-align: center;\"><img src=\"https://demo.apecsoft.asia/sharetour/public/media/tin-tuc/vung-tau/vung-tau4.jpg\" alt=\"\" width=\"680\" height=\"413\"></p>\r\n<p>Địa chỉ gợi &yacute;: B&aacute;nh b&ocirc;ng lan trứng muối qu&aacute;n Gốc Cột Điện, 17B Nguyễn Trường Tộ; số 6 Đồ Chiểu&hellip;</p>',NULL,'Món ngon nhất định phải thử khi đến Vũng Tàu','Món ngon nhất định phải thử khi đến Vũng Tàu','Vũng Tàu'),(10,'vi','dac-san-banh-hoi-nem-nuong-o-can-tho','Đặc sản bánh hỏi nem nướng ở Cần Thơ','Thực khách có thể ăn bằng cách dùng tay cuộn bánh hỏi với nem nướng, kèm rau sống, dưa leo, khế, củ kiệu hoặc ăn chung vào một chiếc bát.','<p><span>V&agrave;o mỗi buổi chiều, c&aacute;c qu&aacute;n ăn ven đường ở quanh bến Ninh Kiều lại tấp nập thực kh&aacute;ch. Đi bộ v&agrave;i ph&uacute;t từ bến, dọc theo c&aacute;c con phố, bạn c&oacute; thể kh&aacute;m ph&aacute; cả thế giới ẩm thực của xứ &ldquo;gạo trắng nước trong&rdquo; n&agrave;y. Một trong những m&oacute;n ăn được thực kh&aacute;ch y&ecirc;u th&iacute;ch nhất ở đ&acirc;y l&agrave;</span><strong><span>&nbsp;</span>b&aacute;nh hỏi nem nướng</strong><span>.</span></p>\r\n<div id=\"attachment_257811\" class=\"wp-caption aligncenter\">\r\n<p class=\"wp-caption-text\" style=\"text-align: center;\"><em><img src=\"https://demo.apecsoft.asia/sharetour/public/media/tin-tuc/can-tho.jpg\" alt=\"\" width=\"500\" height=\"330\"></em></p>\r\n<p class=\"wp-caption-text\" style=\"text-align: center;\"><em>Qu&aacute;n Thanh V&acirc;n l&agrave; địa chỉ b&aacute;n b&aacute;nh hỏi nem nướng nổi tiếng nhất xứ T&acirc;y Đ&ocirc;. Ảnh: Cổng TTĐT Cần Thơ.</em></p>\r\n</div>\r\n<p>B&aacute;nh hỏi được l&agrave;m từ loại gạo ngon của Cần Thơ. Gạo được ng&acirc;m qua đ&ecirc;m rồi xay th&agrave;nh bột mịn. Bột sau đ&oacute; sẽ được đưa v&agrave;o khu&ocirc;n ống, t&ugrave;y theo mỗi nơi m&agrave; c&oacute; khu&ocirc;n to hay nhỏ rồi hấp ch&iacute;n. Những sợi b&aacute;nh thu&ocirc;n d&agrave;i, trắng tinh được xếp chồng l&ecirc;n nhau khi dọn ra.</p>\r\n<p>Khi c&oacute; kh&aacute;ch, chủ qu&aacute;n mới cho ch&uacute;t dầu c&ugrave;ng h&agrave;nh l&aacute;, hẹ phi thơm tr&ecirc;n chiếc chảo nhỏ, rồi quết l&ecirc;n c&aacute;c lớp b&aacute;nh hỏi mỏng tang. Những thanh nem được nướng v&agrave;ng tr&ecirc;n bếp, rồi xếp ra đĩa vẫn c&ograve;n n&oacute;ng hổi.</p>\r\n<p>B&ecirc;n cạnh đĩa b&aacute;nh lu&ocirc;n c&oacute; đĩa rau sống ăn k&egrave;m gồm khế chua, dưa leo, dứa, chuối xanh xắt nhỏ. Một số qu&aacute;n c&ograve;n cuốn th&ecirc;m ng&ocirc; non, rau chuối, củ kiệu, ớt, sả&hellip;</p>\r\n<p>Gắp mỗi thứ một ch&uacute;t, cuốn v&agrave;o trong chiếc b&aacute;nh hỏi, c&ugrave;ng nem nướng, đậu phộng rang gi&atilde; nhỏ, chấm v&agrave;o b&aacute;t nước chấm đ&atilde; pha đủ vị chua, cay, mặn, ngọt l&agrave; bạn c&oacute; thể thưởng thức ngay.</p>\r\n<p>T&ugrave;y &yacute; th&iacute;ch m&agrave; lựa chọn c&aacute;ch ăn, bạn cũng c&oacute; thể cho b&aacute;nh hỏi v&agrave;o b&aacute;t v&agrave; chan nước chấm, ăn k&egrave;m c&ugrave;ng nem nướng hay c&aacute;c loại rau sống. Ở Ninh Kiều, thực kh&aacute;ch c&oacute; thể ăn&nbsp;<em><strong>b&aacute;nh hỏi nem nướng</strong><span>&nbsp;</span></em>ở qu&aacute;n tr&ecirc;n đại lộ H&ograve;a B&igrave;nh hay đường Nguyễn Viết Hồng. Gi&aacute; mỗi suất cho một người ăn từ 30.000 đồng.</p>',NULL,'Đặc sản bánh hỏi nem nướng ở Cần Thơ','Đặc sản bánh hỏi nem nướng ở Cần Thơ','Đặc sản bánh hỏi nem nướng ở Cần Thơ'),(11,'vi','banh-duc-nom-mon-qua-chieu-thanh-mat-la-mieng-cho-mua-he-ha-noi','Bánh đúc nộm – món quà chiều thanh mát, lạ miệng cho mùa hè Hà Nội','Bát bánh đúc nộm với cái mềm mượt của bánh đúc xắt sợi, cái bùi béo của canh vừng lạc, mùi thơm ngát của rau sống quả thực rất bắt miệng trong những ngày hè.','<p>Nếu m&ugrave;a đ&ocirc;ng l&agrave; m&ugrave;a của b&aacute;nh đ&uacute;c n&oacute;ng, th&igrave; h&egrave; về l&agrave; l&uacute;c b&aacute;nh đ&uacute;c nộm l&ecirc;n ng&ocirc;i. Thực ra, trong c&aacute;c phi&ecirc;n bản b&aacute;nh đ&uacute;c, b&aacute;nh đ&uacute;c nộm c&oacute; phần l&eacute;p vế v&agrave; được &iacute;t người biết đến nhất. Nhưng kh&ocirc;ng phải v&igrave; n&oacute; kh&ocirc;ng ngon, m&agrave; chỉ tại &iacute;t nơi b&aacute;n m&oacute;n n&agrave;y qu&aacute; th&ocirc;i, chứ<strong><span>&nbsp;</span>b&aacute;nh đ&uacute;c nộm</strong>, nếu đ&atilde; ăn thử th&igrave; rất dễ ghiền.</p>\r\n<p style=\"text-align: center;\"><img src=\"https://demo.apecsoft.asia/sharetour/public/media/tin-tuc/banh-duc-no2.jpg\" alt=\"\" width=\"660\" height=\"660\"></p>\r\n<p>L&agrave; m&oacute;n ăn sinh ra cho m&ugrave;a h&egrave; n&ecirc;n tất nhi&ecirc;n<span>&nbsp;</span><strong><em>b&aacute;nh đ&uacute;c nộm</em><span>&nbsp;</span></strong>sẽ ăn nguội. Để l&agrave;m m&oacute;n n&agrave;y, b&aacute;nh đ&uacute;c phải l&agrave;m từ sớm, để nguội. Khi ăn để đưa đẩy dễ ăn hơn v&agrave; đ&uacute;ng t&iacute;nh chất nộm, người b&aacute;n sẽ cắt khối b&aacute;nh đ&uacute;c th&agrave;nh những sợi mỏng, d&agrave;i rồi để v&agrave;o chiếc t&ocirc; nhỏ. Đi k&egrave;m đ&oacute; sẽ l&agrave; một &iacute;t rau v&agrave; cuối c&ugrave;ng người b&aacute;n chan th&ecirc;m ch&uacute;t nước canh vừng lạc trắng sữa l&ecirc;n.</p>\r\n<p style=\"text-align: center;\"><img src=\"https://demo.apecsoft.asia/sharetour/public/media/tin-tuc/banh-duc-nom.jpg\" alt=\"\" width=\"660\" height=\"660\"></p>\r\n<p><span>Đi k&egrave;m với b&aacute;t&nbsp;</span><em>b&aacute;nh đ&uacute;c nộm</em><span>&nbsp;c&ograve;n c&oacute; th&ecirc;m lạc rang v&agrave; rổ rau sống với c&aacute;c loại rau ngổ, l&aacute; t&iacute;a t&ocirc;, &iacute;t th&acirc;n chuối non th&aacute;i mỏng. Khi ăn bạn chỉ cần cho rau sống trộn đều, th&iacute;ch cay th&igrave; n&ecirc;m th&ecirc;m ch&uacute;t ớt l&agrave; c&oacute; ngay một m&oacute;n ăn ngon l&agrave;nh. Những sợi b&aacute;nh đ&uacute;c mềm dẻo, hơi gi&ograve;n, thấm đẫm nước canh lạc vừng b&ugrave;i b&eacute;o, lại thoảng vị cay nh&eacute;, ăn đến đ&acirc;u biết đến đấy. V&agrave; tr&ecirc;n hết m&oacute;n b&aacute;nh đ&uacute;c nộm rất lạ miệng n&ecirc;n lại c&agrave;ng đưa đẩy vị gi&aacute;c hơn bao giờ hết.</span></p>\r\n<p style=\"text-align: center;\"><span><img src=\"https://demo.apecsoft.asia/sharetour/public/media/tin-tuc/banh-duc-nom1.jpg\" alt=\"\" width=\"640\" height=\"640\"></span></p>\r\n<p>B&aacute;t b&aacute;nh đ&uacute;c nộm thường chỉ lưng lưng, t&ocirc; cũng l&agrave; t&ocirc; nhỏ n&ecirc;n kh&ocirc;ng phải dạng m&oacute;n ăn no m&agrave; hợp để l&oacute;t dạ, qu&agrave; chiều hơn. Th&ecirc;m nữa kh&ocirc;ng phải ai mới ăn b&aacute;nh đ&uacute;c nộm lần đầu cũng đ&atilde; th&iacute;ch ngay, nhưng nếu thử th&ecirc;m 1, 2 lần, th&igrave; hương vị độc đ&aacute;o của n&oacute; rất dễ g&acirc;y thương nhớ. M&ugrave;a h&egrave; n&oacute;ng bức, b&aacute;nh đ&uacute;c nộm thực sự l&agrave; m&oacute;n qu&agrave; đ&aacute;ng thử.</p>\r\n<p style=\"text-align: center;\"><img src=\"https://demo.apecsoft.asia/sharetour/public/media/tin-tuc/banh-duc-nom3.jpg\" width=\"660\" height=\"660\" caption=\"false\"></p>\r\n<p>Một số địa điểm cố định tại H&agrave; Nội để bạn thưởng thức m&oacute;n ăn n&agrave;y l&agrave; trước cửa nh&agrave; số 66 H&agrave;ng Bạc; số 28 H&agrave;ng B&egrave;; 45 Ch&acirc;u Long.</p>',NULL,'Bánh đúc nộm – món quà chiều thanh mát, lạ miệng cho mù','Bánh đúc nộm – món quà chiều thanh mát, lạ miệng cho mùa hè Hà Nội','Bánh đúc nộm – món quà chiều thanh mát, lạ miệng cho mùa hè Hà Nội'),(12,'vi','khong-the-bo-qua-nhung-noi-luu-tru-cuc-xinh-o-da-lat','Homestay Đà Lạt','Đà Lạt không chỉ có quán cà phê xinh mà còn có rất nhiều nơi lưu trú đẹp, các loại homestay, hostel với nhiều không gian và kiểu cách mang cá tính khác nhau làm nên một “hệ sinh thái” lưu trú vô cùng phong phú ở thành phố thơ mộng này. Tùy với tình hình túi tiền mà bạn có thể chọn cho mình một nơi ở khác nhau nhưng thật xinh và thích hợp để chụp nhiều hình. Cùng mình điểm qua vài homestay Đà Lạt đẹp mê ly nhé!','<h3><span id=\"1-In-The-Pines-homestay-8211-Nhung-ngoi-nha-tren-cay-an-tuong\"><strong>1. In The Pines homestay &ndash; Những ng&ocirc;i nh&agrave; tr&ecirc;n c&acirc;y ấn tượng</strong></span></h3>\r\n<p><span>C&aacute;ch trung t&acirc;m khoảng 3 km tr&ecirc;n đường đi thung lũng V&agrave;ng, In The Pines homestay vừa l&agrave; homestay vừa l&agrave; qu&aacute;n c&agrave; ph&ecirc; với kh&ocirc;ng gian cực kỳ rộng v&agrave; tho&aacute;ng được thiết kế theo kiểu nh&agrave; tr&ecirc;n c&acirc;y rất đẹp. Những ph&ograve;ng homestay ở In The Pines đa dạng về kiểu c&aacute;ch nhưng ấn tượng nhất vẫn l&agrave; những ng&ocirc;i nh&agrave; gỗ nhỏ xinh nằm tr&ecirc;n từng cung bậc thang được trang tr&iacute; tỉ mỉ.</span></p>\r\n<p style=\"text-align: center;\"><span><img src=\"https://demo.apecsoft.asia/sharetour/public/media/tin-tuc/da-lat/homestay-da-lat-dep-1.jpg\" alt=\"\" width=\"1024\" height=\"1024\"></span></p>\r\n<p><span>D&ugrave; đi c&agrave; ph&ecirc; hay ở homestay th&igrave; bạn vẫn tha hồ tạo kiểu chụp h&igrave;nh cực chất trong kh&ocirc;ng gian của In The Pines đấy!</span></p>\r\n<p style=\"text-align: center;\"><span><img src=\"https://demo.apecsoft.asia/sharetour/public/media/tin-tuc/da-lat/homestay-da-lat-dep-11.jpg\" alt=\"\" width=\"768\" height=\"1024\"></span></p>\r\n<h3><span id=\"2-Millie8217s-homestay-8211-Khong-gian-tien-nghi-sang-trong-nhu-khach-san\"><strong>2. Millie&rsquo;s homestay &ndash; Kh&ocirc;ng gian tiện nghi, sang trọng như kh&aacute;ch sạn</strong></span></h3>\r\n<p><span>Kh&aacute;c với hầu hết homestay ở Đ&agrave; Lạt mang những phong c&aacute;ch như Boho, Morocco, Retro,&hellip; Millie&rsquo;s homestay c&oacute; kh&ocirc;ng gian hiện đại v&agrave; sang trọng như kh&aacute;ch sạn 3 sao với đầy đủ tiện nghi, đặc biệt l&agrave; lu&ocirc;n c&oacute; ph&ograve;ng vệ sinh, nh&agrave; tắm ri&ecirc;ng cho mỗi ph&ograve;ng rất sạch sẽ. Gi&aacute; ph&ograve;ng như gi&aacute; homestay b&igrave;nh thường nhưng chất lượng v&agrave; dịch vụ của kh&aacute;ch sạn hạng sang th&igrave; rất đ&aacute;ng để thử phải kh&ocirc;ng n&agrave;o?</span></p>\r\n<p style=\"text-align: center;\"><span><img src=\"https://demo.apecsoft.asia/sharetour/public/media/tin-tuc/da-lat/homestay-da-lat-dep-18.jpg\" alt=\"\" width=\"1024\" height=\"768\"></span></p>\r\n<p><span>Kh&ocirc;ng chỉ vậy, cả hai căn của Millie đều c&oacute; cho thu&ecirc; nguy&ecirc;n căn, rất th&iacute;ch hợp đi theo nh&oacute;m, c&ocirc;ng ty v&agrave; tha hồ nấu nướng tại căn bếp sang trọng của Millie. Một căn gần trung t&acirc;m để bạn dạo quanh th&agrave;nh phố cho tiện, căn c&ograve;n lại th&igrave; gần c&aacute;c khu du lịch để bạn tha hồ vui chơi, như vậy bạn c&oacute; thể thoải m&aacute;i chọn cho m&igrave;nh ph&ograve;ng tại Millie sao cho ph&ugrave; hợp với sở th&iacute;ch m&agrave; gi&aacute; lại cực kỳ &ldquo;hạt dẻ&rdquo;!</span></p>\r\n<p style=\"text-align: center;\"><span><img src=\"https://demo.apecsoft.asia/sharetour/public/media/tin-tuc/da-lat/homestay-da-lat-dep-17.jpg\" alt=\"\" width=\"768\" height=\"1024\"></span></p>\r\n<h3><span id=\"3-Pi-Hostel-8211-Trai-nghiem-khong-gian-view-dep-nhu-Han-Quoc\"><strong>3. Pi Hostel &ndash; Trải nghiệm kh&ocirc;ng gian view đẹp như H&agrave;n Quốc</strong></span></h3>\r\n<p><span>Về hostel ở Đ&agrave; Lạt, trước hết bạn n&ecirc;n hiểu r&otilde; kh&aacute;i niệm hostel để tr&aacute;nh nhầm lẫn khi đặt ph&ograve;ng dorm (tập thể) hay private (ph&ograve;ng ri&ecirc;ng). Pi hostel c&oacute; cả hai loại ph&ograve;ng n&ecirc;n bạn c&oacute; thể tham khảo gi&aacute; v&agrave; h&igrave;nh thức trước th&ocirc;ng qua google. C&aacute; nh&acirc;n m&igrave;nh thấy ph&ograve;ng ở Pi rất xinh, phong c&aacute;ch hiện đại v&agrave; đặc biệt c&oacute; cả kh&ocirc;ng gian c&agrave; ph&ecirc; d&agrave;nh cho kh&aacute;ch trọ ở tầng trệt.</span></p>\r\n<p style=\"text-align: center;\"><span><img src=\"https://demo.apecsoft.asia/sharetour/public/media/tin-tuc/da-lat/homestay-da-lat-dep-9.jpg\" alt=\"\" width=\"1024\" height=\"1024\"></span></p>\r\n<p><span>G&oacute;c c&agrave; ph&ecirc; của Pi hostel nh&igrave;n đậm chất H&agrave;n Quốc v&agrave; c&oacute; nhiều background cực chất để bạn tha hồ chụp h&igrave;nh đấy. C&aacute;c ph&ograve;ng dorm ở Pi th&igrave; được trang bị đầy đủ tủ đồ c&aacute; nh&acirc;n cũng như c&aacute;c thiết bị ph&ugrave; hợp tiện nghi để bạn kh&ocirc;ng cảm thấy thiếu thốn như một số hostel kh&aacute;c. Cả ph&ograve;ng dorm v&agrave; private đều c&oacute; view rất đẹp xuống th&agrave;nh phố nhờ thiết kế to&agrave;n bộ tường trước bằng k&iacute;nh, đấy cũng l&agrave; ưu điểm để căn ph&ograve;ng lu&ocirc;n tr&agrave;n ngập &aacute;nh nắng dịu d&agrave;ng.</span></p>\r\n<p style=\"text-align: center;\"><span><img src=\"https://demo.apecsoft.asia/sharetour/public/media/tin-tuc/da-lat/homestay-da-lat-dep-8.jpg\" alt=\"\" width=\"768\" height=\"1024\"></span></p>\r\n<h3><span id=\"4-Lacasa-Homestay-II-8211-Homestay-phong-cach-Dia-Trung-Hai\"><strong>4. Lacasa Homestay II &ndash; Homestay phong c&aacute;ch Địa Trung Hải</strong></span></h3>\r\n<p><span>Lacasa homestay II từng xuất hiện v&agrave; nổi l&ecirc;n nhờ MV của ca sĩ Quang Vinh, đ&acirc;y l&agrave; homestay Đ&agrave; Lạt đẹp mang phong c&aacute;ch Địa Trung Hải &ndash; kết hợp giữa hai m&agrave;u trắng xanh v&ocirc; c&ugrave;ng tinh tế. Tuy nhi&ecirc;n kh&aacute;c với tr&ecirc;n ảnh, Lacasa kh&aacute; nhỏ v&agrave; hẹp, mặc d&ugrave; vậy th&igrave; c&aacute;c ưu điểm về kh&ocirc;ng gian xinh xắn vẫn sẽ g&acirc;y ấn tượng với bạn nhiều hơn để bạn c&oacute; thể bỏ qua phần &ldquo;khuyết&rdquo; nhỏ x&iacute;u ấy. Mỗi g&oacute;c ở Lacasa đều rất th&iacute;ch hợp để chụp h&igrave;nh, đặc biệt l&agrave; m&ugrave;a Gi&aacute;ng sinh đấy!</span></p>\r\n<p style=\"text-align: center;\"><span><img src=\"https://demo.apecsoft.asia/sharetour/public/media/tin-tuc/da-lat/homestay-da-lat-dep-12.jpg\" alt=\"\" width=\"1024\" height=\"768\"></span></p>\r\n<p><span>C&ograve;n rất nhiều nơi lưu tr&uacute; ấn tượng kh&aacute;c ở Đ&agrave; Lạt m&agrave; m&igrave;nh chưa thể liệt k&ecirc; hết trong b&agrave;i viết n&agrave;y, bạn c&oacute; thể thấy l&agrave; chỉ cần điểm sơ qua đ&atilde; c&oacute; một danh s&aacute;ch những homestay Đ&agrave; Lạt đẹp m&agrave; lung linh cho chuyến du lịch sắp tới rồi phải kh&ocirc;ng?</span></p>\r\n<p>*B&agrave;i viết đ&atilde; được cho ph&eacute;p sử dụng một số h&igrave;nh ảnh của Mille&rsquo;s Homestay.</p>\r\n<p><em>T&aacute;c giả: L&ecirc; Vũ T&uacute; Uy&ecirc;n&nbsp;</em></p>',NULL,'Không thể bỏ qua những nơi lưu trú cực xinh ở Đà Lạt','Không thể bỏ qua những nơi lưu trú cực xinh ở Đà Lạt','Không thể bỏ qua những nơi lưu trú cực xinh ở Đà Lạt'),(13,'vi','homestay-sapa','Homestay Sapa','Homestay là một loại hình dịch vụ đang được lòng giới trẻ và phát triển ở nhiều thành phố du lịch. Và Sapa cũng không nằm ngoài số đó. Nếu đã đi du lịch Sapa nhiều lần và khá quen thuộc với những khách sạn tại đây thì hãy thử ” đổi gió” với loạt homestay Sapa siêu xinh dưới đây nhé!','<h2><span id=\"1-Gem-Valley\"><strong>1. Gem Valley</strong></span></h2>\r\n<p>Được mệnh danh l&agrave; homestay chất &ldquo;nghệ&rdquo; nhất Sapa, Gem Valley khiến du kh&aacute;ch&nbsp;th&iacute;ch th&uacute; khi kết hợp t&agrave;i t&igrave;nh giữa qu&aacute;n cafe nhỏ xinh v&agrave; chốn nghỉ dưỡng ấm &aacute;p giữa n&uacute;i rừng T&acirc;y Bắc bao la. Trong căn nh&agrave; gỗ y&ecirc;n b&igrave;nh n&agrave;y, du kh&aacute;ch c&ograve;n c&oacute; cơ hội ngắm nh&igrave;n những bức tranh mang đậm cuộc sống của d&acirc;n tộc T&acirc;y Bắc đầy nghệ thuật. Đằng sau những bức tranh đ&oacute; l&agrave; c&acirc;u chuyện của đ&ocirc;i vợ chồng người H&agrave; Nội đ&atilde; bỏ cuộc sống nhộn nhịp nơi thủ đ&ocirc; để về với chốn thanh b&igrave;nh như Sapa.</p>\r\n<p><span>Điều tuyệt vời nhất tại Gem Valley l&agrave; việc đ&oacute;n b&igrave;nh minh v&agrave;o s&aacute;ng sớm v&agrave; ngắm nh&igrave;n những thửa ruộng bậc thang đẹp như tranh vẽ hay khung cảnh sinh hoạt của bản l&agrave;ng C&aacute;t C&aacute;t. C&ugrave;ng bạn b&egrave; hoặc gia đ&igrave;nh thưởng thức bữa s&aacute;ng với rau quả xứ lạnh được h&aacute;i từ vườn do ch&iacute;nh tay chị chủ trồng. Đảm bảo bạn sẽ th&iacute;ch ngay! C&oacute; 2 loại ph&ograve;ng tại Gem Valley đ&oacute; l&agrave; ph&ograve;ng ri&ecirc;ng v&agrave; ph&ograve;ng dorm dạng tập thể. Bạn c&oacute; thể chọn t&ugrave;y v&agrave;o t&uacute;i tiền v&agrave; sở th&iacute;ch của m&igrave;nh.</span></p>\r\n<h2><span id=\"2-Topas-Ecolodge\"><strong>2. Topas Ecolodge</strong></span></h2>\r\n<p>Nằm tại th&ocirc;n Bản Lếch c&aacute;ch trung t&acirc;m thị trấn Sapa gần 20 km,<span>&nbsp;</span><a href=\"https://www.traveloka.com/vi-vn/hotel/vietnam/topas-ecolodge-3000010038643\" target=\"_blank\" rel=\"noopener noreferrer\">Topas Ecolodge</a><span>&nbsp;</span>l&agrave; một trong những homestay xa trung t&acirc;m nhất. Nhưng cũng ch&iacute;nh v&igrave; thế m&agrave; khu nghỉ dưỡng n&agrave;y lu&ocirc;n giữ được n&eacute;t thanh tịnh nhất. Cực kỳ th&iacute;ch hợp cho những t&iacute;n đồ du lịch Sapa muốn t&igrave;m đến một nơi nghỉ dưỡng c&oacute; kh&ocirc;ng gian ri&ecirc;ng tư, tr&aacute;nh xa cuộc sống x&ocirc; bồ thường ng&agrave;y.</p>\r\n<p>Topas Ecolodge c&oacute; một vị thế cực kỳ đẹp khi sở hửu 25 căn bungalow được x&acirc;y bằng đ&aacute; trắng v&agrave; nằm tr&ecirc;n một ngọn đồi xanh mướt. C&aacute;c ph&ograve;ng b&ecirc;n trong được b&agrave;i tr&iacute; với nội thất bằng tre v&agrave; gỗ th&acirc;n thiện với m&ocirc;i trường. Kh&ocirc;ng những thế, Topas Ecolodge c&ograve;n sở hửu hồ bơi v&ocirc; cực ngo&agrave;i trời ngắm được to&agrave;n bộ khung cảnh rừng n&uacute;i v&agrave; những ruộng bậc thang xanh mướt.</p>\r\n<h2><span id=\"3-Sali-House\"><strong>3. Sali House</strong></span></h2>\r\n<p>Nằm ngay ở bản Tả Van, đến với Sali House, bạn sẽ c&oacute; cơ hội h&ograve;a m&igrave;nh v&agrave;o cuộc sống của người d&acirc;n bản l&agrave;ng nơi đ&acirc;y. L&agrave; những ng&agrave;y dậy sớm h&aacute;i ch&egrave;, tắm suối, ra chợ mua v&agrave;i m&oacute;n về ngay căn bếp xinh xinh của Sali để tự nấu cho m&igrave;nh những bữa ăn hấp dẫn nhất. Tất cả vật dụng v&agrave; gia vị đều c&oacute; sẵn, kh&ocirc;ng những thế c&ograve;n được d&ugrave;ng free n&ecirc;n cứ thoải m&aacute;i m&agrave; trổ t&agrave;i nấu nướng nh&eacute;!</p>\r\n<p><span>Sali House đ&uacute;ng nghĩa l&agrave; một căn nh&agrave; gỗ mang đậm chất T&acirc;y Bắc. Bạn sẽ kh&ocirc;ng khỏi th&iacute;ch th&uacute; khi c&oacute; thể nh&igrave;n tận mắt, sờ tận tay những chiếc gối bằng vải đay nhuộm ch&agrave;m do ch&iacute;nh tay người H&rsquo;mong tỉ mỉ đan. Ngo&agrave;i ra đến với Sali House, bạn sẽ c&oacute; những tấm h&igrave;nh sống ảo để đời nhất. Kh&ocirc;ng gian vintage ấm c&uacute;ng trong nh&agrave; kết hợp với khung cảnh h&ugrave;ng vĩ ph&iacute;a ngo&agrave;i đảm bảo sẽ l&agrave; những background ho&agrave;n hảo kh&ocirc;ng ch&ecirc; v&agrave;o đ&acirc;u được. Tất cả những điều tr&ecirc;n sẽ g&oacute;p phần tạo n&ecirc;n một chuyến&nbsp;</span><strong>du lịch Sapa</strong><span>&nbsp;đ&aacute;ng nhớ cho c&aacute;i tuổi thanh xu&acirc;n đầy rực rỡ n&agrave;y.</span></p>\r\n<h2><span id=\"4-Nam-Cang-Riverside-Lodge\"><strong>4. Nam Cang Riverside Lodge</strong></span></h2>\r\n<p>Bạn l&agrave; người th&iacute;ch sự tinh tế, hiện đại, y&ecirc;u thi&ecirc;n nhi&ecirc;n s&ocirc;ng nước v&agrave; muốn t&igrave;m đến một nơi nghỉ dưỡng đ&aacute;p ứng được những yếu tố tr&ecirc;n. Thế th&igrave; chẳng lựa chọn n&agrave;o bằng Nam Cang Riverside Lodge- một homestay của người Dao Đỏ nằm tại ng&ocirc;i l&agrave;ng Nậm Cang. Chỉ cần đi ngang qua c&acirc;y cầu nhỏ bắc ngang qua d&ograve;ng s&ocirc;ng l&agrave; bạn đ&atilde; c&oacute; thể đến được homestay thơ mộng n&agrave;y.</p>\r\n<p>Kh&ocirc;ng chỉ c&oacute; khung cảnh ph&iacute;a ngo&agrave;i thơ mộng, Nam Cang c&ograve;n mang đến cảm gi&aacute;c thoải m&aacute;i v&agrave; th&iacute;ch th&uacute; cho du kh&aacute;ch với m&ugrave;i gỗ mới lan tỏa khắp nh&agrave;. Nội thất bằng gỗ của Nam Cang cũng phần n&agrave;o sưởi ấm cho bạn giữa tiết trời Sapa lạnh gi&aacute;. Điều th&uacute; vị nhất m&agrave; hầu như du kh&aacute;ch n&agrave;o cũng y&ecirc;u th&iacute;ch khi đến với Nam Cang đ&oacute; l&agrave; ngồi cạnh bờ s&ocirc;ng vừa nghe tiếng suối chảy r&oacute;c r&aacute;ch vừa nh&acirc;m nhi ly cafe n&oacute;ng. Quả l&agrave; một trải nghiệm thật tuyệt.</p>\r\n<h2><span id=\"5-Sapa-Heavenly-Homestay\"><strong>5. Sapa Heavenly Homestay</strong></span></h2>\r\n<p>Sapa Heavenly nằm ngay trong bản T&agrave; Ph&igrave;n. V&igrave; thế khi đến với homestay n&agrave;y, du kh&aacute;ch sẽ c&oacute; cơ hội trải nghiệm c&aacute;c hoạt động của người d&acirc;n trong bản như cấy l&uacute;a, trồng rau, c&ugrave;ng ngồi b&ecirc;n bếp lửa nướng đồ ăn. Ngo&agrave;i ra Sapa Heavenly cũng thường hay tổ chức c&aacute;c buổi học dạy tiếng anh miễn ph&iacute; cho trẻ em trong bản. V&agrave; gi&aacute;o vi&ecirc;n kh&ocirc;ng ai kh&aacute;c ch&iacute;nh l&agrave; những du kh&aacute;ch nước ngo&agrave;i cực k&igrave; đ&aacute;ng iu v&agrave; th&acirc;n thiện.</p>\r\n<p>Sapa Heavenly c&oacute; thiết kế tuyệt đẹp khi được x&acirc;y ho&agrave;n to&agrave;n bằng chất liệu gỗ Pơ mu cao cấp- một loại gỗ chống muỗi rất tốt. Ch&iacute;nh thiết kế n&agrave;y đ&atilde; gi&uacute;p mang lại kh&ocirc;ng gian ấm c&uacute;ng, tạo điều kiện cho du kh&aacute;ch c&oacute; những bữa cơm th&acirc;n mật ngay trong ch&iacute;nh căn bếp nhỏ của homestay. Sapa Heavenly Homestay sẽ gi&uacute;p cho chuyến<span>&nbsp;</span><strong>du lịch Sapa</strong><span>&nbsp;</span>của bạn th&ecirc;m phần &yacute; nghĩa.</p>',NULL,'Homestay Sapa','Homestay Sapa','Homestay Sapa');

/*Table structure for table `ap_tour` */

DROP TABLE IF EXISTS `ap_tour`;

CREATE TABLE `ap_tour` (
  `id` int(11) NOT NULL AUTO_INCREMENT,
  `thumbnail` varchar(50) COLLATE utf8_unicode_ci DEFAULT NULL,
  `banner` varchar(50) COLLATE utf8_unicode_ci DEFAULT NULL,
  `album` mediumtext COLLATE utf8_unicode_ci,
  `order` int(3) DEFAULT NULL,
  `is_status` tinyint(2) DEFAULT NULL,
  `price` decimal(15,0) DEFAULT '0',
  `price_sale` decimal(15,0) DEFAULT '0',
  `code` varchar(10) COLLATE utf8_unicode_ci DEFAULT NULL,
  `company` varchar(50) COLLATE utf8_unicode_ci DEFAULT NULL,
  `departure` varchar(50) COLLATE utf8_unicode_ci DEFAULT NULL COMMENT 'khởi hành',
  `from` varchar(50) COLLATE utf8_unicode_ci DEFAULT NULL COMMENT 'Nơi Đến',
  `day` int(10) DEFAULT NULL,
  `nights` int(10) DEFAULT NULL,
  `departure_date` date DEFAULT NULL COMMENT 'Ngày khởi hành',
  `map` text COLLATE utf8_unicode_ci,
  `album_customer` mediumtext COLLATE utf8_unicode_ci,
  `schedule` mediumtext COLLATE utf8_unicode_ci COMMENT 'Lộ trình tour',
  `detail` mediumtext COLLATE utf8_unicode_ci COMMENT 'Chi tiets tour',
  `note` mediumtext COLLATE utf8_unicode_ci,
  `included` text COLLATE utf8_unicode_ci,
  `excluded` text COLLATE utf8_unicode_ci,
  `created_time` datetime DEFAULT CURRENT_TIMESTAMP,
  `updated_by` int(11) DEFAULT NULL,
  `updated_time` datetime DEFAULT CURRENT_TIMESTAMP ON UPDATE CURRENT_TIMESTAMP,
  `created_by` int(11) DEFAULT NULL,
  `is_featured` int(2) DEFAULT '0',
  `displayed_time` datetime DEFAULT NULL,
  `percent` int(4) DEFAULT '0',
  `ratting` int(2) DEFAULT NULL,
  PRIMARY KEY (`id`)
) ENGINE=InnoDB AUTO_INCREMENT=10 DEFAULT CHARSET=utf8 COLLATE=utf8_unicode_ci;

/*Data for the table `ap_tour` */

insert  into `ap_tour`(`id`,`thumbnail`,`banner`,`album`,`order`,`is_status`,`price`,`price_sale`,`code`,`company`,`departure`,`from`,`day`,`nights`,`departure_date`,`map`,`album_customer`,`schedule`,`detail`,`note`,`included`,`excluded`,`created_time`,`updated_by`,`updated_time`,`created_by`,`is_featured`,`displayed_time`,`percent`,`ratting`) values (3,'destination-home4.jpg','bg-footer.jpg','[\"destination-home3.jpg\",\"destination-home4.jpg\",\"destination-home5.jpg\"]',NULL,2,'2000000','1500000','#123456','Apecsoft','Hà Nội','Hàn Quốc',4,3,'2018-05-30','#','[\"destination-home1.jpg\",\"destination-home2.jpg\"]','{\"8\":{\"date\":\"01\",\"title\":\"\\u0110\\u1ecba \\u0110i\\u1ec3m 1\",\"thumbnail\":\"feedback1.jpg\",\"content\":\"\",\"album\":[\"destination-home3.jpg\",\"destination-home1.jpg\"]},\"9\":{\"date\":\"02\",\"title\":\"\\u0110\\u1ecba \\u0110i\\u1ec3m 2\",\"thumbnail\":\"destination-home4.jpg\",\"content\":\"\",\"album\":[\"destination-home5.jpg\",\"destination-home4.jpg\",\"destination-home3.jpg\"]}}','{\"flight\":\"<p><span>Chuy\\u1ebfn bay<\\/span><\\/p>\",\"hotel\":\"<p><span>Kh&aacute;ch s\\u1ea1n<\\/span><\\/p>\",\"time\":\"<p><span>Th&ocirc;ng tin t\\u1eadp trung<\\/span><\\/p>\",\"price\":\"<p><span>Gi&aacute; tour<\\/span><\\/p>\"}','<p><span>Lưu &yacute;</span></p>','<p><label>G&oacute;i bao gồm</label><span></span></p>\r\n<div id=\"mceu_141\" class=\"mce-tinymce mce-container mce-panel\" hidefocus=\"1\" role=\"application\" tabindex=\"-1\">\r\n<div id=\"mceu_141-body\" class=\"mce-container-body mce-stack-layout\">\r\n<div id=\"mceu_142\" class=\"mce-toolbar-grp mce-container mce-panel mce-stack-layout-item mce-first\" hidefocus=\"1\" role=\"group\" tabindex=\"-1\">\r\n<div id=\"mceu_142-body\" class=\"mce-container-body mce-stack-layout\">\r\n<div id=\"mceu_143\" class=\"mce-container mce-toolbar mce-stack-layout-item mce-first\" role=\"toolbar\">\r\n<div id=\"mceu_143-body\" class=\"mce-container-body mce-flow-layout\">\r\n<div id=\"mceu_144\" class=\"mce-container mce-flow-layout-item mce-first mce-btn-group\" role=\"group\">\r\n<div id=\"mceu_144-body\">\r\n<div id=\"mceu_85\" class=\"mce-widget mce-btn mce-btn-small mce-first mce-last\" role=\"button\" aria-label=\"New document\" tabindex=\"-1\"></div>\r\n</div>\r\n</div>\r\n</div>\r\n</div>\r\n</div>\r\n</div>\r\n</div>\r\n</div>','<p><label>G&oacute;i kh&ocirc;ng bao gồm</label><span></span></p>\r\n<div id=\"mceu_226\" class=\"mce-tinymce mce-container mce-panel\" hidefocus=\"1\" role=\"application\" tabindex=\"-1\">\r\n<div id=\"mceu_226-body\" class=\"mce-container-body mce-stack-layout\">\r\n<div id=\"mceu_227\" class=\"mce-toolbar-grp mce-container mce-panel mce-stack-layout-item mce-first\" hidefocus=\"1\" role=\"group\" tabindex=\"-1\">\r\n<div id=\"mceu_227-body\" class=\"mce-container-body mce-stack-layout\">\r\n<div id=\"mceu_228\" class=\"mce-container mce-toolbar mce-stack-layout-item mce-first\" role=\"toolbar\">\r\n<div id=\"mceu_228-body\" class=\"mce-container-body mce-flow-layout\">\r\n<div id=\"mceu_229\" class=\"mce-container mce-flow-layout-item mce-first mce-btn-group\" role=\"group\">\r\n<div id=\"mceu_229-body\">\r\n<div id=\"mceu_170\" class=\"mce-widget mce-btn mce-btn-small mce-first mce-last\" role=\"button\" aria-label=\"New document\" tabindex=\"-1\"></div>\r\n</div>\r\n</div>\r\n</div>\r\n</div>\r\n</div>\r\n</div>\r\n</div>\r\n</div>','2018-06-05 00:13:20',NULL,'2018-06-07 21:17:37',NULL,0,'0000-00-00 00:00:00',0,NULL),(4,'tour/hawaii/hawaii3.jpg','','[\"tour\\/hawaii\\/hawaii.jpg\",\"tour\\/hawaii\\/hawaii1.jpg\",\"tour\\/hawaii\\/hawaii2.jpg\",\"tour\\/hawaii\\/hawaii3.jpg\",\"tour\\/hawaii\\/hawaii4.jpg\"]',NULL,1,'62990000','58990000','ABC123','Viettravel','TP.HCM','Hawaii',6,5,'2018-06-17','<iframe src=\"https://www.google.com/maps/embed?pb=!1m18!1m12!1m3!1d582136.2640622756!2d-158.14562956383088!3d21.371217781338267!2m3!1f0!2f0!3f0!3m2!1i1024!2i768!4f13.1!3m3!1m2!1s0x7c005d9231d82355%3A0xd032ef394c80f6e0!2sWahiawa%2C+Hawaii+96786!5e0!3m2!1svi!2s!4v1528379579704\" width=\"600\" height=\"450\" frameborder=\"0\" style=\"border:0\" allowfullscreen></iframe>','[\"tour\\/hawaii\\/hawaii.jpg\",\"tour\\/hawaii\\/hawaii1.jpg\",\"tour\\/hawaii\\/hawaii2.jpg\",\"tour\\/hawaii\\/hawaii3.jpg\",\"tour\\/hawaii\\/hawaii4.jpg\"]','{\"9\":{\"date\":\"1\",\"title\":\"TP.HCM \\u2013 \\u0110\\u00e0i B\\u1eafc - Honolulu (\\u0102n t\\u1ed1i)\",\"thumbnail\":\"tour\\/hawaii\\/hawaii.jpg\",\"content\":\"<p><span>Tr\\u01b0\\u1edfng \\u0111o&agrave;n Vietravel \\u0111&oacute;n Qu&yacute; kh&aacute;ch t\\u1ea1i s&acirc;n bay T&acirc;n S\\u01a1n Nh\\u1ea5t, \\u0111&aacute;p chuy\\u1ebfn bay \\u0111i \\u0110&agrave;i B\\u1eafc l&uacute;c 10:50 s&aacute;ng, qu&aacute; c\\u1ea3nh t\\u1ea1i t\\u1ea1i \\u0110&agrave;i B\\u1eafc, Qu&yacute; kh&aacute;ch ti\\u1ebfp t\\u1ee5c h&agrave;nh tr&igrave;nh \\u0111\\u1ebfn Honolulu l&uacute;c 12:45 s&aacute;ng c&ugrave;ng ng&agrave;y.<\\/span><br><span>Sau khi l&agrave;m th\\u1ee7 t\\u1ee5c nh\\u1eadp c\\u1ea3nh, Xe \\u0111\\u01b0a Qu&yacute; kh&aacute;ch tham quan, ch\\u1ee5p h&igrave;nh b&ecirc;n ngo&agrave;i trung t&acirc;m Honolulu nh\\u01b0 T&ograve;a \\u0110&ocirc; S\\u1ea3nh, T\\u01b0\\u1ee3ng vua Kamehameha - ng\\u01b0\\u1eddi c&oacute; c&ocirc;ng th\\u1ed1ng nh\\u1ea5t c&aacute;c \\u0111\\u1ea3o \\u1edf Hawaii, L&acirc;u \\u0111&agrave;i Iolani - l&acirc;u \\u0111&agrave;i ho&agrave;ng gia duy nh\\u1ea5t \\u1edf M\\u1ef9. Xe \\u0111\\u01b0a Qu&yacute; kh&aacute;ch \\u0111i nh\\u1eadn ph&ograve;ng kh&aacute;ch s\\u1ea1n, t\\u1ef1 do kh&aacute;m ph&aacute; ho\\u1eb7c ngh\\u1ec9 ng\\u01a1i sau chuy\\u1ebfn bay d&agrave;i. Qu&yacute; kh&aacute;ch c&oacute; th\\u1ec3 t\\u1ef1 do t\\u1eafm bi\\u1ec3n ho\\u1eb7c kh&aacute;m ph&aacute; B&atilde;i bi\\u1ec3n Waikiki - m\\u1ed9t trong nh\\u1eefng b&atilde;i t\\u1eafm tr\\u1ee9 danh c\\u1ee7a h&ograve;n \\u0111\\u1ea3o Hawaii d&agrave;i kho\\u1ea3ng 3 km, 10 n\\u0103m li\\u1ec1n \\u0111\\u01b0\\u1ee3c T\\u1ea1p ch&iacute; Forbes b&igrave;nh ch\\u1ecdn l&agrave; \\\"\\u0110i\\u1ec3m du l\\u1ecbch tr\\u0103ng m\\u1eadt quy\\u1ebfn r\\u0169 nh\\u1ea5t h&agrave;nh tinh\\\" Qu&yacute; kh&aacute;ch \\u0103n t\\u1ed1i t\\u1ea1i nh&agrave; h&agrave;ng \\u0111\\u1ecba ph\\u01b0\\u01a1ng v&agrave; tr\\u1edf v\\u1ec1 kh&aacute;ch s\\u1ea1n ngh\\u1ec9 ng\\u01a1i ho\\u1eb7c t\\u1ef1 do kh&aacute;m ph&aacute; Honolulu, t\\u1ef1 do \\u0111i d\\u1ea1o ph\\u1ed1 bi\\u1ec3n, th\\u0103m Ch\\u1ee3 \\u0111&ecirc;m ho\\u1eb7c xem show \\u1ea3o thu\\u1eadt, nh&acirc;m nhi li cocktail t\\u1ea1i qu&aacute;n bar, xem c&aacute;c v\\u0169 n\\u1eef th\\u1ed5 d&acirc;n m&uacute;a b\\u1ee5ng Hula Hula xen l\\u1eabn ti\\u1ebfng s&oacute;ng r&igrave; r\\u1ea7m, ti\\u1ebfng tr\\u1ed1ng v\\u1ed7 d\\u01b0\\u1edbi &aacute;nh l\\u1eeda b\\u1eadp b&ugrave;ng t\\u1ea1o nh\\u1eefng c\\u1ea3m gi&aacute;c h\\u1ebft s\\u1ee9c th&uacute; v\\u1ecb cho du kh&aacute;ch (chi ph&iacute; t\\u1ef1 t&uacute;c).<\\/span><\\/p>\",\"album\":[\"tour\\/hawaii\\/hawaii.jpg\",\"tour\\/hawaii\\/hawaii1.jpg\",\"tour\\/hawaii\\/hawaii2.jpg\"]},\"10\":{\"date\":\"2\",\"title\":\"Honolulu \\u2013 Tr\\u00e2n Ch\\u00e2u C\\u1ea3ng \\u2013 Mini Island Circle Tour ( \\u0102n ba b\\u1eefa )\",\"thumbnail\":\"tour\\/hawaii\\/hawaii4.jpg\",\"content\":\"<p><span>Sau b\\u1eefa s&aacute;ng \\u0111o&agrave;n tham quan Tr&acirc;n Ch&acirc;u C\\u1ea3ng - n\\u01a1i \\u0111&oacute;ng qu&acirc;n c\\u1ee7a h\\u1ea3i qu&acirc;n Hoa K\\u1ef3 khu v\\u1ef1c Th&aacute;i B&igrave;nh D\\u01b0\\u01a1ng (Pearl Harbor), n\\u01a1i ghi d\\u1ea5u cu\\u1ed9c t\\u1ea5n c&ocirc;ng qu&acirc;n s\\u1ef1 b\\u1ea5t ng\\u1edd c\\u1ee7a h\\u1ea3i qu&acirc;n Nh\\u1eadt th\\u1ef1c hi\\u1ec7n nh\\u1eb1m v&agrave;o c\\u0103n c\\u1ee9 h\\u1ea3i qu&acirc;n c\\u1ee7a Hoa K\\u1ef3 v&agrave;o s&aacute;ng Ch\\u1ee7 Nh\\u1eadt, ng&agrave;y 7 th&aacute;ng 12 n\\u0103m 1941, d\\u1eabn \\u0111\\u1ebfn vi\\u1ec7c M\\u1ef9 quy\\u1ebft \\u0111\\u1ecbnh tham gia v&agrave;o ho\\u1ea1t \\u0111\\u1ed9ng qu&acirc;n s\\u1ef1 trong Th\\u1ebf chi\\u1ebfn 2:<\\/span><br><span>&bull; &nbsp; &nbsp;Tham quan B\\u1ea3o t&agrave;ng T&agrave;u Ng\\u1ea7m USS Bowfin - Kh&aacute;m ph&aacute; c&aacute;c h&agrave;nh lang h\\u1eb9p tr&ecirc;n t&agrave;u USS Bowfin v&agrave; t\\u01b0\\u1edfng t\\u01b0\\u1ee3ng c\\u1ea3m gi&aacute;c ch&igrave;m s&acirc;u d\\u01b0\\u1edbi \\u0111\\u1ea1i d\\u01b0\\u01a1ng \\u0111\\u1ec3 t&igrave;m k\\u1ebb th&ugrave;. H\\u01a1n 4.000 hi\\u1ec7n v\\u1eadt v\\u1ec1 b\\u1ea3o t&agrave;ng t&agrave;u ng\\u1ea7m c&ugrave;ng v&agrave; c&ocirc;ng vi&ecirc;n tr&ecirc;n b\\u1edd gi&uacute;p du kh&aacute;ch hi\\u1ec3u r&otilde; h\\u01a1n v\\u1ec1 cu\\u1ed9c s\\u1ed1ng c\\u1ee7a nh\\u1eefng ng\\u01b0\\u1eddi l&iacute;nh \\u0111&atilde; s\\u1ed1ng v&agrave; ph\\u1ee5c v\\u1ee5 trong \\\"T&agrave;u ng\\u1ea7m b&iacute; m\\u1eadt\\\" c\\u1ee7a qu&acirc;n \\u0111\\u1ed9i M\\u1ef9.<\\/span><br><span>Xe \\u0111\\u01b0a \\u0111o&agrave;n \\u0111i \\u0103n tr\\u01b0a t\\u1ea1i nh&agrave; h&agrave;ng \\u0111\\u1ecba ph\\u01b0\\u01a1ng. Qu&yacute; kh&aacute;ch ti\\u1ebfp t\\u1ee5c h&agrave;nh tr&igrave;nh tham quan h&ograve;n \\u0111\\u1ea3o xinh \\u0111\\u1eb9p n&agrave;y nh\\u01b0: Diamond Head - Mi\\u1ec7ng n&uacute;i l\\u1eeda \\u0111&atilde; t\\u1eaft cao 231m v&agrave; l&agrave; \\u0111\\u1ec1n t\\u1ebf th\\u1ea7n c\\u1ee7a ng\\u01b0\\u1eddi Hawaii c\\u1ed5 x\\u01b0a, khu Kahala - N\\u01a1i c&oacute; nhi\\u1ec1u kh&aacute;ch s\\u1ea1n v&agrave; bi\\u1ec7t th\\u1ef1 sang tr\\u1ecdng, Ng\\u1ea1c nhi&ecirc;n th&iacute;ch th&uacute; nh&igrave;n ng\\u1eafm Blowhole - N\\u01a1i c\\u1ed9t n\\u01b0\\u1edbc kh\\u1ed5ng l\\u1ed3 h&igrave;nh th&agrave;nh t\\u1eeb nh\\u1eefng \\u0111\\u1ee3t s&oacute;ng bi\\u1ec3n \\u0111\\u1eadp v&agrave;o v&aacute;ch \\u0111&aacute;. Ti\\u1ebfp t\\u1ee5c tham quan v\\u1ecbnh Hanauma c&oacute; h&igrave;nh m&oacute;ng ng\\u1ef1a v&agrave; l&agrave; m\\u1ed9t trong nh\\u1eefng b&atilde;i bi\\u1ec3n \\u0111\\u1eb9p nh\\u1ea5t \\u1edf M\\u1ef9, \\u0111\\u01b0\\u1ee3c bao quanh b\\u1edfi b&atilde;i c&aacute;t san h&ocirc;, d\\u1eebng ch&acirc;n t\\u1ea1i V\\u1ecdng H\\u1ea3i \\u0110&agrave;i Pali nghe gi&oacute; l&ugrave;a qua v&aacute;ch n&uacute;i. \\u0102n t\\u1ed1i v&agrave; v\\u1ec1 l\\u1ea1i kh&aacute;ch s\\u1ea1n ngh\\u1ec9 \\u0111&ecirc;m.&nbsp;<\\/span><\\/p>\",\"album\":[\"tour\\/hawaii\\/hawaii.jpg\",\"tour\\/hawaii\\/hawaii3.jpg\",\"tour\\/hawaii\\/hawaii4.jpg\"]},\"11\":{\"date\":\"3\",\"title\":\" Honolulu - City Tour (\\u0102n ba b\\u1eefa)\",\"thumbnail\":\"tour\\/hawaii\\/hawaii1.jpg\",\"content\":\"<p><span>\\u0102n s&aacute;ng t\\u1ea1i kh&aacute;ch s\\u1ea1n, xe \\u0111\\u01b0a Qu&yacute; kh&aacute;ch \\u0111i tham quan Khu b\\u1ea3o t\\u1ed3n thi&ecirc;n nhi&ecirc;n v&agrave; n&ocirc;ng tr\\u1ea1i Kualoa Ranch, th\\u1eafng c\\u1ea3nh n\\u1ed5i ti\\u1ebfng c\\u1ee7a Honolulu, n\\u01a1i \\u0111\\u01b0\\u1ee3c Hollywoods ch\\u1ecdn l&agrave;m c\\u1ea3nh quay c\\u1ee7a nhi\\u1ec1u b\\u1ed9 phim bom t\\u1ea5n: C&ocirc;ng vi&ecirc;n k\\u1ef7 Jura, Tr&acirc;n Ch&acirc;u C\\u1ea3ng, Godzilla,&hellip; tham quan:&nbsp;<\\/span><br><span>&bull; &nbsp; &nbsp;\\u0110i xe chuy&ecirc;n d\\u1ee5ng d\\u1ecdc theo th\\u1ea3o nguy&ecirc;n, kh&aacute;m ph&aacute; v\\u1ebb \\u0111\\u1eb9p c\\u1ee7a c&aacute;c thung l\\u0169ng th\\u01a1 m\\u1ed9ng, khu r\\u1eebng nguy&ecirc;n s\\u01a1, n&ocirc;ng tr\\u1ea1i, nh\\u1eefng ng\\u1ecdn n&uacute;i h&ugrave;ng v\\u0129 n\\u1ed5i ti\\u1ebfng c\\u1ee7a Hawaii,&hellip; \\u0110&acirc;y c\\u0169ng l&agrave; b\\u1ed1i c\\u1ea3nh v&agrave; phim tr\\u01b0\\u1eddng c&aacute;c b\\u1ed9 phim n\\u1ed5i ti\\u1ebfng c\\u1ee7a Hollywoods.<\\/span><br><span>Bu\\u1ed5i chi\\u1ec1u, Qu&yacute; kh&aacute;ch tham quan v&agrave; vui ch\\u01a1i t\\u1ea1i Trung t&acirc;m V\\u0103n h&oacute;a Polynesian. T\\u1ea1i \\u0111&acirc;y, Qu&yacute; kh&aacute;ch s\\u1ebd c&oacute; c\\u01a1 h\\u1ed9i kh&aacute;m ph&aacute; c&aacute;c n\\u1ec1n v\\u0103n h&oacute;a \\u1edf Hawaii v&agrave; c&aacute;c \\u0111\\u1ea3o Nam Th&aacute;i B&igrave;nh D\\u01b0\\u01a1ng nh\\u01b0 Samoa, Maori, Fiji, Hawaii, Tonga, Tahiti v&agrave; Marquises. \\u0110o&agrave;n d&ugrave;ng b\\u1eefa t\\u1ed1i t\\u1ea1i Polynesian v&agrave; th\\u01b0\\u1edfng th\\u1ee9c ch\\u01b0\\u01a1ng tr&igrave;nh bi\\u1ec3u di\\u1ec5n ho&agrave;nh tr&aacute;ng &ldquo;Ha: Breath Of Life&rdquo;. Sau chuy\\u1ebfn tham quan, Qu&yacute; kh&aacute;ch v\\u1ec1 kh&aacute;ch s\\u1ea1n ngh\\u1ec9 ng\\u01a1i.<\\/span><\\/p>\",\"album\":[\"khu-nghi-duong-melia-da-nang-2-800x450.jpg\",\"khu-nghi-duong-sheraton-grand-da-nang-2-800x450.jpg\",\"khu-nghi-duong-the-anam-nha-trang-1-800x450.jpg\"]},\"13\":{\"date\":\"6\",\"title\":\"\\u0110\\u00e0i B\\u1eafc \\u2013 Tp H\\u1ed3 Ch\\u00ed Minh\",\"thumbnail\":\"\",\"content\":\"L\\u00e0m th\\u1ee7 t\\u1ee5c tr\\u1ea3 ph\\u00f2ng s\\u1edbm. Xe \\u0111\\u01b0a Qu\\u00fd kh\\u00e1ch kh\\u1edfi h\\u00e0nh ra s\\u00e2n bay \\u0111\\u00f3n chuy\\u1ebfn bay v\\u1ec1 s\\u00e2n bay T\\u00e2n S\\u01a1n Nh\\u1ea5t. \\u0110\\u1ebfn s\\u00e2n bay,  xe Vietravel s\\u1ebd \\u0111\\u00f3n v\\u00e0 \\u0111\\u01b0a Qu\\u00fd kh\\u00e1ch v\\u1ec1 l\\u1ea1i 190 Pasteur Q3 TP.HCM. K\\u1ebft th\\u00fac chuy\\u1ebfn tham quan.\"},\"14\":{\"date\":\"5\",\"title\":\"\\u0110\\u00e0i B\\u1eafc (\\u0102n t\\u1ed1i)\",\"thumbnail\":\"tour\\/hawaii\\/hawaii1.jpg\",\"content\":\"<p><span>\\u0110\\u1ebfn s&acirc;n bay \\u0110&agrave;o Vi&ecirc;n, Qu&yacute; kh&aacute;ch d&ugrave;ng b\\u1eefa t\\u1ed1i t\\u1ea1i nh&agrave; h&agrave;ng g\\u1ea7n s&acirc;n bay v&agrave; nh\\u1eadn ph&ograve;ng kh&aacute;ch s\\u1ea1n ngh\\u1ec9 ng\\u01a1i.<\\/span><\\/p>\"}}','{\"flight\":\"<table width=\\\"100%\\\">\\r\\n<tbody>\\r\\n<tr style=\\\"height: 24px;\\\">\\r\\n<td style=\\\"width: 97px; height: 24px;\\\"><span>Ng&agrave;y \\u0111i: 17\\/06\\/2018 10:50<\\/span><\\/td>\\r\\n<td style=\\\"width: 98px; height: 24px;\\\"><span>\\u0110\\u1ebfn: 17\\/06\\/2018 14:45<\\/span><\\/td>\\r\\n<td style=\\\"width: 98px; height: 24px;\\\"><span>Chuy\\u1ebfn bay: CI782+CI002<\\/span><\\/td>\\r\\n<\\/tr>\\r\\n<tr style=\\\"height: 16px;\\\">\\r\\n<td style=\\\"width: 97px; height: 16px;\\\"><span>Ng&agrave;y v\\u1ec1: 20\\/06\\/2018 14:55<\\/span><\\/td>\\r\\n<td style=\\\"width: 98px; height: 16px;\\\"><span>\\u0110\\u1ebfn: 22\\/06\\/2018 09:50<\\/span><\\/td>\\r\\n<td style=\\\"width: 98px; height: 16px;\\\"><span>Chuy\\u1ebfn bay: CI1+CI781<\\/span><\\/td>\\r\\n<\\/tr>\\r\\n<\\/tbody>\\r\\n<\\/table>\",\"hotel\":\"<p>\\u0110ang c\\u1eadp nh\\u1eadt<\\/p>\",\"time\":\"<table width=\\\"100%\\\" height=\\\"90\\\">\\r\\n<tbody>\\r\\n<tr>\\r\\n<td style=\\\"width: 58px;\\\">Ng&agrave;y gi\\u1edd t\\u1eadp trung<\\/td>\\r\\n<td style=\\\"width: 58px;\\\"><span>17\\/06\\/2018 08:50<\\/span><\\/td>\\r\\n<\\/tr>\\r\\n<tr>\\r\\n<td style=\\\"width: 58px;\\\">N\\u01a1i t\\u1eadp trung<\\/td>\\r\\n<td style=\\\"width: 58px;\\\">S&acirc;n bay<\\/td>\\r\\n<\\/tr>\\r\\n<tr>\\r\\n<td style=\\\"width: 58px;\\\">Ng&agrave;y gi\\u1edd h\\u1ecdp \\u0111o&agrave;n<\\/td>\\r\\n<td style=\\\"width: 58px;\\\">07\\/06\\/2018 09:00<\\/td>\\r\\n<\\/tr>\\r\\n<\\/tbody>\\r\\n<\\/table>\",\"price\":\"<table width=\\\"100%\\\" height=\\\"163\\\">\\r\\n<tbody>\\r\\n<tr>\\r\\n<td style=\\\"width: 141px;\\\"><\\/td>\\r\\n<td style=\\\"width: 142px; text-align: center;\\\"><strong>Gi&aacute; ng\\u01b0\\u1eddi l\\u1edbn (T\\u1eeb 12 tu\\u1ed5i tr\\u1edf l&ecirc;n)<\\/strong><\\/td>\\r\\n<td style=\\\"width: 142px; text-align: center;\\\"><strong>Gi&aacute; tr\\u1ebb em (T\\u1eeb 2 \\u0111\\u1ebfn 12 tu\\u1ed5i)<\\/strong><\\/td>\\r\\n<td style=\\\"width: 142px; text-align: center;\\\"><strong>Gi&aacute; tr\\u1ebb nh\\u1ecf (D\\u01b0\\u1edbi 2 tu\\u1ed5i)<\\/strong><\\/td>\\r\\n<\\/tr>\\r\\n<tr>\\r\\n<td style=\\\"width: 141px;\\\">Gi&aacute; tour c\\u01a1 b\\u1ea3n<\\/td>\\r\\n<td style=\\\"width: 142px; text-align: center;\\\">62,990,000 \\u0111<\\/td>\\r\\n<td style=\\\"width: 142px; text-align: center;\\\">56,691,000 \\u0111<\\/td>\\r\\n<td style=\\\"width: 142px; text-align: center;\\\">18,897,000 \\u0111<\\/td>\\r\\n<\\/tr>\\r\\n<tr>\\r\\n<td style=\\\"width: 141px;\\\">Ph\\u1ee5 thu x\\u0103ng d\\u1ea7u &amp; B\\u1ea3o hi\\u1ec3m h&agrave;ng kh&ocirc;ng<\\/td>\\r\\n<td style=\\\"width: 142px; text-align: center;\\\">0\\u0111<\\/td>\\r\\n<td style=\\\"width: 142px; text-align: center;\\\">0\\u0111<\\/td>\\r\\n<td style=\\\"width: 142px; text-align: center;\\\">0\\u0111<\\/td>\\r\\n<\\/tr>\\r\\n<tr>\\r\\n<td style=\\\"width: 141px;\\\">L\\u1ec7 ph&iacute; s&acirc;n bay<\\/td>\\r\\n<td style=\\\"width: 142px; text-align: center;\\\">0\\u0111<\\/td>\\r\\n<td style=\\\"width: 142px; text-align: center;\\\">0\\u0111<\\/td>\\r\\n<td style=\\\"width: 142px; text-align: center;\\\">0\\u0111<\\/td>\\r\\n<\\/tr>\\r\\n<tr>\\r\\n<td style=\\\"width: 141px;\\\">Ph\\u1ee5 thu visa (n\\u1ebfu c&oacute;)<\\/td>\\r\\n<td style=\\\"width: 142px; text-align: center;\\\">3,680,000 \\u0111<\\/td>\\r\\n<td style=\\\"width: 142px; text-align: center;\\\">3,680,000 \\u0111<\\/td>\\r\\n<td style=\\\"width: 142px; text-align: center;\\\">3,680,000 \\u0111<\\/td>\\r\\n<\\/tr>\\r\\n<tr>\\r\\n<td style=\\\"width: 141px;\\\">Ph\\u1ee5 thu Visa t&aacute;i nh\\u1eadp Vi\\u1ec7t Nam<\\/td>\\r\\n<td style=\\\"width: 438px; text-align: center;\\\" colspan=\\\"3\\\">1,480,000 \\u0111<\\/td>\\r\\n<\\/tr>\\r\\n<tr>\\r\\n<td style=\\\"width: 141px;\\\">Ph\\u1ee5 thu ph&ograve;ng \\u0111\\u01a1n<\\/td>\\r\\n<td style=\\\"width: 438px; text-align: center;\\\" colspan=\\\"3\\\">20,000,000 \\u0111<\\/td>\\r\\n<\\/tr>\\r\\n<\\/tbody>\\r\\n<\\/table>\"}','<p><span>Gi&aacute; tour đ&atilde; bao gồm:<br>- V&eacute; m&aacute;y bay khứ hồi TP.HCM &ndash; Đ&agrave;i Bắc - Honolulu / Honolulu - Đ&agrave;i Bắc - TP.HCM (H&agrave;ng kh&ocirc;ng China Airlines)<br>- Thuế v&agrave; c&aacute;c khoản phụ thu của h&agrave;ng kh&ocirc;ng.<br>- Kh&aacute;ch sạn 3* - 4* ti&ecirc;u chuẩn quốc tế (ph&ograve;ng hai kh&aacute;ch từ 12 tuổi trở l&ecirc;n).<br>- C&aacute;c bữa ăn được liệt k&ecirc; theo chương tr&igrave;nh.<br>- V&eacute; tham quan theo chương tr&igrave;nh.<br>- Hướng dẫn vi&ecirc;n địa phương v&agrave; hướng dẫn vi&ecirc;n của Vietravel.<br>- Xe m&aacute;y lạnh sử dụng theo chương tr&igrave;nh.<br>- Bảo hiểm du lịch (mức bồi thường tối đa l&ecirc;n đến 1.400.000.000VNĐ).<br>&nbsp;<br>&nbsp;Gi&aacute; tour kh&ocirc;ng bao gồm:<br>- Ph&iacute; visa Hoa Kỳ (3.680.000VNĐ).<br>- Ph&iacute; ph&ograve;ng đơn (d&agrave;nh cho kh&aacute;ch y&ecirc;u cầu ở ph&ograve;ng đơn)<br>- Tham quan v&agrave; sử dụng xe ngo&agrave;i chương tr&igrave;nh.<br>- Chi ph&iacute; c&aacute; nh&acirc;n: giặt ủi, điện thoại...<br>- H&agrave;nh l&yacute; qu&aacute; cước.<br>- Chi ph&iacute; dời ng&agrave;y, đổi chặng, n&acirc;ng hạng v&eacute; m&aacute;y bay.<br>&nbsp;<br>&nbsp;Tiền bồi dưỡng:<br>- Tiền &nbsp;bồi dưỡng cho hướng dẫn vi&ecirc;n v&agrave; t&agrave;i xế: kh&ocirc;ng bắt buộc.&nbsp;<br>&nbsp;<br>&nbsp;Qu&agrave; tặng:<br>- Qu&agrave; tặng Vietravel.<br>- Thẻ th&agrave;nh vi&ecirc;n với nhiều ưu đ&atilde;i.<br>&nbsp;<br>&nbsp; Gi&aacute; tour d&agrave;nh cho trẻ em:<br>+ Trẻ em dưới 2 tuổi: 30% gi&aacute; tour.<br>+ Trẻ em từ 2 tuổi đến dưới 12 tuổi: 90% gi&aacute; tour (kh&ocirc;ng c&oacute; chế độ giường ri&ecirc;ng)<br>+ Trẻ em đủ 12 tuổi trở l&ecirc;n: 100% gi&aacute; người lớn..</span></p>\r\n<p><span>Qu&yacute; kh&aacute;ch c&oacute; nhu cầu xuất H&oacute;a đơn, vui l&ograve;ng b&aacute;o cho nh&acirc;n vi&ecirc;n l&uacute;c đăng k&yacute; v&agrave; thanh to&aacute;n tour. Vietravel sẽ kh&ocirc;ng giải quyết c&aacute;c trường hợp xuất H&oacute;a đơn cho kh&aacute;ch sau thời gian tour đ&atilde; khởi h&agrave;nh</span><br><span>- Khi đăng k&yacute; tour du lịch, Qu&yacute; kh&aacute;ch vui l&ograve;ng đọc kỹ chương tr&igrave;nh, gi&aacute; tour, c&aacute;c khoản bao gồm cũng như kh&ocirc;ng bao gồm trong chương tr&igrave;nh, c&aacute;c điều kiện hủy tour tr&ecirc;n bi&ecirc;n nhận đ&oacute;ng tiền. Trong trường hợp Qu&yacute; kh&aacute;ch kh&ocirc;ng trực tiếp đến đăng k&yacute; tour m&agrave; do người kh&aacute;c đến đăng k&yacute; th&igrave; Qu&yacute; kh&aacute;ch vui l&ograve;ng t&igrave;m hiểu kỹ chương tr&igrave;nh từ người đăng k&yacute; cho m&igrave;nh.</span><br><span>- &nbsp;Qu&yacute; kh&aacute;ch từ 70 tuổi trở l&ecirc;n y&ecirc;u cầu phải c&oacute; giấy x&aacute;c nhận đầy đủ sức khoẻ để đi du lịch nước ngo&agrave;i của b&aacute;c sĩ + giấy cam kết sức khỏe với C&ocirc;ng ty v&agrave; phải c&oacute; người th&acirc;n dưới 60 tuổi (đầy đủ sức khoẻ) đi theo. Ngo&agrave;i ra, kh&aacute;ch tr&ecirc;n 75 tuổi vui l&ograve;ng đ&oacute;ng th&ecirc;m ph&iacute; bảo hiểm cao cấp (ph&iacute; thay đổi t&ugrave;y theo tour).</span><br><span>- Kh&ocirc;ng nhận kh&aacute;ch từ 80 tuổi trở l&ecirc;n</span><br><span>- Kh&ocirc;ng nhận kh&aacute;ch c&oacute; thai từ 5 th&aacute;ng trở l&ecirc;n tham gia c&aacute;c tour du lịch nước ngo&agrave;i v&igrave; l&iacute; do an to&agrave;n cho kh&aacute;ch.</span><br><span>- Do c&aacute;c chuyến bay phụ thuộc v&agrave;o c&aacute;c h&atilde;ng H&agrave;ng Kh&ocirc;ng n&ecirc;n trong một số trường hợp giờ bay c&oacute; thể thay đổi m&agrave; kh&ocirc;ng được b&aacute;o trước.</span><br><span>- T&ugrave;y v&agrave;o t&igrave;nh h&igrave;nh thực tế, thứ tự c&aacute;c điểm tham quan trong chương tr&igrave;nh c&oacute; thể thay đổi nhưng vẫn đảm bảo đầy đủ c&aacute;c điểm tham quan như l&uacute;c đầu.</span><br><span>- Vietravel sẽ kh&ocirc;ng chịu tr&aacute;ch nhiệm bảo đảm c&aacute;c điểm tham quan trong trường hợp:</span><br><span>+ Xảy ra thi&ecirc;n tai: b&atilde;o lụt, hạn h&aacute;n, động đất&hellip;</span><br><span>+ Sự cố về an ninh: khủng bố, biểu t&igrave;nh</span><br><span>+ Sự cố về h&agrave;ng kh&ocirc;ng: trục trặc kỹ thuật, an ninh, dời, hủy, ho&atilde;n chuyến bay.</span><br><span>Nếu những trường hợp tr&ecirc;n xảy ra, Vietravel sẽ xem x&eacute;t để ho&agrave;n trả chi ph&iacute; kh&ocirc;ng tham quan cho kh&aacute;ch trong điều kiện c&oacute; thể (sau khi đ&atilde; trừ lại c&aacute;c dịch vụ đ&atilde; thực hiện như ph&iacute; l&agrave;m visa&hellip;.v&agrave; kh&ocirc;ng chịu tr&aacute;ch nhiệm bồi thường th&ecirc;m bất kỳ chi ph&iacute; n&agrave;o kh&aacute;c).</span><br><span>&nbsp;</span><br><span>&nbsp;Quy tr&igrave;nh đăng k&yacute; &amp; thanh to&aacute;n:</span><br><span>Đợt 1: Đặt cọc 20.000.000 VNĐ + 3.680.000 VNĐ ph&iacute; visa v&agrave; nộp 1 bản copy hồ sơ theo y&ecirc;u cầu của Vietravel.</span><br><span>Đợt 2: Thanh to&aacute;n số tiền tour c&ograve;n lại sau khi được chấp thuận visa.</span><br><span>&nbsp;</span><br><span>&nbsp;Điều khoản huỷ tour:</span><br><span>+ Sau khi đặt cọc tour v&agrave; trước khi Vietravel nộp ph&iacute; visa: Kh&ocirc;ng mất ph&iacute;.</span><br><span>+ Sau khi Vietravel nộp ph&iacute; visa: chi ph&iacute; kh&ocirc;ng ho&agrave;n lại l&agrave; 3.680.000 VNĐ.&nbsp;</span><br><span>+ Trường hợp Qu&yacute; kh&aacute;ch bị từ chối visa: chi ph&iacute; kh&ocirc;ng ho&agrave;n lại l&agrave; 3.680.000 VNĐ.</span><br><span>+ Sau khi được L&atilde;nh Sự Qu&aacute;n cấp visa, Qu&yacute; kh&aacute;ch hủy tour: chi ph&iacute; kh&ocirc;ng ho&agrave;n lại 20.000.000 VNĐ/ kh&aacute;ch</span><br><span>&nbsp;</span><br><span>&nbsp;Đối với ng&agrave;y Lễ, Tết:</span><br><span>- Nếu hủy hoặc chuyển sang c&aacute;c tuyến du lịch kh&aacute;c trước ng&agrave;y khởi h&agrave;nh 45 ng&agrave;y: Kh&ocirc;ng mất chi ph&iacute;.</span><br><span>- Nếu hủy hoặc chuyển sang c&aacute;c chuyến du lịch kh&aacute;c từ 34-44 ng&agrave;y trước ng&agrave;y khởi h&agrave;nh: Chi ph&iacute; chuyển/huỷ tour l&agrave; 50% tiền cọc tour.</span><br><span>- Nếu hủy hoặc chuyển sang c&aacute;c chuyến du lịch kh&aacute;c từ 25-33 ng&agrave;y trước ng&agrave;y khởi h&agrave;nh: Chi ph&iacute; chuyển/huỷ tour l&agrave; 100% tiền cọc tour.</span><br><span>- Nếu hủy chuyến du lịch ngay sau khi Đại Sứ Qu&aacute;n, L&atilde;nh Sự Qu&aacute;n đ&atilde; cấp visa (đối với c&aacute;c nước cần visa): Chi ph&iacute; huỷ tour l&agrave; 100% tiền cọc tour.&nbsp;</span><br><span>- Nếu hủy chuyến du lịch trong v&ograve;ng 20-24 ng&agrave;y trước ng&agrave;y khởi h&agrave;nh: Chi ph&iacute; huỷ tour l&agrave; 50% tr&ecirc;n gi&aacute; tour du lịch.</span><br><span>- Nếu hủy chuyến du lịch trong v&ograve;ng từ 11-18 ng&agrave;y trước ng&agrave;y khởi h&agrave;nh: Chi ph&iacute; huỷ tour l&agrave; 70% tr&ecirc;n gi&aacute; tour du lịch.</span><br><span>- Nếu hủy chuyến du lịch trong v&ograve;ng từ 02-10 ng&agrave;y trước ng&agrave;y khởi h&agrave;nh: Chi ph&iacute; huỷ tour l&agrave; 90% tr&ecirc;n gi&aacute; v&eacute; du lịch.</span><br><span>- Nếu hủy chuyến du lịch trong v&ograve;ng 01 ng&agrave;y trước ng&agrave;y khởi h&agrave;nh: Chi ph&iacute; huỷ tour l&agrave; 100% tr&ecirc;n gi&aacute; v&eacute; du lịch.</span><br><span>* C&aacute;c tour ng&agrave;y lễ, tết l&agrave; c&aacute;c tour c&oacute; thời gian diễn ra rơi v&agrave;o một trong c&aacute;c ng&agrave;y lễ, tết theo qui định.</span><br><span>&nbsp;</span><br><span>&nbsp;Đối với ng&agrave;y thường:</span><br><span>- Nếu hủy hoặc chuyển sang c&aacute;c tuyến du lịch kh&aacute;c trước ng&agrave;y khởi h&agrave;nh 30 ng&agrave;y: Kh&ocirc;ng mất chi ph&iacute;.</span><br><span>- Nếu hủy hoặc chuyển sang c&aacute;c chuyến du lịch kh&aacute;c từ 24-29 ng&agrave;y trước ng&agrave;y khởi h&agrave;nh: Chi ph&iacute; chuyển/huỷ tour l&agrave; 50% tiền cọc tour.</span><br><span>- Nếu hủy hoặc chuyển sang c&aacute;c chuyến du lịch kh&aacute;c từ 20-24 ng&agrave;y trước ng&agrave;y khởi h&agrave;nh: Chi ph&iacute; chuyển/huỷ tour l&agrave; 100% tiền cọc tour.</span><br><span>- Nếu hủy chuyến du lịch ngay sau khi Đại Sứ Qu&aacute;n, L&atilde;nh Sự Qu&aacute;n đ&atilde; cấp visa (đối với c&aacute;c nước cần visa): Chi ph&iacute; huỷ tour l&agrave; 100% tiền cọc tour.&nbsp;</span><br><span>- Nếu hủy chuyến du lịch trong v&ograve;ng từ 14-19 ng&agrave;y trước ng&agrave;y khởi h&agrave;nh: Chi ph&iacute; huỷ tour l&agrave; 50% tr&ecirc;n gi&aacute; tour du lịch.</span><br><span>- Nếu hủy chuyến du lịch trong v&ograve;ng từ 10-13 ng&agrave;y trước ng&agrave;y khởi h&agrave;nh: Chi ph&iacute; huỷ tour l&agrave; 70% tr&ecirc;n gi&aacute; tour du lịch.</span><br><span>- Nếu hủy chuyến du lịch trong v&ograve;ng từ 02-09 ng&agrave;y trước ng&agrave;y khởi h&agrave;nh: Chi ph&iacute; huỷ tour l&agrave; 90% tr&ecirc;n gi&aacute; v&eacute; du lịch.</span><br><span>- Nếu hủy chuyến du lịch trong v&ograve;ng 01 ng&agrave;y trước ng&agrave;y khởi h&agrave;nh : Chi ph&iacute; huỷ tour l&agrave; 100% tr&ecirc;n gi&aacute; v&eacute; du lịch.</span><br><span>* Thời gian hủy tour được t&iacute;nh cho ng&agrave;y l&agrave;m việc, kh&ocirc;ng t&iacute;nh thứ bảy, chủ nhật v&agrave; c&aacute;c ng&agrave;y Lễ, Tết.</span><br><span>&nbsp;</span><br><span>***Lưu &yacute; khi chuyển/huỷ tour:</span><br><span>- Sau khi đ&oacute;ng tiền, nếu Qu&yacute; kh&aacute;ch muốn chuyển/huỷ tour xin vui l&ograve;ng mang V&eacute; Du Lịch đến văn ph&ograve;ng đăng k&yacute; tour để l&agrave;m thủ tục chuyển/huỷ tour v&agrave; chịu Chi ph&iacute; huỷ tour l&agrave; theo quy định của Vietravel. Kh&ocirc;ng giải quyết c&aacute;c trường hợp li&ecirc;n hệ chuyển/huỷ tour qua điện thoại.</span><br><span>- Đối với những tour c&ograve;n thời hạn hủy nhưng đ&atilde; l&agrave;m visa, Qu&yacute; kh&aacute;ch vui l&ograve;ng thanh to&aacute;n ph&iacute; visa.</span><br><span>&nbsp;</span><br><span>&nbsp;Hồ sơ cần chuẩn bị (Qu&yacute; kh&aacute;ch chuẩn bị v&agrave; nộp bản copy những giấy tờ sau. Ng&agrave;y đi phỏng vấn Qu&yacute; Kh&aacute;ch vui l&ograve;ng mang to&agrave;n bộ hồ sơ bản gốc)</span><br><span>1. Chứng minh gia đ&igrave;nh:</span><br><span>- Hộ chiếu c&ograve;n hạn sử dụng từ 6 th&aacute;ng trở l&ecirc;n, đ&atilde; từng đi nước ngo&agrave;i.(Hộ chiếu cũ hết hạn sử dụng nếu c&oacute;).</span><br><span>- Hộ khẩu, H&ocirc;n th&uacute;, 1 ảnh 5x5 (chụp thẳng, ph&ocirc;ng nền trắng, chụp trong v&ograve;ng 1 th&aacute;ng gần nhất,t&oacute;c v&eacute;n tai, kh&ocirc;ng đeo k&iacute;nh ).</span><br><span>- Giấy khai sinh &nbsp;của trẻ em nếu c&oacute; trẻ em đi k&egrave;m hoặc của người lớn nếu &nbsp;muốn chứng minh quan hệ gia đ&igrave;nh&nbsp;</span><br><span>- Form mỗi c&aacute; nh&acirc;n khai đầy đủ th&ocirc;ng tin theo mẫu Vietravel cung cấp</span><br><span>&nbsp;</span><br><span>2. Chứng minh c&ocirc;ng việc v&agrave; thu nhập:</span><br><span>- Nếu l&agrave; chủ doanh nghiệp: Danh thiếp, Giấy ph&eacute;p KD, Ho&aacute; đơn đ&oacute;ng thuế 3 th&aacute;ng gần nhất, Cataloge sản phẩm doanh nghiệp, Hợp đồng kinh tế với đối t&aacute;c &nbsp;(nếu c&oacute; )&nbsp;</span><br><span>- Nếu l&agrave; CB-CNV:Danh thiếp, Giấy x&aacute;c nhận của cơ quan về chức vụ, mức lương hoặc hợp đồng lao động. Giấy cho nghỉ ph&eacute;p đi du lịch của cơ quan.</span><br><span>- Nếu đ&atilde; về hưu: quyết định về hưu, thẻ hưu tr&iacute;.</span><br><span>- Kinh doanh tự do: hợp đồng cho thu&ecirc; nh&agrave;, thu&ecirc; xe, chứng nhận sở hữu cổ phần, cổ phiếu,&hellip;</span><br><span>- Nếu l&agrave; học sinh, sinh vi&ecirc;n: Thẻ học sinh, sinh vi&ecirc;n hoặc bảng điểm, sổ li&ecirc;n lạc.</span><br><span>&nbsp;</span><br><span>3. T&agrave;i sản:</span><br><span>- Giấy tờ nh&agrave; đất, xe &ocirc;t&ocirc; (nếu c&oacute;).&nbsp;</span><br><span>- Sổ tiết kiệm (&iacute;t nhất 200.000.000VNĐ).</span></p>','<p><span>- V&eacute; m&aacute;y bay khứ hồi TP.HCM &ndash; Đ&agrave;i Bắc - Honolulu / Honolulu - Đ&agrave;i Bắc - TP.HCM (H&agrave;ng kh&ocirc;ng China Airlines)</span><br><span>- Thuế v&agrave; c&aacute;c khoản phụ thu của h&agrave;ng kh&ocirc;ng.</span><br><span>- Kh&aacute;ch sạn 3* - 4* ti&ecirc;u chuẩn quốc tế (ph&ograve;ng hai kh&aacute;ch từ 12 tuổi trở l&ecirc;n).</span><br><span>- C&aacute;c bữa ăn được liệt k&ecirc; theo chương tr&igrave;nh.</span><br><span>- V&eacute; tham quan theo chương tr&igrave;nh.</span><br><span>- Hướng dẫn vi&ecirc;n địa phương v&agrave; hướng dẫn vi&ecirc;n của Vietravel.</span><br><span>- Xe m&aacute;y lạnh sử dụng theo chương tr&igrave;nh.</span><br><span>- Bảo hiểm du lịch (mức bồi thường tối đa l&ecirc;n đến 1.400.000.000VNĐ).</span><br><br></p>','<p><span>- Ph&iacute; visa Hoa Kỳ (3.680.000VNĐ).</span><br><span>- Ph&iacute; ph&ograve;ng đơn (d&agrave;nh cho kh&aacute;ch y&ecirc;u cầu ở ph&ograve;ng đơn)</span><br><span>- Tham quan v&agrave; sử dụng xe ngo&agrave;i chương tr&igrave;nh.</span><br><span>- Chi ph&iacute; c&aacute; nh&acirc;n: giặt ủi, điện thoại...</span><br><span>- H&agrave;nh l&yacute; qu&aacute; cước.</span><br><span>- Chi ph&iacute; dời ng&agrave;y, đổi chặng, n&acirc;ng hạng v&eacute; m&aacute;y bay.</span><br><span>&nbsp;</span><br><span>&nbsp;Tiền bồi dưỡng:</span><br><span>- Tiền &nbsp;bồi dưỡng cho hướng dẫn vi&ecirc;n v&agrave; t&agrave;i xế: kh&ocirc;ng bắt buộc.&nbsp;</span></p>','2018-06-05 21:36:08',NULL,'2018-06-07 20:57:10',NULL,0,'0000-00-00 00:00:00',7,NULL),(5,'tour/phu-quoc/phu-quoc1.png','','[\"tour\\/phu-quoc\\/phu-quoc.jpg\",\"tour\\/phu-quoc\\/phu-quoc1.png\",\"tour\\/phu-quoc\\/phu-quoc2.jpg\",\"ivivu-phu-quoc-3n2d-dao-ngoc-phu-quoc-bienjpg.jpg\",\"ivivu-phu-quoc-3n2d-dao-ngoc-phu-quoc.jpg\",\"ivuv-phuquoc3n2d-dao-ngoc-phu-quoc-san-ho.jpg\"]',NULL,1,'6500000','4590000','NDSGN877-0','Vietravel','TP.HCM','Phú Quốc',3,2,'2018-06-10','<iframe src=\"https://www.google.com/maps/embed?pb=!1m18!1m12!1m3!1d502580.08922006044!2d103.67721397775028!3d10.228725656875527!2m3!1f0!2f0!3f0!3m2!1i1024!2i768!4f13.1!3m3!1m2!1s0x31a78c62b49eda17%3A0x8aa79fbbdd72cdb!2zUGjDuiBRdeG7kWM!5e0!3m2!1svi!2s!4v1528379147107\" width=\"600\" height=\"450\" frameborder=\"0\" style=\"border:0\" allowfullscreen></iframe>','[\"tour\\/phu-quoc\\/phu-quoc1.png\",\"tour\\/phu-quoc\\/phu-quoc.jpg\",\"tour\\/phu-quoc\\/phu-quoc2.jpg\"]','{\"8\":{\"date\":\"1\",\"title\":\"TP.H\\u1ed2 CH\\u00cd MINH \\u2013 PH\\u00da QU\\u1ed0C (\\u0102N TR\\u01afA, CHI\\u1ec0U)\",\"thumbnail\":\"tour\\/phu-quoc\\/phu-quoc.jpg\",\"content\":\"<p>Bu\\u1ed5i s&aacute;ng :&nbsp;Qu&yacute; kh&aacute;ch \\u0103n sang t\\u1ea1i kh&aacute;ch s\\u1ea1n.Sau \\u0111&oacute; :&nbsp;<\\/p>\\r\\n<p>- L\\u1ef1a ch\\u1ecdn 1: Ngh\\u1ec9 ng\\u01a1i trong kh&aacute;ch s\\u1ea1n, t\\u1ef1 do t\\u1eafm bi\\u1ec3n hay mua s\\u1eafm t\\u1ea1i trung t&acirc;m<span>&nbsp;<\\/span><strong>th\\u1ecb tr\\u1ea5n D\\u01b0\\u01a1ng \\u0110&ocirc;ng<\\/strong><span>&nbsp;<\\/span>cho \\u0111\\u1ebfn gi\\u1edd ti\\u1ec5n kh&aacute;ch ra s&acirc;n bay Ph&uacute; Qu\\u1ed1c - k\\u1ebft th&uacute;c chuy\\u1ebfn \\u0111i, h\\u1eb9n g\\u1eb7p l\\u1ea1i qu&yacute; kh&aacute;ch.<\\/p>\\r\\n<p>- L\\u1ef1a ch\\u1ecdn 2: Xe \\u0111\\u01b0a \\u0111o&agrave;n \\u0111\\u1ebfn tr\\u1ea1m xe trung chuy\\u1ec3n c\\u1ee7a VinPearl Land (V&eacute; Vinpearl t\\u1ef1 t&uacute;c), b\\u1eaft \\u0111\\u1ea7u h&agrave;nh tr&igrave;nh kh&aacute;m ph&aacute; Th\\u1ebf Gi\\u1edbi Gi\\u1ea3i Tr&iacute;<span>&nbsp;<\\/span><strong>VINPEARL LAND PH&Uacute; QU\\u1ed0C<\\/strong><span>&nbsp;<\\/span>n\\u01a1i \\u0111\\u01b0\\u1ee3c v&iacute; nh\\u01b0 m\\u1ed9t \\\"Disneyland HONG KONG\\\" v\\u1edbi h&agrave;ng tr\\u0103m tr&ograve; ch\\u01a1i trong nh&agrave; v&agrave; ngo&agrave;i tr\\u1eddi d&agrave;nh cho m\\u1ecdi l\\u1ee9a tu\\u1ed5i:<\\/p>\\r\\n<p>- Tr&ograve; ch\\u01a1i trong<span>&nbsp;<\\/span><strong>khu vui ch\\u01a1i trong nh&agrave;<\\/strong>: xe \\u0111i\\u1ec7n \\u0111\\u1ee5ng; \\u0111ua xe, b\\u1eafn s&uacute;ng, nh\\u1ea3y theo nh\\u1ea1c&hellip;.<\\/p>\\r\\n<p>- Tr&ograve; ch\\u01a1i c\\u1ea3m gi&aacute;c m\\u1ea1nh: t&agrave;u l\\u01b0\\u1ee3n si&ecirc;u t\\u1ed1c, \\u0111u quay d&acirc;y v\\u0103ng, c\\u1ed1i xay gi&oacute;, \\u0111\\u0129a bay&hellip;<\\/p>\\r\\n<p>-<strong><span>&nbsp;<\\/span>Th\\u1ee7y cung Vinpearl<\\/strong>: kh&aacute;m ph&aacute; th\\u1ebf gi\\u1edbi b&iacute; \\u1ea9n c\\u1ee7a \\u0111\\u1ea1i d\\u01b0\\u01a1ng v&agrave; h&ograve;a m&igrave;nh v&agrave;o th\\u1ebf gi\\u1edbi c\\u1ee7a nh\\u1eefng sinh v\\u1eadt t\\u1ef1 nhi&ecirc;n \\u0111\\u1ed9c \\u0111&aacute;o nh\\u01b0 c&aacute; m\\u1eadp, chim c&aacute;nh c\\u1ee5t Gentoo l\\u1ea7n \\u0111\\u1ea7u ti&ecirc;n c&oacute; m\\u1eb7t t\\u1ea1i Vi\\u1ec7t Nam&nbsp;<\\/p>\\r\\n<p>-<span>&nbsp;<\\/span><strong>Ch\\u01b0\\u01a1ng tr&igrave;nh n&agrave;ng ti&ecirc;n c&aacute;<\\/strong>. H&atilde;y kh&aacute;m ph&aacute; b&iacute; \\u1ea9n c\\u1ee7a th\\u1ebf gi\\u1edbi n\\u01b0\\u1edbc d\\u01b0\\u1edbi l&ograve;ng \\u0111\\u1ea1i d\\u01b0\\u01a1ng v&agrave; t\\u1eadn h\\u01b0\\u1edfng nh\\u1eefng kho\\u1ea3nh kh\\u1eafc th&uacute; v\\u1ecb c&ugrave;ng nh\\u1eefng &ldquo;N&agrave;ng ti&ecirc;n c&aacute;&rdquo; c\\u1ee7a th\\u1ebf gi\\u1edbi c\\u1ed5 t&iacute;ch<\\/p>\\r\\n<p>-&nbsp;<strong>R\\u1ea1p chi\\u1ebfu phim 5D<\\/strong><\\/p>\\r\\n<p>Xe trung chuy\\u1ec3n \\u0111\\u01b0a Qu&yacute; kh&aacute;ch v\\u1ec1 l\\u1ea1i th\\u1ecb tr\\u1ea5n, \\u0111&oacute;n kh&aacute;ch ti\\u1ec5n kh&aacute;ch ra<span>&nbsp;<\\/span><strong>s&acirc;n bay Ph&uacute; Qu\\u1ed1c<\\/strong>- k\\u1ebft th&uacute;c chuy\\u1ebfn \\u0111i, h\\u1eb9n g\\u1eb7p l\\u1ea1i qu&yacute; kh&aacute;ch.<\\/p>\\r\\n<p>Chia tay - K&ecirc;\\u0301t th&uacute;c ch\\u01b0\\u01a1ng tr&igrave;nh tour du l\\u1ecbch Ph&uacute; Qu\\u1ed1c 03 ng&agrave;y 02 \\u0111&ecirc;m.<\\/p>\\r\\n<p>H\\u1eb9n g\\u1eb7p l\\u1ea1i Qu&yacute; kh&aacute;ch.<\\/p>\",\"album\":[\"tour\\/phu-quoc\\/phu-quoc.jpg\",\"ivivu-phu-quoc-3n2d-dao-ngoc-phu-quoc-bienjpg.jpg\",\"ivivu-phu-quoc-3n2d-dao-ngoc-phu-quoc.jpg\"]},\"10\":{\"date\":\"3\",\"title\":\"PH\\u00da QU\\u1ed0C - TP. H\\u1ed2 CH\\u00cd MINH (\\u0102N S\\u00c1NG)\",\"thumbnail\":\"tour\\/phu-quoc\\/phu-quoc1.png\",\"content\":\"<p>Bu\\u1ed5i s&aacute;ng :&nbsp;Qu&yacute; kh&aacute;ch \\u0103n sang t\\u1ea1i kh&aacute;ch s\\u1ea1n.Sau \\u0111&oacute; :&nbsp;<\\/p>\\r\\n<p>- L\\u1ef1a ch\\u1ecdn 1: Ngh\\u1ec9 ng\\u01a1i trong kh&aacute;ch s\\u1ea1n, t\\u1ef1 do t\\u1eafm bi\\u1ec3n hay mua s\\u1eafm t\\u1ea1i trung t&acirc;m<span>&nbsp;<\\/span><strong>th\\u1ecb tr\\u1ea5n D\\u01b0\\u01a1ng \\u0110&ocirc;ng<\\/strong><span>&nbsp;<\\/span>cho \\u0111\\u1ebfn gi\\u1edd ti\\u1ec5n kh&aacute;ch ra s&acirc;n bay Ph&uacute; Qu\\u1ed1c - k\\u1ebft th&uacute;c chuy\\u1ebfn \\u0111i, h\\u1eb9n g\\u1eb7p l\\u1ea1i qu&yacute; kh&aacute;ch.<\\/p>\\r\\n<p>- L\\u1ef1a ch\\u1ecdn 2: Xe \\u0111\\u01b0a \\u0111o&agrave;n \\u0111\\u1ebfn tr\\u1ea1m xe trung chuy\\u1ec3n c\\u1ee7a VinPearl Land (V&eacute; Vinpearl t\\u1ef1 t&uacute;c), b\\u1eaft \\u0111\\u1ea7u h&agrave;nh tr&igrave;nh kh&aacute;m ph&aacute; Th\\u1ebf Gi\\u1edbi Gi\\u1ea3i Tr&iacute;<span>&nbsp;<\\/span><strong>VINPEARL LAND PH&Uacute; QU\\u1ed0C<\\/strong><span>&nbsp;<\\/span>n\\u01a1i \\u0111\\u01b0\\u1ee3c v&iacute; nh\\u01b0 m\\u1ed9t \\\"Disneyland HONG KONG\\\" v\\u1edbi h&agrave;ng tr\\u0103m tr&ograve; ch\\u01a1i trong nh&agrave; v&agrave; ngo&agrave;i tr\\u1eddi d&agrave;nh cho m\\u1ecdi l\\u1ee9a tu\\u1ed5i:<\\/p>\\r\\n<p>- Tr&ograve; ch\\u01a1i trong<span>&nbsp;<\\/span><strong>khu vui ch\\u01a1i trong nh&agrave;<\\/strong>: xe \\u0111i\\u1ec7n \\u0111\\u1ee5ng; \\u0111ua xe, b\\u1eafn s&uacute;ng, nh\\u1ea3y theo nh\\u1ea1c&hellip;.<\\/p>\\r\\n<p>- Tr&ograve; ch\\u01a1i c\\u1ea3m gi&aacute;c m\\u1ea1nh: t&agrave;u l\\u01b0\\u1ee3n si&ecirc;u t\\u1ed1c, \\u0111u quay d&acirc;y v\\u0103ng, c\\u1ed1i xay gi&oacute;, \\u0111\\u0129a bay&hellip;<\\/p>\\r\\n<p>-<strong><span>&nbsp;<\\/span>Th\\u1ee7y cung Vinpearl<\\/strong>: kh&aacute;m ph&aacute; th\\u1ebf gi\\u1edbi b&iacute; \\u1ea9n c\\u1ee7a \\u0111\\u1ea1i d\\u01b0\\u01a1ng v&agrave; h&ograve;a m&igrave;nh v&agrave;o th\\u1ebf gi\\u1edbi c\\u1ee7a nh\\u1eefng sinh v\\u1eadt t\\u1ef1 nhi&ecirc;n \\u0111\\u1ed9c \\u0111&aacute;o nh\\u01b0 c&aacute; m\\u1eadp, chim c&aacute;nh c\\u1ee5t Gentoo l\\u1ea7n \\u0111\\u1ea7u ti&ecirc;n c&oacute; m\\u1eb7t t\\u1ea1i Vi\\u1ec7t Nam&nbsp;<\\/p>\\r\\n<p>-<span>&nbsp;<\\/span><strong>Ch\\u01b0\\u01a1ng tr&igrave;nh n&agrave;ng ti&ecirc;n c&aacute;<\\/strong>. H&atilde;y kh&aacute;m ph&aacute; b&iacute; \\u1ea9n c\\u1ee7a th\\u1ebf gi\\u1edbi n\\u01b0\\u1edbc d\\u01b0\\u1edbi l&ograve;ng \\u0111\\u1ea1i d\\u01b0\\u01a1ng v&agrave; t\\u1eadn h\\u01b0\\u1edfng nh\\u1eefng kho\\u1ea3nh kh\\u1eafc th&uacute; v\\u1ecb c&ugrave;ng nh\\u1eefng &ldquo;N&agrave;ng ti&ecirc;n c&aacute;&rdquo; c\\u1ee7a th\\u1ebf gi\\u1edbi c\\u1ed5 t&iacute;ch<\\/p>\\r\\n<p>-&nbsp;<strong>R\\u1ea1p chi\\u1ebfu phim 5D<\\/strong><\\/p>\\r\\n<p>Xe trung chuy\\u1ec3n \\u0111\\u01b0a Qu&yacute; kh&aacute;ch v\\u1ec1 l\\u1ea1i th\\u1ecb tr\\u1ea5n, \\u0111&oacute;n kh&aacute;ch ti\\u1ec5n kh&aacute;ch ra<span>&nbsp;<\\/span><strong>s&acirc;n bay Ph&uacute; Qu\\u1ed1c<\\/strong>- k\\u1ebft th&uacute;c chuy\\u1ebfn \\u0111i, h\\u1eb9n g\\u1eb7p l\\u1ea1i qu&yacute; kh&aacute;ch.<\\/p>\\r\\n<p>Chia tay - K&ecirc;\\u0301t th&uacute;c ch\\u01b0\\u01a1ng tr&igrave;nh tour du l\\u1ecbch Ph&uacute; Qu\\u1ed1c 03 ng&agrave;y 02 \\u0111&ecirc;m.<\\/p>\\r\\n<p>H\\u1eb9n g\\u1eb7p l\\u1ea1i Qu&yacute; kh&aacute;ch.<\\/p>\"},\"9\":{\"date\":\"2\",\"title\":\"PH\\u00da QU\\u1ed0C (\\u0102N S\\u00c1NG, TR\\u01afA, CHI\\u1ec0U)\",\"thumbnail\":\"ivivu-phu-quoc-3n2d-dao-ngoc-phu-quoc-bienjpg.jpg\",\"content\":\"\",\"album\":[\"ivuv-phuquoc3n2d-dao-ngoc-phu-quoc-san-ho.jpg\"]}}','{\"flight\":\"<table width=\\\"100%\\\">\\r\\n<tbody>\\r\\n<tr>\\r\\n<td><span>Ng&agrave;y \\u0111i: 17\\/06\\/2018 10:50<\\/span><\\/td>\\r\\n<td><span>\\u0110\\u1ebfn: 17\\/06\\/2018 14:45<\\/span><\\/td>\\r\\n<td><span>Chuy\\u1ebfn bay: CI782+CI002<\\/span><\\/td>\\r\\n<\\/tr>\\r\\n<tr>\\r\\n<td><span>Ng&agrave;y v\\u1ec1: 20\\/06\\/2018 14:55<\\/span><\\/td>\\r\\n<td><span>\\u0110\\u1ebfn: 22\\/06\\/2018 09:50<\\/span><\\/td>\\r\\n<td><span>Chuy\\u1ebfn bay: CI1+CI781&nbsp;<\\/span><\\/td>\\r\\n<\\/tr>\\r\\n<\\/tbody>\\r\\n<\\/table>\",\"hotel\":\"<p>\\u0110ang c\\u1eadp nh\\u1eadt<\\/p>\",\"time\":\"<table width=\\\"100%\\\" height=\\\"90\\\">\\r\\n<tbody>\\r\\n<tr>\\r\\n<td>Ng&agrave;y gi\\u1edd t\\u1eadp trung<\\/td>\\r\\n<td><span>17\\/06\\/2018 08:50<\\/span><\\/td>\\r\\n<\\/tr>\\r\\n<tr>\\r\\n<td>N\\u01a1i t\\u1eadp trung<\\/td>\\r\\n<td>S&acirc;n bay<\\/td>\\r\\n<\\/tr>\\r\\n<tr>\\r\\n<td>Ng&agrave;y gi\\u1edd h\\u1ecdp \\u0111o&agrave;n<\\/td>\\r\\n<td>07\\/06\\/2018 09:00<\\/td>\\r\\n<\\/tr>\\r\\n<\\/tbody>\\r\\n<\\/table>\",\"price\":\"<table width=\\\"100%\\\" height=\\\"163\\\">\\r\\n<tbody>\\r\\n<tr>\\r\\n<td><\\/td>\\r\\n<td><strong>Gi&aacute; ng\\u01b0\\u1eddi l\\u1edbn (T\\u1eeb 12 tu\\u1ed5i tr\\u1edf l&ecirc;n)<\\/strong><\\/td>\\r\\n<td><strong>Gi&aacute; tr\\u1ebb em (T\\u1eeb 2 \\u0111\\u1ebfn 12 tu\\u1ed5i)<\\/strong><\\/td>\\r\\n<td><strong>Gi&aacute; tr\\u1ebb nh\\u1ecf (D\\u01b0\\u1edbi 2 tu\\u1ed5i)<\\/strong><\\/td>\\r\\n<\\/tr>\\r\\n<tr>\\r\\n<td>Gi&aacute; tour c\\u01a1 b\\u1ea3n<\\/td>\\r\\n<td>62,990,000 \\u0111<\\/td>\\r\\n<td>56,691,000 \\u0111<\\/td>\\r\\n<td>18,897,000 \\u0111<\\/td>\\r\\n<\\/tr>\\r\\n<tr>\\r\\n<td>Ph\\u1ee5 thu x\\u0103ng d\\u1ea7u &amp; B\\u1ea3o hi\\u1ec3m h&agrave;ng kh&ocirc;ng<\\/td>\\r\\n<td>0\\u0111<\\/td>\\r\\n<td>0\\u0111<\\/td>\\r\\n<td>0\\u0111<\\/td>\\r\\n<\\/tr>\\r\\n<tr>\\r\\n<td>L\\u1ec7 ph&iacute; s&acirc;n bay<\\/td>\\r\\n<td>0\\u0111<\\/td>\\r\\n<td>0\\u0111<\\/td>\\r\\n<td>0\\u0111<\\/td>\\r\\n<\\/tr>\\r\\n<tr>\\r\\n<td>Ph\\u1ee5 thu visa (n\\u1ebfu c&oacute;)<\\/td>\\r\\n<td>3,680,000 \\u0111<\\/td>\\r\\n<td>3,680,000 \\u0111<\\/td>\\r\\n<td>3,680,000 \\u0111<\\/td>\\r\\n<\\/tr>\\r\\n<tr>\\r\\n<td>Ph\\u1ee5 thu Visa t&aacute;i nh\\u1eadp Vi\\u1ec7t Nam<\\/td>\\r\\n<td colspan=\\\"3\\\">1,480,000 \\u0111<\\/td>\\r\\n<\\/tr>\\r\\n<tr>\\r\\n<td>Ph\\u1ee5 thu ph&ograve;ng \\u0111\\u01a1n<\\/td>\\r\\n<td colspan=\\\"3\\\">20,000,000 \\u0111<\\/td>\\r\\n<\\/tr>\\r\\n<\\/tbody>\\r\\n<\\/table>\"}','<p><span>Gi&aacute; tour bao gồm:&nbsp;</span><br><span>- Xe tham quan (15, 25, 35, 45 chỗ t&ugrave;y theo số lượng kh&aacute;ch) theo chương tr&igrave;nh</span><br><span>- V&eacute; m&aacute;y bay khứ hồi&nbsp;</span><br><span>- Kh&aacute;ch sạn theo ti&ecirc;u chuẩn 2 kh&aacute;ch/ph&ograve;ng hoặc 3 kh&aacute;ch/ph&ograve;ng&nbsp;</span><br><span>- V&eacute; tham quan theo chương tr&igrave;nh&nbsp;&nbsp;</span><br><span>- Hướng dẫn vi&ecirc;n tiếng Việt nối tuyến</span><br><span>- Bảo hiểm du lịch với mức bồi thường cao nhất 120.000.000đ/vụ</span><br><span>- N&oacute;n Vietravel + Nước suối + Khăn lạnh&nbsp;</span><br><span>- Thuế VAT&nbsp;</span><br><span>&nbsp;</span><br><span>Gi&aacute; tour kh&ocirc;ng bao gồm:&nbsp;</span><br><span>- Chi ph&iacute; c&aacute; nh&acirc;n: ăn uống ngo&agrave;i chương tr&igrave;nh, giặt ủi, chi ph&iacute; hủy đổi h&agrave;nh tr&igrave;nh v&agrave; n&acirc;ng hạng chuyến bay, h&agrave;nh l&yacute; qu&aacute; cước, phụ thu ph&ograve;ng đơn,&hellip;</span><br><span>- Chi ph&iacute; tham quan ngo&agrave;i chương tr&igrave;nh&nbsp;</span><br><span>&nbsp;</span><br><span>Gi&aacute; v&eacute; trẻ em:&nbsp;</span><br><span>- Trẻ em dưới 5 tuổi:&nbsp; kh&ocirc;ng thu ph&iacute; dịch vụ, bố mẹ tự lo cho b&eacute; v&agrave; thanh to&aacute;n c&aacute;c chi ph&iacute; ph&aacute;t sinh (đối với c&aacute;c dịch vụ t&iacute;nh ph&iacute; theo chiều cao&hellip;). Hai người lớn chỉ được k&egrave;m 1 trẻ em dưới 5 tuổi, trẻ em thứ 2 sẽ đ&oacute;ng ph&iacute; theo qui định d&agrave;nh cho độ tuổi từ 5 đến dưới 12 tuổi v&agrave; phụ thu ph&ograve;ng đơn.&nbsp; V&eacute; m&aacute;y bay, t&agrave;u hỏa, phương tiện vận chuyển c&ocirc;ng cộng mua v&eacute; theo qui định của c&aacute;c đơn vị vận chuyển.</span><br><span>- Trẻ em từ 5 - dưới 12 tuổi: phải mua 75% v&eacute; tour trọn g&oacute;i bao gồm phương tiện vận chuyển, ăn uống theo chương tr&igrave;nh, v&eacute; tham quan đối với c&aacute;c điểm t&iacute;nh ph&iacute; theo độ tuổi/chiều cao (lưu &yacute; b&eacute; ngủ chung với cha mẹ). Hai người lớn chỉ được k&egrave;m 1 trẻ em từ 5 - dưới 12 tuổi, em thứ hai trở l&ecirc;n phải mua 1 suất giường đơn.&nbsp;</span><br><span>- Trẻ em 12 tuổi trở l&ecirc;n: phải mua v&eacute; tour trọn g&oacute;i như người lớn bao gồm phương tiện vận chuyển, kh&aacute;ch sạn, ăn uống theo chương tr&igrave;nh, v&eacute; tham quan theo qui định c&aacute;c điểm tham quan.</span><br><span>- Lưu &yacute;: trong trường hợp Qu&yacute; kh&aacute;ch c&oacute; nhu cầu tự mua v&eacute; tham quan, ch&uacute;ng t&ocirc;i sẵn s&agrave;ng tư vấn để Qu&yacute; kh&aacute;ch chọn mua tour F&amp;E hoặc tour theo nh&oacute;m ri&ecirc;ng, theo dạng tour n&agrave;y Qu&yacute; kh&aacute;ch c&oacute; thể tự chọn c&aacute;c dịch vụ theo nhu cầu.</span><br><span>&nbsp;</span><br><span>Điều kiện thanh to&aacute;n:&nbsp;</span><br><span>- Khi đăng k&yacute; đặt cọc 100% số tiền tour</span><br><span>&nbsp;</span><br><span>C&aacute;c điều kiện khi đăng k&yacute; tour:&nbsp;</span><br><span>- Đối với Kh&aacute;ch Quốc tịch Việt Nam: Khi đi tour Trẻ em từ 14 tuổi trở l&ecirc;n v&agrave; người lớn cần đem theo CMND/Passport (Hộ chiếu) bản ch&iacute;nh c&ograve;n hạn sử dụng, h&igrave;nh ảnh r&otilde; (CMND c&oacute; thời hạn sử dụng kh&ocirc;ng qu&aacute; 15 năm, t&iacute;nh từ ng&agrave;y cấp)/ Giấy khai sinh bản ch&iacute;nh (trẻ em dưới 14 tuổi), trẻ em tr&ecirc;n 14 tuổi bắt buộc phải c&oacute; CMND hoặc Passport l&agrave;m thủ tục l&ecirc;n m&aacute;y bay.&nbsp;&nbsp;</span><br><span>- Đối với kh&aacute;ch Nước ngo&agrave;i/Việt Kiều: Khi đi tour phải mang theo đầy đủ Passport (Hộ Chiếu) bản ch&iacute;nh c&ograve;n hạn sử dụng hoặc thẻ xanh k&egrave;m theo Visa v&agrave; giấy t&aacute;i xuất nhập Việt Nam l&agrave;m thủ tục l&ecirc;n m&aacute;y bay.&nbsp;&nbsp;</span><br><span>- Khi đăng k&yacute; tour Qu&yacute; kh&aacute;ch vui l&ograve;ng mang theo CMND/Passport bản ch&iacute;nh hoặc cung cấp t&ecirc;n ch&iacute;nh x&aacute;c đầy đủ, đ&uacute;ng từng k&yacute; tự tr&ecirc;n CMND/ Passport (Hộ chiếu)/Giấy khai sinh (trẻ em dưới 14 tuổi) theo thứ tự: Họ/t&ecirc;n l&oacute;t/t&ecirc;n. Qu&yacute; kh&aacute;ch khi đăng k&yacute; cung cấp t&ecirc;n theo giấy tờ t&ugrave;y th&acirc;n n&agrave;o, khi đi tour phải mang theo giấy tờ t&ugrave;y th&acirc;n đ&oacute; theo qui định h&atilde;ng h&agrave;ng kh&ocirc;ng&nbsp;</span><br><span>- Trong trường hợp Qu&yacute; kh&aacute;ch cung cấp t&ecirc;n sai, đến trễ giờ bay, vui l&ograve;ng chịu ph&iacute; đổi v&eacute; hoặc mua lại v&eacute; mới theo quy định của H&atilde;ng H&agrave;ng Kh&ocirc;ng (nếu chuyến bay c&ograve;n chỗ).&nbsp;</span><br><span>- Trong trường hợp Qu&yacute; kh&aacute;ch bay h&atilde;ng h&agrave;ng kh&ocirc;ng Vietjet v&agrave; Jetstar, v&eacute; kh&ocirc;ng ho&agrave;n, kh&ocirc;ng dời, đổi, huỷ, sai t&ecirc;n mất 100% theo qui định h&atilde;ng h&agrave;ng kh&ocirc;ng. Gi&aacute; v&eacute; m&aacute;y bay trẻ em bằng 100% người lớn.&nbsp;</span><br><span>- Trong trường hợp Qu&yacute; kh&aacute;ch bay h&atilde;ng h&agrave;ng kh&ocirc;ng Vietnam Air. V&eacute; m&aacute;y bay khuyến m&atilde;i kh&ocirc;ng ho&agrave;n, kh&ocirc;ng đổi, hủy, sai t&ecirc;n mất 100% theo qui định h&atilde;ng h&agrave;ng kh&ocirc;ng. V&eacute; Vietnam Airlines&nbsp; kh&ocirc;ng bay chặng đi, tự động hủy chặng về. Gi&aacute; v&eacute; m&aacute;y bay trẻ em bằng 75% v&eacute; người lớn.&nbsp;</span><br><span>- Gi&aacute; v&eacute;, giờ bay c&oacute; thể thay đổi theo H&atilde;ng H&agrave;ng Kh&ocirc;ng (Vietnam Airlines, Vietjet, Jetstar) kh&ocirc;ng thể b&aacute;o trước.&nbsp;</span><br><span>- Do c&aacute;c chuyến bay phụ thuộc v&agrave;o c&aacute;c h&atilde;ng H&agrave;ng Kh&ocirc;ng n&ecirc;n trong một số trường hợp giờ bay c&oacute; thể thay đổi m&agrave; kh&ocirc;ng được b&aacute;o trước. T&ugrave;y v&agrave;o t&igrave;nh h&igrave;nh thực tế, Chương tr&igrave;nh v&agrave; điểm tham quan c&oacute; thể linh động thay đổi thứ tự c&aacute;c điểm ph&ugrave; hợp điều kiện giờ bay v&agrave; thời tiết thực tế. Vietravel sẽ kh&ocirc;ng chịu tr&aacute;ch nhiệm bảo đảm c&aacute;c điểm tham quan trong trường hợp:</span><br><span>+ Xảy ra thi&ecirc;n tai: b&atilde;o lụt, hạn h&aacute;n, động đất&hellip;</span><br><span>+ Sự cố về an ninh: khủng bố, biểu t&igrave;nh</span><br><span>+ Sự cố về h&agrave;ng kh&ocirc;ng: trục trặc kỹ thuật, an ninh, dời, hủy, ho&atilde;n chuyến bay.</span><br><span>- Nếu những trường hợp tr&ecirc;n xảy ra, Vietravel sẽ xem x&eacute;t để ho&agrave;n trả chi ph&iacute; kh&ocirc;ng tham quan cho kh&aacute;ch trong điều kiện c&oacute; thể (sau khi đ&atilde; trừ lại c&aacute;c dịch vụ đ&atilde; thực hiện&hellip;.v&agrave; kh&ocirc;ng chịu tr&aacute;ch nhiệm bồi thường th&ecirc;m bất kỳ chi ph&iacute; n&agrave;o kh&aacute;c).</span><br><span>- Sau khi Qu&yacute; kh&aacute;ch đ&atilde; l&agrave;m thủ tục H&agrave;ng Kh&ocirc;ng v&agrave; nhận thẻ l&ecirc;n m&aacute;y bay, đề nghị Qu&yacute; kh&aacute;ch giữ cẩn thận v&agrave; lưu &yacute; l&ecirc;n m&aacute;y bay đ&uacute;ng giờ. Vietravel kh&ocirc;ng chịu tr&aacute;ch nhiệm trong trường hợp kh&aacute;ch l&agrave;m mất thẻ l&ecirc;n m&aacute;y bay v&agrave; kh&ocirc;ng l&ecirc;n m&aacute;y bay đ&uacute;ng theo giờ quy định của H&agrave;ng Kh&ocirc;ng.</span><br><span>- Giờ nhận ph&ograve;ng kh&aacute;ch sạn: sau 14:00 giờ v&agrave; trả ph&ograve;ng trước 12:00 giờ&nbsp; &nbsp;</span><br><span>- Ph&ograve;ng kh&aacute;ch sạn/resort c&oacute; thể xảy ra trường hợp ph&ograve;ng kh&ocirc;ng gần nhau, kh&ocirc;ng c&ugrave;ng tầng, loại ph&ograve;ng một giường đ&ocirc;i hoặc hai giường đơn kh&ocirc;ng theo y&ecirc;u cầu, t&ugrave;y t&igrave;nh h&igrave;nh thực tế từng kh&aacute;ch sạn/Resort.&nbsp;</span><br><span>- Trường hợp qu&yacute; kh&aacute;ch tham gia tour 01 kh&aacute;ch, bắt buộc đ&oacute;ng th&ecirc;m tiền phụ thu ph&ograve;ng đơn để ở ri&ecirc;ng 01 ph&ograve;ng. Trường hợp trong đo&agrave;n cũng c&oacute; kh&aacute;ch đi 01 m&igrave;nh, c&ugrave;ng giới t&iacute;nh v&agrave; c&oacute; nhu cầu muốn gh&eacute;p c&ugrave;ng ph&ograve;ng với qu&yacute; kh&aacute;ch th&igrave; Vietravel sẽ ho&agrave;n lại tiền phụ thu ph&ograve;ng đơn cho qu&yacute; kh&aacute;ch.</span><br><span>- Trường hợp qu&yacute; kh&aacute;ch đi nh&oacute;m 03 kh&aacute;ch, Vietravel sẽ cung cấp 01 ph&ograve;ng d&agrave;nh cho 03 kh&aacute;ch l&agrave; 01 giường lớn 1m6 v&agrave; 01 giường phụ di động từ 0.8 - 1,2m (extrabed) hoặc 01 nệm đơn t&ugrave;y từng kh&aacute;ch sạn/Resort. Trong trường&nbsp; qu&yacute; kh&aacute;ch c&oacute; nhu cầu ở ri&ecirc;ng, vui l&ograve;ng đ&oacute;ng th&ecirc;m tiền phụ thu ph&ograve;ng đơn theo qui định&nbsp;</span><br><span>- Th&ocirc;ng tin h&agrave;nh l&yacute; khi đi tour : X&aacute;ch tay dưới 7kg/1kh&aacute;ch - K&iacute;ch thước kh&ocirc;ng qu&aacute;: 56cm x 36cm x 23 cm, chất lỏng với thể t&iacute;ch kh&ocirc;ng qu&aacute; 100ml. K&yacute; gửi: 20kg/1kh&aacute;ch - K&iacute;ch thước kh&ocirc;ng qu&aacute;: 119cm x 119cm x 81cm. C&aacute;c vật phẩm kh&ocirc;ng được chấp nhận dưới dạng h&agrave;nh l&yacute; k&yacute; gởi hoặc vận chuyển trong h&agrave;nh l&yacute; theo qui định h&agrave;ng kh&ocirc;ng</span><br><span>- Th&ocirc;ng tin tập trung : Tại s&acirc;n bay T&acirc;n Sơn Nhất, Ga đi trong nước, trước giờ bay 2 tiếng (&aacute;p dụng ng&agrave;y thường), trước 2 tiếng 30 ph&uacute;t (&aacute;p dụng lễ tết), tại cột số 4 Trong trường hợp bay h&atilde;ng h&agrave;ng kh&ocirc;ng Vietjet, tại cột 10 trong trường hợp bay h&atilde;ng h&agrave;ng kh&ocirc;ng Vietnam, Jetstar.&nbsp;</span><br><span>- Qu&yacute; kh&aacute;ch dưới 18 tuổi khi đi tour phải c&oacute; Bố Mẹ hoặc người th&acirc;n tr&ecirc;n 18 tuổi đi c&ugrave;ng. Trường hợp đi một m&igrave;nh phải được Bố Mẹ ủy quyền (c&oacute; x&aacute;c nhận của ch&iacute;nh quyền địa phương) cho Vietravel&nbsp;</span><br><span>- Kh&aacute;ch nữ từ 55 tuổi trở l&ecirc;n v&agrave; kh&aacute;ch nam từ 60 trở l&ecirc;n: n&ecirc;n c&oacute; người th&acirc;n dưới 55 tuổi (đầy đủ sức khỏe) đi c&ugrave;ng. Ri&ecirc;ng kh&aacute;ch từ 70 tuổi trở l&ecirc;n: Bắt buộc phải c&oacute; người th&acirc;n dưới 55 tuổi (đầy đủ sức khỏe) đi c&ugrave;ng v&agrave; nộp k&egrave;m giấy kh&aacute;m sức khỏe, c&oacute; x&aacute;c nhận đủ sức khỏe để đi du lịch của b&aacute;c sĩ + Giấy cam kết sức khỏe theo mẫu qui định của c&ocirc;ng ty. *</span><br><span>- V&igrave; l&yacute; do an to&agrave;n Qu&yacute; kh&aacute;ch hạn chế v&agrave; kh&ocirc;ng nhận kh&aacute;ch từ 80 tuổi trở l&ecirc;n. Kh&aacute;ch tr&ecirc;n 80 tuổi kh&ocirc;ng c&oacute; chế độ bảo hiểm.</span></p>','<p><span>- Xe tham quan (15, 25, 35, 45 chỗ t&ugrave;y theo số lượng kh&aacute;ch) theo chương tr&igrave;nh</span><br><span>- V&eacute; m&aacute;y bay khứ hồi&nbsp;</span><br><span>- Kh&aacute;ch sạn theo ti&ecirc;u chuẩn 2 kh&aacute;ch/ph&ograve;ng hoặc 3 kh&aacute;ch/ph&ograve;ng&nbsp;</span><br><span>- V&eacute; tham quan theo chương tr&igrave;nh&nbsp;&nbsp;</span><br><span>- Hướng dẫn vi&ecirc;n tiếng Việt nối tuyến</span><br><span>- Bảo hiểm du lịch với mức bồi thường cao nhất 120.000.000đ/vụ</span><br><span>- N&oacute;n Vietravel + Nước suối + Khăn lạnh&nbsp;</span><br><span>- Thuế VAT&nbsp;</span></p>','<p><span>- Chi ph&iacute; c&aacute; nh&acirc;n: ăn uống ngo&agrave;i chương tr&igrave;nh, giặt ủi, chi ph&iacute; hủy đổi h&agrave;nh tr&igrave;nh v&agrave; n&acirc;ng hạng chuyến bay, h&agrave;nh l&yacute; qu&aacute; cước, phụ thu ph&ograve;ng đơn,&hellip;</span><br><span>- Chi ph&iacute; tham quan ngo&agrave;i chương tr&igrave;nh&nbsp;</span></p>','2018-06-05 21:57:49',NULL,'2018-06-07 20:47:46',NULL,0,'0000-00-00 00:00:00',30,NULL),(6,'tour/campuchia/ivivu-cao-nguyen-bokor.jpg','','[\"tour\\/campuchia\\/campuchia.jpg\",\"tour\\/campuchia\\/campuchia1.jpg\",\"tour\\/campuchia\\/ivivu-cao-nguyen-bokor.jpg\",\"tour\\/campuchia\\/campuchia.jpg\",\"tour\\/campuchia\\/campuchia1.jpg\",\"tour\\/campuchia\\/ivivu-cao-nguyen-bokor.jpg\"]',NULL,1,'4500000','3700000','','Ivivu','Hà Nội','Campuchia',4,3,'2018-06-09','<iframe src=\"https://www.google.com/maps/embed?pb=!1m18!1m12!1m3!1d250151.15120272728!2d104.75009760991517!3d11.57966694040622!2m3!1f0!2f0!3f0!3m2!1i1024!2i768!4f13.1!3m3!1m2!1s0x3109513dc76a6be3%3A0x9c010ee85ab525bb!2zUGhuw7RtIFDDqm5oLCBDYW0tcHUtY2hpYQ!5e0!3m2!1svi!2s!4v1528378233800\" width=\"600\" height=\"450\" frameborder=\"0\" style=\"border:0\" allowfullscreen></iframe>','[\"tour\\/campuchia\\/campuchia.jpg\",\"tour\\/campuchia\\/campuchia1.jpg\",\"tour\\/campuchia\\/ivivu-cao-nguyen-bokor.jpg\",\"tour\\/campuchia\\/campuchia.jpg\",\"tour\\/campuchia\\/campuchia1.jpg\",\"tour\\/campuchia\\/ivivu-cao-nguyen-bokor.jpg\"]','{\"5\":{\"date\":\"1\",\"title\":\"H\\u1ed2 CH\\u00cd MINH \\u2013  CAO NGUY\\u00caN BOKOR (S\\u00c1NG, TR\\u01afA, T\\u1ed0I)\",\"thumbnail\":\"tour\\/campuchia\\/ivivu-cao-nguyen-bokor.jpg\",\"content\":\"<p>Bu\\u1ed5i s&aacute;ng: D&ugrave;ng b\\u1eefa s&aacute;ng buffet t\\u1ea1i kh&aacute;ch s\\u1ea1n. L&agrave;m th\\u1ee7 t\\u1ee5c tr\\u1ea3 ph&ograve;ng.<\\/p>\\r\\n<p>\\u0110o&agrave;n tham quan: n\\u01a1i ngh\\u1ec9 v&agrave; sinh ho\\u1ea1t c\\u1ee7a<span>&nbsp;<\\/span><strong>Vua Shihanouk<\\/strong><span>&nbsp;<\\/span>t\\u1eebng \\u0111i s\\u0103n b\\u1eafn t\\u1ea1i n\\u01a1i \\u0111&acirc;y, ch\\u1ee5p h&igrave;nh<span>&nbsp;<\\/span><strong>Cung \\u0111i\\u1ec7n - Casino, Nh&agrave; Th\\u1edd C&ocirc;ng Gi&aacute;o<\\/strong><span>&nbsp;<\\/span>do th\\u1ef1c d&acirc;n Ph&aacute;p x&acirc;y d\\u1ef1ng nh\\u1eefng n\\u0103m 1917. \\u0110\\u1eb7c bi\\u1ec7t vi\\u1ebfng Ch&ugrave;a N\\u0103m Thuy\\u1ec1n &ndash; nghe k\\u1ec3 truy\\u1ec1n thuy\\u1ebft c\\u1ee7a<span>&nbsp;<\\/span><strong>Ho&agrave;ng T\\u1eed Preah Thom v&agrave; C&ocirc;ng ch&uacute;a Th\\u1ee7y Cung Nagani<\\/strong><span>&nbsp;<\\/span>&ndash; n\\u01a1i kh\\u1edfi \\u0111\\u1ea7u c\\u1ee7a n\\u1ec1n v\\u0103n minh Khmer&hellip;<\\/p>\\r\\n<p>Sau \\u0111&oacute; xe \\u0111\\u01b0a \\u0111o&agrave;n \\u0111\\u1ebfn th&agrave;nh ph\\u1ed1 bi\\u1ec3n<span>&nbsp;<\\/span><strong>Sihanouk Ville.<\\/strong><span>&nbsp;<\\/span>\\u0110\\u1ebfn Shihanouk \\u0111o&agrave;n d&ugrave;ng c\\u01a1m tr\\u01b0a.<\\/p>\\r\\n<p>Sau \\u0111&oacute; xe \\u0111\\u01b0a Qu&yacute; kh&aacute;ch ra c\\u1ea3ng kh\\u1edfi h&agrave;nh \\u0111\\u1ebfn vui ch\\u01a1i t\\u1ea1i \\u0111\\u1ea3o<span>&nbsp;<\\/span><strong>Koh Rong Saloem<\\/strong>, \\u0111\\u01b0\\u1ee3c m\\u1ec7nh danh l&agrave; b&atilde;i bi\\u1ec3n \\u0111\\u1eb9p nh\\u1ea5t \\u0110&ocirc;ng Nam &Aacute;. \\u0110\\u1ebfn \\u0111&acirc;y, Qu&yacute; kh&aacute;ch t\\u1ef1 do t\\u1eafm bi\\u1ec3n kh&aacute;m ph&aacute; \\u0111\\u1ea3o Kohrong Saloem.<\\/p>\\r\\n<p>16h00: Qu&yacute; kh&aacute;ch l&ecirc;n t&agrave;u v\\u1ec1 l\\u1ea1i th&agrave;nh ph\\u1ed1 bi\\u1ec3n<span>&nbsp;<\\/span><strong>Shihanouk Ville<\\/strong>. V\\u1ec1 kh&aacute;ch s\\u1ea1n nh\\u1eadn ph&ograve;ng.<\\/p>\\r\\n<p>\\u0110o&agrave;n d&ugrave;ng c\\u01a1m t\\u1ed1i, sau \\u0111&oacute; t\\u1ef1 do d\\u1ea1o bi\\u1ec3n ng\\u1eafm nh&igrave;n nh\\u1eefng tia ph&aacute;o hoa v\\u1ee5t s&aacute;ng tr&ecirc;n b\\u1ea7u tr\\u1eddi ho\\u1eb7c l\\u1ed3ng \\u0111&egrave;n \\u0111\\u01b0\\u1ee3c \\u0111\\u1ed1t s&aacute;ng th\\u1ea3 l&ecirc;n tr\\u1eddi&hellip; Ngh\\u1ec9 \\u0111&ecirc;m t\\u1ea1i Sihanouk.<\\/p>\",\"album\":[\"tour\\/campuchia\\/ivivu-cao-nguyen-bokor.jpg\"]},\"6\":{\"date\":\"2\",\"title\":\"BOKOR -  SIHANOUK VILLE - KOHRONG (S\\u00c1NG, TR\\u01afA, T\\u1ed0I)\",\"thumbnail\":\"tour\\/campuchia\\/campuchia.jpg\",\"content\":\"<p>7:00 D&ugrave;ng b\\u1eefa s&aacute;ng Buffet t\\u1ea1i kh&aacute;ch s\\u1ea1n. L&agrave;m th\\u1ee7 t\\u1ee5c tr\\u1ea3 ph&ograve;ng.<\\/p>\\r\\n<p>Sau \\u0111&oacute; \\u0111o&agrave;n kh\\u1edfi h&agrave;nh v\\u1ec1 l\\u1ea1i th\\u1ee7 \\u0111&ocirc; Phnom Penh. Tham quan, mua s\\u1eafm t\\u1ea1i ch\\u1ee3 Campot v&agrave; kh\\u1edfi h&agrave;nh v\\u1ec1 Phnompenh.<\\/p>\\r\\n<p><\\/p>\\r\\n<p>- Bu\\u1ed5i tr\\u01b0a: \\u0110o&agrave;n \\u0111\\u1ebfn Phnom penh d&ugrave;ng c\\u01a1m tr\\u01b0a. Sau \\u0111&oacute; v\\u1ec1 kh&aacute;ch s\\u1ea1n nh\\u1eadn ph&ograve;ng ngh\\u1ec9 ng\\u01a1i.<\\/p>\\r\\n<p>Bu\\u1ed5i chi\\u1ec1u: \\u0110o&agrave;n d&ugrave;ng b\\u1eefa t\\u1ed1i. Sau \\u0111&oacute; tham quan v&agrave; th\\u1eed v\\u1eadn may t\\u1ea1i Casino Naga World 5 Sao sang tr\\u1ecdng nh\\u1ea5t Cambodia.V\\u1ec1 kh&aacute;ch s\\u1ea1n, t\\u1ef1 do kh&aacute;m ph&aacute; th\\u1ee7 \\u0111&ocirc; Phnom Penh.<\\/p>\",\"album\":[\"tour\\/campuchia\\/campuchia.jpg\"]},\"7\":{\"date\":\"3\",\"title\":\"SHIHANOUK VILLE \\u2013 PHNOM PENH (S\\u00c1NG, TR\\u01afA, CHI\\u1ec0U)\",\"thumbnail\":\"tour\\/campuchia\\/campuchia1.jpg\",\"content\":\"<p>7h00: D&ugrave;ng b\\u1eefa s&aacute;ng Buffet t\\u1ea1i kh&aacute;ch s\\u1ea1n, l&agrave;m th\\u1ee7 t\\u1ee5c tr\\u1ea3 ph&ograve;ng. Sau \\u0111&oacute;, tham quan ch\\u1ee3 M\\u1edbi mua \\u0111\\u1eb7c s\\u1ea3n Campuchia.<\\/p>\\r\\n<p>\\u0110o&agrave;n Kh\\u1edfi h&agrave;nh v\\u1ec1 l\\u1ea1i Tp. H\\u1ed3 Ch&iacute; Minh. HDV C&ocirc;ng Ty ti\\u1ec5n kh&aacute;ch v\\u1ec1 \\u0111i\\u1ec3m kh\\u1edfi h&agrave;nh ban \\u0111\\u1ea7u. K\\u1ebft th&uacute;c tour, chia tay v&agrave; h\\u1eb9n g\\u1eb7p l\\u1ea1i Qu&yacute; kh&aacute;ch.<\\/p>\",\"album\":[\"tour\\/campuchia\\/campuchia1.jpg\",\"tour\\/campuchia\\/campuchia1.jpg\"]},\"8\":{\"date\":\"4\",\"title\":\"PHNOM PENH \\u2013 H\\u1ed2 CH\\u00cd MINH (S\\u00c1NG, TR\\u01afA)\",\"thumbnail\":\"tour\\/campuchia\\/campuchia.jpg\",\"content\":\"\"}}','{\"flight\":\"<p>\\u0110ang c\\u1eadp nh\\u1eadt<\\/p>\",\"hotel\":\"<p>\\u0110ang c\\u1eadp nh\\u1eadt<\\/p>\",\"time\":\"<p>\\u0110ang c\\u1eadp nh\\u1eadt<\\/p>\",\"price\":\"<p>- T\\u1eeb 6 tu\\u1ed5i \\u0111\\u1ebfn d\\u01b0\\u1edbi 12 tu\\u1ed5i: 75% gi&aacute; v&eacute; ng\\u01b0\\u1eddi l\\u1edbn (c&oacute; gh\\u1ebf ng\\u1ed3i, ng\\u1ee7 chung gi\\u01b0\\u1eddng v\\u1edbi cha m\\u1eb9)<\\/p>\\r\\n<p>- T\\u1eeb 2 tu\\u1ed5i \\u0111\\u1ebfn d\\u01b0\\u1edbi 6 tu\\u1ed5i: 50% gi&aacute; v&eacute; ng\\u01b0\\u1eddi l\\u1edbn (c&oacute; gh\\u1ebf ng\\u1ed3i, ng\\u1ee7 chung gi\\u01b0\\u1eddng v\\u1edbi cha m\\u1eb9)<\\/p>\\r\\n<p>- D\\u01b0\\u1edbi 2 tu\\u1ed5i: Kh&ocirc;ng t&iacute;nh v&eacute;, thu ph&iacute; b\\u1ea3o hi\\u1ec3m v&agrave; c\\u1eeda kh\\u1ea9u 300.000\\u0111, gia \\u0111&igrave;nh t\\u1ef1 lo.<\\/p>\\r\\n<p>Hai ng\\u01b0\\u1eddi l\\u1edbn ch\\u1ec9 \\u0111\\u01b0\\u1ee3c k&egrave;m 1 tr\\u1ebb em, n\\u1ebfu tr\\u1ebb em \\u0111i k&egrave;m nhi\\u1ec1u h\\u01a1n th&igrave; t\\u1eeb tr\\u1ebb em th\\u1ee9 2 tr\\u1edf l&ecirc;n ph\\u1ea3i mua&nbsp;v&eacute; ng\\u01b0\\u1eddi l\\u1edbn \\u0111\\u1ec3 l\\u1ea5y ti&ecirc;u chu\\u1ea9n gi\\u01b0\\u1eddng.<\\/p>\"}','<p><strong>- Gi&aacute; kh&ocirc;ng &aacute;p dụng cho giai đoạn Lễ Tết</strong></p>\r\n<p>- Trường hợp Qu&yacute; kh&aacute;ch kh&ocirc;ng được xuất cảnh v&agrave; nhập cảnh v&igrave; l&yacute; do c&aacute; nh&acirc;n, C&ocirc;ng Ty sẽ kh&ocirc;ng chịu tr&aacute;ch niệm v&agrave; sẽ kh&ocirc;ng ho&agrave;n trả tiền tour.</p>\r\n<p>- Du kh&aacute;ch c&oacute; mặt tại điểm đ&oacute;n trước 15 ph&uacute;t. Du kh&aacute;ch đến trễ khi xe đ&atilde; khởi h&agrave;nh hoặc hủy tour kh&ocirc;ng b&aacute;o trước vui l&ograve;ng chịu ph&iacute; như hủy v&eacute; ngay ng&agrave;y khởi h&agrave;nh.</p>\r\n<p>-&nbsp;Du kh&aacute;ch mang theo giấy CMND hoặc Hộ chiếu (Bản ch&iacute;nh), n&ecirc;n mang theo h&agrave;nh l&yacute; gọn nhẹ, kh&ocirc;ng mang valy lớn.</p>\r\n<p>-&nbsp;Trẻ em phải đi c&ugrave;ng cha mẹ hoặc c&oacute; giấy cam kết đi tour c&ugrave;ng người th&acirc;n, khi đi phải mang theo giấy khai sinh hoặc hộ chiếu.</p>\r\n<p>-&nbsp;Du kh&aacute;ch tự quản l&yacute; tiền bạc tư trang trong qua tr&igrave;nh tham quan du lịch.</p>\r\n<p>-&nbsp;Khi đăng k&yacute;, qu&yacute; kh&aacute;ch vui l&ograve;ng cung cấp&nbsp;Hộ Chiếu bản ch&iacute;nh (c&ograve;n gi&aacute; trị &iacute;t nhất 6 th&aacute;ng t&iacute;nh đến ng&agrave;y về)</p>\r\n<p>-&nbsp;Đối với du kh&aacute;ch l&agrave; Việt kiều, Quốc tế nhập cảnh Việt Nam bằng visa rời, vui l&ograve;ng mang theo tờ khai hải quan v&agrave; visa khi đi tour.</p>\r\n<p>- Miễn Visa Campuchia với người mang quốc tịch: Malaysia, L&agrave;o, Phillippin, Singapore, Việt Nam&hellip;</p>\r\n<p>- Qu&yacute; kh&aacute;ch mang 02 Quốc tịch hoặc Travel document (chưa nhập Quốc tịch) vui l&ograve;ng th&ocirc;ng b&aacute;o với nh&acirc;n vi&ecirc;n b&aacute;n tour v&agrave; nộp bản gốc c&aacute;c giấy tờ c&oacute; li&ecirc;n quan khi tham gia tour.</p>\r\n<p>- Qu&yacute; kh&aacute;ch mang thẻ xanh v&agrave; kh&ocirc;ng c&ograve;n hộ chiếu Việt Nam c&ograve;n hiệu lực th&igrave; kh&ocirc;ng đăng k&yacute; tour được.</p>\r\n<p>- Đối với kh&aacute;ch h&agrave;ng hơn 70 tuổi, gia đ&igrave;nh v&agrave; Qu&yacute; kh&aacute;ch phải cam kết đảm bảo t&igrave;nh trạng sức khoẻ với c&ocirc;ng ty ch&uacute;ng t&ocirc;i trước khi tham gia Tour. Nếu c&oacute; bất cứ xự cố n&agrave;o xảy ra tr&ecirc;n tour, C&ocirc;ng Ty Du Lịch Nam &Aacute; Ch&acirc;u sẽ kh&ocirc;ng chịu tr&aacute;ch nhiệm.</p>\r\n<p>- T&ugrave;y theo điều kiện thực tế m&agrave; chương tr&igrave;nh tham quan, kh&aacute;ch sạn, c&oacute; thể thay đổi cho ph&ugrave; hợp, tuy nhi&ecirc;n tổng số điểm tham quan vẫn đảm bảo đầy đủ.</p>\r\n<p></p>\r\n<p><strong>HỦY TOUR</strong></p>\r\n<p>Kh&ocirc;ng &aacute;p dụng c&aacute;c ng&agrave;y Lễ,Tết.</p>\r\n<p>-&nbsp;Trước 7 ng&agrave;y: 10% gi&aacute; tour.</p>\r\n<p>- Từ 3-7 ng&agrave;y: 50% gi&aacute; tour.</p>\r\n<p>- Từ 0- 3 ng&agrave;y: 100% gi&aacute; tour</p>','<p><span>Vận chuyển:</span></p>\r\n<p>- Xe &nbsp;đời mới, m&aacute;y lạnh, chạy thẳng qua Campuchia.T&agrave;u qua đảo Korong.</p>\r\n<p><span>Lưu tr&uacute;:</span></p>\r\n<p>- Kh&aacute;ch sạn ti&ecirc;u chuẩn 5, 3, 3 sao quốc tế (2-3 kh&aacute;ch/ph&ograve;ng) hoặc tương đương.</p>\r\n<p><span>Kh&aacute;c</span><span>&nbsp;</span>:</p>\r\n<p>- Ăn uống: Theo chương tr&igrave;nh</p>\r\n<p>-&nbsp;Nước suối: 1 chai nước 500ml/ng&agrave;y.</p>\r\n<p>-&nbsp;Hướng dẫn vi&ecirc;n: đi theo phục vụ suốt tuyến.</p>\r\n<p>- Kh&aacute;c:&nbsp;V&eacute; v&agrave;o cửa tất cả c&aacute;c điểm tham quan theo chương tr&igrave;nh.</p>\r\n<p>-&nbsp;Bảo hiểm: du lịch quốc tế trọn tour mức đền b&ugrave; tối đa 10.000 USD/trường hợp.</p>','<p>- V&eacute; tham quan c&aacute;c điểm ngo&agrave;i chương tr&igrave;nh.</p>\r\n<p>- Visa Campuchia tương đương 800,000VNĐ v&agrave; Visa T&aacute;i Nhập Việt Nam 1,250,000VNĐ đối với kh&aacute;ch mang quốc tịch nước ngo&agrave;i.</p>\r\n<p>- C&aacute;c chi ph&iacute; c&aacute; nh&acirc;n kh&aacute;c như: Điện thoại, giặt ủi, mua sắm, nước uống..</p>\r\n<p>- Tiền TIP cho t&agrave;i xế v&agrave; HDV địa phương: 70,000 người/ng&agrave;y.</p>','2018-06-05 23:08:27',NULL,'2018-06-07 20:38:50',NULL,0,'0000-00-00 00:00:00',18,5),(7,'tour/thailand/ivivu-chua-kathu.jpg','','[\"tour\\/thailand\\/ivivu-laem-promthep-view-point.jpg\",\"tour\\/thailand\\/ivivu-chua-kathu.jpg\",\"tour\\/thailand\\/ivivu-show-simon.jpg\",\"tour\\/thailand\\/ivivu-siam-niramit.jpg\",\"tour\\/thailand\\/ivivu-vinh-phang-nga.jpg\"]',NULL,1,'8500000','7590000','SH12345','Sharetourvn','TP.HCM','Thái Lan',4,3,'2018-06-13','<iframe src=\"https://www.google.com/maps/embed?pb=!1m18!1m12!1m3!1d505934.21374759794!2d98.07972265606453!3d7.830925394568847!2m3!1f0!2f0!3f0!3m2!1i1024!2i768!4f13.1!3m3!1m2!1s0x305031e2c462524f%3A0xe9ca9a85063dba21!2sPhuket%2C+Th%C3%A1i+Lan!5e0!3m2!1svi!2s!4v1528380105501\" width=\"600\" height=\"450\" frameborder=\"0\" style=\"border:0\" allowfullscreen></iframe>','[\"tour\\/thailand\\/ivivu-chua-kathu.jpg\",\"tour\\/thailand\\/ivivu-laem-promthep-view-point.jpg\",\"tour\\/thailand\\/ivivu-show-simon.jpg\",\"tour\\/thailand\\/ivivu-siam-niramit.jpg\",\"tour\\/thailand\\/ivivu-vinh-phang-nga.jpg\"]','{\"1\":{\"date\":\"1\",\"title\":\"PHUKET \\u2013 JUNGCEYLON (\\u0102N TR\\u01afA,T\\u1ed0I)\",\"thumbnail\":\"tour\\/thailand\\/ivivu-chua-kathu.jpg\",\"content\":\"<p><span>Q&uacute;y kh&aacute;ch c&oacute; m\\u1eb7t t\\u1ea1i ga \\u0111i qu\\u1ed1c t\\u1ebf s&acirc;n bay T&acirc;n S\\u01a1n Nh\\u1ea5t, \\u0111&aacute;p chuy\\u1ebfn bay \\u0111i Th&aacute;i Lan. T\\u1edbi s&acirc;n bay Phuket, ch&agrave;o \\u0111&oacute;n Qu&yacute; kh&aacute;ch \\u0111\\u1ebfn v\\u1edbi&nbsp;<\\/span><strong>V\\u01af\\u01a0NG QU\\u1ed0C C\\u1ee6A N\\u1ee4 C\\u01af\\u1edcI TH&Aacute;I LAN.<\\/strong><\\/p>\\r\\n<p>H\\u01b0\\u1edbng d\\u1eabn vi&ecirc;n \\u0111\\u1ecba ph\\u01b0\\u01a1ng ch&agrave;o \\u0111&oacute;n Qu&yacute; kh&aacute;ch t\\u1ea1i s&acirc;n bay Phuket. Xe \\u0111&oacute;n \\u0111o&agrave;n t\\u1ea1i kh&aacute;ch s\\u1ea1n \\u0111\\u01b0a \\u0111i tham quan<span>&nbsp;<\\/span><strong>Ph\\u1ed1 c\\u1ed5 Phuket<\\/strong><span>&nbsp;<\\/span>v\\u1edbi nh\\u1eefng t&ograve;a nh&agrave; ki\\u1ebfn tr&uacute;c B\\u1ed3 \\u0110&agrave;o Nha c\\u1ed5 \\u0111\\u01b0\\u1ee3c l\\u01b0u gi\\u1eef. Qu&yacute; kh&aacute;ch c&oacute; th\\u1ec3 t\\u1ef1 do d\\u1ea1o ch\\u01a1i v&agrave; ch\\u1ee5p \\u1ea3nh t\\u1ea1i \\u0111&acirc;y. Ph\\u1ed1 c\\u1ed5 c&oacute; b&agrave;y b&aacute;n nh\\u1eefng m\\u1eb7t h&agrave;ng l\\u01b0u ni\\u1ec7m v&agrave; trang ph\\u1ee5c truy\\u1ec1n th\\u1ed1ng c\\u1ee7a ng\\u01b0\\u1eddi Th&aacute;i.<\\/p>\\r\\n<p>D&ugrave;ng c\\u01a1m t\\u1ed1i t\\u1ea1i nh&agrave; h&agrave;ng \\u0111\\u1ecba ph\\u01b0\\u01a1ng. Xe \\u0111\\u01b0a Qu&yacute; kh&aacute;ch v\\u1ec1<span>&nbsp;<\\/span><strong>b&atilde;i bi\\u1ec3n Patong<\\/strong><span>&nbsp;<\\/span>nh\\u1eadn ph&ograve;ng kh&aacute;ch s\\u1ea1n. Ngh\\u1ec9 \\u0111&ecirc;m t\\u1ea1i kh&aacute;ch s\\u1ea1n.<\\/p>\",\"album\":[\"tour\\/thailand\\/ivivu-chua-kathu.jpg\",\"tour\\/thailand\\/ivivu-laem-promthep-view-point.jpg\"]},\"2\":{\"date\":\"2\",\"title\":\"PHUKET \\u2013 \\u0110\\u1ea2O PHI PHI (\\u0102N S\\u00c1NG,TR\\u01afA,T\\u1ed0I)\",\"thumbnail\":\"tour\\/thailand\\/ivivu-chua-kathu.jpg\",\"content\":\"<p>\\u0102n s&aacute;ng t\\u1ea1i kh&aacute;ch s\\u1ea1n, h\\u01b0\\u1edbng d\\u1eabn vi&ecirc;n s\\u1ebd \\u0111\\u01b0a \\u0111o&agrave;n di chuy\\u1ec3n kh\\u1edfi h&agrave;nh kh&aacute;m ph&aacute; Thi&ecirc;n \\u0111\\u01b0\\u1eddng \\u0111\\u1ea3o<span>&nbsp;<\\/span><strong>Phuket \\u0110\\u1ea3o Phi Phi<\\/strong>.<\\/p>\\r\\n<p>T\\u1edbi v\\u1ecbnh Maya, \\u0111\\u1ea3o Phi Phi, Qu&yacute; kh&aacute;ch t\\u1ef1 do t\\u1eafm bi\\u1ec3n v&agrave; ngh\\u1ec9 ng\\u01a1i t\\u1eadn h\\u01b0\\u1edfng v\\u1ebb \\u0111\\u1eb9p c&aacute;t tr\\u1eafng n\\u1eafng v&agrave;ng. Sau \\u0111o\\u0301, tham quan&nbsp;<strong>v\\u1ecbnh Loh Samah<\\/strong><span>&nbsp;<\\/span>-&nbsp;m\\u1ed9t trong 12 v\\u1ecbnh \\u0111\\u1eb9p nh\\u1ea5t th\\u1ebf gi\\u1edbi,&nbsp;v\\u1ecbnh&nbsp; Phi Leh, \\u0111\\u1ed9ng Viking -&nbsp;\\u0111\\u1ed9ng h\\u1ea3i t\\u1eb7c. Ng\\u1eafm&nbsp;Camel Rock&nbsp;v&agrave; ch\\u1ee5p h&igrave;nh t\\u1ea1i&nbsp;bi\\u1ec3n Kh\\u1ec9 L\\u1edbn. \\u0102n tr\\u01b0a. Chi&ecirc;\\u0300u Quy\\u0301 kha\\u0301ch ti&ecirc;\\u0301p tu\\u0323c tham quan chu\\u0323p a\\u0309nh tr\\u01b0\\u01a1\\u0301c khi r\\u01a1\\u0300i Phi Phi quay tr\\u01a1\\u0309 v&ecirc;\\u0300 \\u0111&acirc;\\u0301t li&ecirc;\\u0300n.<\\/p>\\r\\n<p><span>\\u0110o&agrave;n \\u0103n t\\u1ed1i: Nh&agrave; h&agrave;ng Buffet Nh\\u1eadt, \\u0111\\u1ed3 n\\u01b0\\u1edbng Seafood, ch&egrave; Th&aacute;i...<\\/span><\\/p>\\r\\n<p><span>Nghi\\u0309 \\u0111&ecirc;m ta\\u0323i kha\\u0301ch sa\\u0323n. Quy\\u0301 kha\\u0301ch co\\u0301 th&ecirc;\\u0309 \\u0111\\u0103ng ky\\u0301 tham gia show t\\u1ea1p k\\u0129 chuy&ecirc;\\u0309n gi\\u01a1\\u0301i n&ocirc;\\u0309i ti&ecirc;\\u0301ng nh&acirc;\\u0301t ta\\u0323i Phuket mang t&ecirc;n Cabaret Show v\\u1edbi nh\\u1eefng c&ocirc; b&ecirc; \\u0111&ecirc; \\u0111\\u01b0\\u1ee3c tuy\\u1ec3n ch\\u1ecdn k\\u0129 l\\u01b0\\u1ee1ng v\\u1edbi ngo\\u1ea1i h&igrave;nh xinh \\u0111\\u1eb9p. (Chi ph&iacute; t\\u1ef1 t&uacute;c)<\\/span><\\/p>\\r\\n<p><span>Ngh\\u1ec9 \\u0111&ecirc;m t\\u1ea1i&nbsp;<strong>Phuket.<\\/strong><\\/span><\\/p>\",\"album\":[\"tour\\/thailand\\/ivivu-show-simon.jpg\",\"tour\\/thailand\\/ivivu-siam-niramit.jpg\",\"tour\\/thailand\\/ivivu-vinh-phang-nga.jpg\"]},\"3\":{\"date\":\"3\",\"title\":\"CITY TOUR PHUKET (\\u0102N S\\u00c1NG, \\u0102N TR\\u01afA)\",\"thumbnail\":\"tour\\/thailand\\/ivivu-siam-niramit.jpg\",\"content\":\"<p>Sau khi \\u0103n s&aacute;ng, Xe \\u0111&oacute;n \\u0111o&agrave;n t\\u1ea1i kh&aacute;ch Kh\\u1edfi h&agrave;nh \\u0111i tham quan v&agrave; ch\\u1ee5p h&igrave;nh t\\u1ea1i<span>&nbsp;<\\/span><strong>Laem Promthep View Point<\\/strong><span>&nbsp;<\\/span>l&agrave; \\u0111i\\u1ec3m c\\u1ef1c Nam c\\u1ee7a&nbsp;Phuket. Sau \\u0111&oacute; \\u0111o&agrave;n tham quan mua s\\u1eafm t\\u1ea1i c\\u1eeda h&agrave;ng \\u0111&aacute; qu&yacute;&nbsp;<strong>Gems Galerry<\\/strong><span>&nbsp;<\\/span>n\\u1ed5i ti\\u1ebfng t\\u1ea1i Phuket.<\\/p>\\r\\n<p><span>Sau b\\u1eefa tr\\u01b0a, \\u0110o&agrave;n gh&eacute; tham quan v&agrave; c\\u1ea7u may m\\u1eafn b&igrave;nh an cho gia \\u0111&igrave;nh t\\u1ea1i&nbsp;<\\/span><strong>Ch&ugrave;a Ho&agrave;ng Gia &ndash; KATHU<\\/strong><span>: Ng&ocirc;i ch&ugrave;a linh thi&ecirc;ng nh\\u1ea5t Phuket.&nbsp;<\\/span><\\/p>\\r\\n<p>\\u0110o&agrave;n ti\\u1ebfp t\\u1ee5c tham quan nh&agrave; m&aacute;y s\\u1ea3n xu\\u1ea5t H\\u1ea1t \\u0111i\\u1ec1u v&agrave; mua c&aacute;c \\u0111\\u1eb7c s\\u1ea3n \\u0111\\u1ecba ph\\u01b0\\u01a1ng v\\u1ec1 l&agrave;m qu&agrave;. \\u0110o&agrave;n gh&eacute; tham quan trang tr\\u1ea1i voi.<\\/p>\\r\\n<p>T\\u1ef1 do mua s\\u1eafm t\\u1ea1i si&ecirc;u th\\u1ecb Big C Phuket (Ri&ecirc;ng th&agrave;nh ph\\u1ed1 Phuket c&oacute; \\u0111\\u1ebfn 3 si&ecirc;u th\\u1ecb Big C n&ecirc;n qu&yacute; kh&aacute;ch tha h\\u1ed3 mua s\\u1eafm).<strong>(\\u0102n t\\u1ed1i t\\u1ef1 t&uacute;c).<\\/strong><\\/p>\\r\\n<p>\\u0110o&agrave;n quay tr\\u1edf v\\u1ec1 kh&aacute;ch s\\u1ea1n t\\u1ef1 do kh&aacute;m ph&aacute; ph\\u1ed1 \\u0111&ecirc;m kh&ocirc;ng ng\\u1ee7<span>&nbsp;<\\/span><strong>Pang Na Walking<\\/strong><span>&nbsp;<\\/span>v\\u1edbi nh\\u1eefng qu&aacute;n bar tr&ecirc;n d\\u1ecdc ph\\u1ed1 v&ocirc; v&agrave;n s\\u01b0 l\\u1ef1a ch\\u1ecdn cho du kh&aacute;ch. Qu&yacute; kh&aacute;ch c&oacute; th\\u1ec3 \\u0111\\u0103ng k&yacute; tham gia Show truy\\u1ec1n th\\u1ed1ng c&oacute; 1 kh&ocirc;ng 2 ho&agrave;nh tr&aacute;ng ch\\u1ec9 c&oacute; t\\u1ea1i Phuket mang t&ecirc;n<span>&nbsp;<\\/span><strong>FantaSea Show ( Chi ph&iacute; t\\u1ef1 t&uacute;c).<\\/strong><\\/p>\",\"album\":[\"tour\\/thailand\\/ivivu-chua-kathu.jpg\",\"tour\\/thailand\\/ivivu-laem-promthep-view-point.jpg\",\"tour\\/thailand\\/ivivu-show-simon.jpg\"]},\"4\":{\"date\":\"4\",\"title\":\"PHUKET \\u2013 TP HCM (\\u0102N S\\u00c1NG)\",\"thumbnail\":\"destination-home2.jpg\",\"content\":\"<p>\\u0102n s&aacute;ng t\\u1ea1i kh&aacute;ch s\\u1ea1n, tr\\u1ea3 ph&ograve;ng.<\\/p>\\r\\n<p>Quy\\u0301 kha\\u0301ch t\\u01b0\\u0323 do kha\\u0301m pha\\u0301 va\\u0300 mua s\\u0103\\u0301m ta\\u0323i Phuket tr\\u01b0\\u01a1\\u0301c gi\\u01a1\\u0300 ra s&acirc;n bay \\u0111a\\u0301p chuy&ecirc;\\u0301n bay tr\\u01a1\\u0309 v&ecirc;\\u0300 S&agrave;i G&ograve;n. K&ecirc;\\u0301t thu\\u0301c 4 nga\\u0300y tham quan \\u0111a\\u0309o thi&ecirc;n \\u0111\\u01b0\\u01a1\\u0300ng<span>&nbsp;<\\/span><strong>Phuket<\\/strong>.<\\/p>\\r\\n<p>\\u0110oa\\u0300n tr\\u01a1\\u0309 v&ecirc;\\u0300<span>&nbsp;<\\/span><strong>S&agrave;i G&ograve;n.&nbsp;<\\/strong>He\\u0323n g\\u0103\\u0323p la\\u0323i Quy\\u0301 kha\\u0301ch tr&ecirc;n nh\\u01b0\\u0303ng ha\\u0300nh tri\\u0300nh ti&ecirc;\\u0301p theo.<\\/p>\\r\\n<p>V\\u1ec1 \\u0111\\u1ebfn Vi\\u1ec7t Nam,HDV ch&agrave;o t\\u1ea1m bi\\u1ec7t v&agrave; h\\u1eb9n qu&yacute; kh&aacute;ch trong ch\\u01b0\\u01a1ng tr&igrave;nh l\\u1ea7n sau.<\\/p>\\r\\n<p><em>Th\\u1ee9 t\\u1ef1 ch\\u01b0\\u01a1ng tr&igrave;nh c&oacute; th\\u1ec3 ho&aacute;n \\u0111\\u1ed5i t&ugrave;y theo t&igrave;nh h&igrave;nh th\\u1ef1c t\\u1ebf.<\\/em><\\/p>\"}}','{\"flight\":\"<p>\\u0110ang c\\u1eadp nh\\u1eadt<\\/p>\",\"hotel\":\"<p>\\u0110ang c\\u1eadp nh\\u1eadt<\\/p>\",\"time\":\"<p>\\u0110ang c\\u1eadp nh\\u1eadt<\\/p>\",\"price\":\"\"}','<p><strong>- Gi&aacute; kh&ocirc;ng &aacute;p dụng giai đoạn Lễ,Tết.</strong></p>\r\n<p>- Trong những trường hợp kh&aacute;ch quan như: khủng bố, thi&ecirc;n tai&hellip;hoặc do c&oacute; sự cố, c&oacute; sự thay đổi lịch tr&igrave;nh của c&aacute;c phương tiện vận chuyển c&ocirc;ng cộng như : m&aacute;y bay, t&agrave;u hỏa&hellip;th&igrave; Cty sẽ giữ quyền thay đổi lộ tr&igrave;nh bất cứ l&uacute;c n&agrave;o v&igrave; sự thuận tiện, an to&agrave;n cho kh&aacute;ch h&agrave;ng v&agrave; sẽ kh&ocirc;ng chịu tr&aacute;ch nhiệm bồi thường những thiệt hại ph&aacute;t sinh.</p>\r\n<p>-&nbsp;Do t&iacute;nh chất l&agrave; đo&agrave;n gh&eacute;p kh&aacute;ch lẻ, du lịch sẽ c&oacute; tr&aacute;ch nhiệm nhận kh&aacute;ch cho đủ đo&agrave;n (15 kh&aacute;ch người lớn trở l&ecirc;n) th&igrave; đo&agrave;n sẽ khởi h&agrave;nh đ&uacute;ng lịch tr&igrave;nh. Nếu số lượng đo&agrave;n dưới 15 kh&aacute;ch, cty sẽ c&oacute; tr&aacute;ch nhiệm th&ocirc;ng b&aacute;o cho kh&aacute;ch trước ng&agrave;y khởi h&agrave;nh 4 ng&agrave;y v&agrave; sẽ thỏa thuận lại ng&agrave;y khởi h&agrave;nh mới, hoặc ho&agrave;n trả lại to&agrave;n bộ số tiền kh&aacute;ch đ&atilde; đăng k&yacute; trước đ&oacute;.</p>\r\n<p>-&nbsp; Đối với kh&aacute;ch h&agrave;ng từ 70 tuồi đến 85 tuổi, gia đ&igrave;nh v&agrave; qu&yacute; kh&aacute;ch phải cam kết đảm bảo t&igrave;nh trạng sức khỏe với Cty ch&uacute;ng t&ocirc;i trước khi tham gia tour. Nếu c&oacute; bất cứ sự cố n&agrave;o xảy ra tr&ecirc;n tour, Cty du lịch Nam &Aacute; Ch&acirc;u sẽ kh&ocirc;ng chịu tr&aacute;ch nhiệm dưới mọi t&igrave;nh huống.</p>\r\n<p>-&nbsp;Trường hợp qu&yacute; kh&aacute;ch kh&ocirc;ng được xuất cảnh hay nhập cảnh l&yacute; do c&aacute; nh&acirc;n. du lịch Nam &Aacute; Ch&acirc;u sẽ kh&ocirc;ng chịu tr&aacute;ch nhiệm v&agrave; sẽ kh&ocirc;ng ho&agrave;n trả tiền tour.</p>\r\n<p>Thứ tự chương tr&igrave;nh c&oacute; thể ho&aacute;n đổi t&ugrave;y theo t&igrave;nh h&igrave;nh thực tế.</p>','<p><span>Vận Chuyển</span><span>&nbsp;</span>:&nbsp; &nbsp; &nbsp; &nbsp; &nbsp;</p>\r\n<p>- V&eacute; m&aacute;y bay quốc tế khứ hồi theo đo&agrave;n (bay thẳng 120p, kh&ocirc;ng qu&aacute; cảnh).</p>\r\n<p>Giờ bay tham khảo: VJ809 08:25 - 10:20&nbsp; -&nbsp; VJ808 12:00 - 14:05</p>\r\n<p>-&nbsp;Xe du lịch m&aacute;y lạnh đạt chuẩn suốt chương tr&igrave;nh.</p>\r\n<p>- Thuế s&acirc;n bay 2 nước + thuế an ninh + ph&iacute; xăng dầu.</p>\r\n<p><span>Lưu Tr&uacute;</span><span>&nbsp;</span>:</p>\r\n<p>- Kh&aacute;ch sạn ti&ecirc;u chuẩn 3*: 1 ph&ograve;ng 2 kh&aacute;ch. Nếu lẻ nam/nữ sẽ ngủ gh&eacute;p 3 kh&aacute;ch/ph&ograve;ng.</p>\r\n<p><span>Kh&aacute;c</span><span>&nbsp;</span>:&nbsp; &nbsp; &nbsp; &nbsp; &nbsp;</p>\r\n<p>- C&aacute;c bữa ăn theo chương tr&igrave;nh.</p>\r\n<p>- Bảo hiểm du lịch to&agrave;n cầu với mức bảo hiểm tối đa 10.000 USD/kh&aacute;ch.</p>','<p>- Chi ph&iacute; l&agrave;m hộ chiếu (c&ograve;n hạn tr&ecirc;n 06 th&aacute;ng t&iacute;nh từ ng&agrave;y kết th&uacute;c tour).</p>\r\n<p>-&nbsp;Visa t&aacute;i nhập Việt Nam 1 lần đối với Việt Kiều v&agrave; người nước ngo&agrave;i (1.250.000vnd/kh&aacute;ch).</p>\r\n<p>-&nbsp;H&agrave;nh l&yacute; qu&aacute; cước, tiền phục vụ, khu&acirc;n v&aacute;c, điện thoại, giặt ủi&hellip; ngo&agrave;i chương tr&igrave;nh.</p>\r\n<p>-&nbsp;Tiền bồi dưỡng cho t&agrave;i xế v&agrave; hướng dẫn vi&ecirc;n địa phương: 3 USD/ kh&aacute;ch/ ng&agrave;y.</p>','2018-06-07 21:07:07',NULL,'2018-06-07 21:07:07',NULL,0,'0000-00-00 00:00:00',11,5),(8,'tour/ivivu-khach-tham-gia-chtrinh.jpg','','[\"tour\\/ivivu-ca-song.jpg\",\"tour\\/ivivu-khach-tham-gia-chtrinh.jpg\"]',NULL,1,'1150000','0','Sh1234765','Sharetouurvn','TP.HCM','Nha Trang',1,0,'2018-06-20','<iframe src=\"https://www.google.com/maps/embed?pb=!1m18!1m12!1m3!1d249525.13026507557!2d109.1064128851266!3d12.259770139184957!2m3!1f0!2f0!3f0!3m2!1i1024!2i768!4f13.1!3m3!1m2!1s0x3170677811cc886f%3A0x5c4bbc0aa81edcb9!2zVHAuIE5oYSBUcmFuZywgS2jDoW5oIEjDsmEsIFZp4buHdCBOYW0!5e0!3m2!1svi!2s!4v1528380811009\" width=\"600\" height=\"450\" frameborder=\"0\" style=\"border:0\" allowfullscreen></iframe>','[\"tour\\/ivivu-ca-song.jpg\",\"tour\\/ivivu-khach-tham-gia-chtrinh.jpg\"]','{\"2\":{\"date\":\"1\",\"title\":\"H\\u1ed3 Ch\\u00ed Minh - Nha Trang\",\"thumbnail\":\"tour\\/ivivu-khach-tham-gia-chtrinh.jpg\",\"content\":\"<p><strong>Nha Trang<\\/strong><span>&nbsp;<\\/span>\\u0111\\u01b0\\u1ee3c bi\\u1ebft \\u0111\\u1ebfn v&agrave; n\\u1ed5i ti\\u1ebfng v\\u1edbi c&aacute;c h&ograve;n \\u0111\\u1ea3o xinh \\u0111\\u1eb9p v&agrave; d&ograve;ng n\\u01b0\\u1edbc trong xanh, ch&iacute;nh v&igrave; v\\u1eady ngu\\u1ed3n l\\u1ee3i h\\u1ea3i s\\u1ea3n v&agrave; c\\u1ea3nh \\u0111\\u1eb9p \\u1edf Nha Trang \\u0111\\u1eb9p m&ecirc; h\\u1ed3n .Qu&yacute; Kh&aacute;ch c&oacute; th\\u1ec3 tham gia tour b\\u1eafn c&aacute; k\\u1ebft h\\u1ee3p v\\u1edbi c&acirc;u c&aacute; v&agrave; l\\u1eb7n n\\u1ed5i c\\u1ee7a ch&uacute;ng t&ocirc;i \\u0111\\u1ec3 th\\u01b0\\u1edfng th\\u1ee9c m\\u1ed9t c&aacute;ch th\\u01b0 th&aacute;i v&agrave; tr\\u1ecdn v\\u1eb9n v\\u1ebb \\u0111\\u1eb9p hoang d&atilde; c&ugrave;ng&nbsp;bi\\u1ec3n Nha Trang.<\\/p>\\r\\n<p>- 8:00: Xe \\u0111&oacute;n Qu&yacute; kh&aacute;ch t\\u1ea1i kh&aacute;ch s\\u1ea1n di chuy\\u1ec3n t\\u1edbi<span>&nbsp;<\\/span><strong>c\\u1ea3ng c\\u1ea7u \\u0111&aacute;<\\/strong>. Qu&yacute; Kh&aacute;ch s\\u1ebd di chuy\\u1ec3n b\\u1eb1ng<span>&nbsp;<\\/span><strong>cano<\\/strong><span>&nbsp;<\\/span>t\\u1edbi khu v\\u1ef1c b\\u1eafn c&aacute;.<\\/p>\\r\\n<p>- 8:30: \\u0110\\u1ebfn khu v\\u1ef1c b\\u1eafn c&aacute; v&agrave; c&acirc;u c&aacute;, Qu&yacute; Kh&aacute;ch thay \\u0111\\u1ed3 v&agrave;<span>&nbsp;<\\/span><strong>c&ugrave;ng th\\u1ee3 s\\u0103n \\u0111i b\\u1eafn c&aacute;<\\/strong><\\/p>\\r\\n<p><\\/p>\\r\\n<p>-11:30: Th\\u1ee3 s\\u0103n tr\\u1edf v\\u1ec1 mang nh\\u1eefng con<span>&nbsp;<\\/span><strong>c&aacute; t\\u01b0\\u01a1i ngon<\\/strong><span>&nbsp;<\\/span>m\\u1edbi b\\u1eafn \\u0111\\u01b0\\u1ee3c v&agrave; l&agrave;m \\u0111\\u1ed3 \\u0103n cho Qu&yacute; Kh&aacute;ch<\\/p>\\r\\n<p>( Bao g\\u1ed3m:<span>&nbsp;<\\/span><strong>C&aacute; n\\u01b0\\u1edbng, sashimi, ch&aacute;o c&aacute;<\\/strong>) &ndash; \\u0110\\u1ea3m b\\u1ea3o \\u0111\\u1ee7 c&aacute; \\u0103n no cho Qu&yacute; Kh&aacute;ch b\\u1edfi ch&uacute;ng t&ocirc;i c&oacute; nh\\u1eefng th\\u1ee3 s\\u0103n chuy&ecirc;n nghi\\u1ec7p.<\\/p>\\r\\n<p>- 12:00: \\u0102n tr\\u01b0a sau \\u0111&oacute; ti\\u1ebfp t\\u1ee5c t\\u1ef1 do<span>&nbsp;<\\/span><strong>c&acirc;u c&aacute; v&agrave; l\\u1eb7n ng\\u1eafm san h&ocirc;<\\/strong>.<\\/p>\\r\\n<p>- 15:00: T&agrave;u \\u0111\\u01b0a Qu&yacute; Kh&aacute;ch v\\u1ec1 \\u0111\\u1ea5t li\\u1ec1n. Chia tay v&agrave; h\\u1eb9n g\\u1eb7p l\\u1ea1i Qu&yacute; Kh&aacute;ch<\\/p>\",\"album\":[\"tour\\/ivivu-ca-song.jpg\",\"tour\\/ivivu-khach-tham-gia-chtrinh.jpg\"]}}','{\"flight\":\"<p>Kh&ocirc;ng<\\/p>\",\"hotel\":\"<p>Kh&ocirc;ng<\\/p>\",\"time\":\"<p>Kh&ocirc;ng<\\/p>\",\"price\":\"\"}','<p><strong>Tour bao gồm:</strong></p>\r\n<p><span>Vận Chuyển</span><span>&nbsp;</span>:</p>\r\n<p>- Xe v&agrave; cano di chuyển</p>\r\n<p><span>Kh&aacute;c</span><span>&nbsp;</span>:</p>\r\n<p>- Hướng dẫn vi&ecirc;n địa phương.</p>\r\n<p>- C&aacute; bắn được của thợ săn d&ugrave;ng cho bữa trưa: BBQ, sashimi, ch&aacute;o c&aacute;, nước uống mỗi người 1 chai.</p>\r\n<p>- Cần c&acirc;u v&agrave; mồi, ống thở k&iacute;nh lặn.</p>\r\n<p>-Bảo hiểm.</p>\r\n<p><strong>Tour kh&ocirc;ng bao gồm:</strong></p>\r\n<p>- Chi ph&iacute; c&aacute; nh&acirc;n ngo&agrave;i chương tr&igrave;nh</p>\r\n<p>- VAT</p>\r\n<p>-Tiền Tip cho HDV</p>\r\n<p><label for=\"lblOrganizationName\">Đơn vị tổ chức:</label><span>&nbsp;</span><span id=\"lblOrganizationName\">Explore Nha Trang</span><span>&nbsp;</span><br><label for=\"lblAddress\">Địa chỉ:</label><span>&nbsp;</span><span id=\"lblAddress\">4 Lương Nhữ Học, Phường Vĩnh Nguy&ecirc;n, Nha Trang</span></p>','<p><strong>G&oacute;i bao gồm:</strong></p>\r\n<p><span>Vận Chuyển</span><span>&nbsp;</span>:</p>\r\n<p>- Xe v&agrave; cano di chuyển</p>\r\n<p><span>Kh&aacute;c</span><span>&nbsp;</span>:</p>\r\n<p>- Hướng dẫn vi&ecirc;n địa phương.</p>\r\n<p>- C&aacute; bắn được của thợ săn d&ugrave;ng cho bữa trưa: BBQ, sashimi, ch&aacute;o c&aacute;, nước uống mỗi người 1 chai.</p>\r\n<p>- Cần c&acirc;u v&agrave; mồi, ống thở k&iacute;nh lặn.</p>\r\n<p>- Bảo hiểm.</p>','<p><strong>G&oacute;i kh&ocirc;ng bao gồm:</strong></p>\r\n<p>- Chi ph&iacute; c&aacute; nh&acirc;n ngo&agrave;i chương tr&igrave;nh</p>\r\n<p>- VAT</p>\r\n<p>-Tiền Tip cho HDV</p>','2018-06-07 21:17:32',NULL,'2018-06-07 22:17:52',NULL,0,'0000-00-00 00:00:00',0,5);

/*Table structure for table `ap_tour_category` */

DROP TABLE IF EXISTS `ap_tour_category`;

CREATE TABLE `ap_tour_category` (
  `tour_id` int(11) NOT NULL,
  `category_id` int(11) NOT NULL,
  PRIMARY KEY (`tour_id`,`category_id`)
) ENGINE=InnoDB DEFAULT CHARSET=utf8 COLLATE=utf8_unicode_ci;

/*Data for the table `ap_tour_category` */

insert  into `ap_tour_category`(`tour_id`,`category_id`) values (1,2),(3,2),(4,4),(5,1),(6,3),(7,10),(8,1);

/*Table structure for table `ap_tour_translations` */

DROP TABLE IF EXISTS `ap_tour_translations`;

CREATE TABLE `ap_tour_translations` (
  `id` int(11) DEFAULT NULL,
  `language_code` varchar(15) COLLATE utf8_unicode_ci DEFAULT NULL,
  `slug` varchar(765) COLLATE utf8_unicode_ci DEFAULT NULL,
  `title` varchar(765) COLLATE utf8_unicode_ci DEFAULT NULL,
  `description` text COLLATE utf8_unicode_ci,
  `content` mediumtext COLLATE utf8_unicode_ci COMMENT 'Điểm nổi bật',
  `meta_title` varchar(300) COLLATE utf8_unicode_ci DEFAULT NULL,
  `meta_description` varchar(510) COLLATE utf8_unicode_ci DEFAULT NULL,
  `meta_keyword` varchar(765) COLLATE utf8_unicode_ci DEFAULT NULL,
  UNIQUE KEY `id` (`id`,`language_code`)
) ENGINE=InnoDB DEFAULT CHARSET=utf8 COLLATE=utf8_unicode_ci;

/*Data for the table `ap_tour_translations` */

insert  into `ap_tour_translations`(`id`,`language_code`,`slug`,`title`,`description`,`content`,`meta_title`,`meta_description`,`meta_keyword`) values (3,'vi','du-lich-han-quoc','Du Lịch Hàn Quốc','Du Lịch Hàn Quốc','<p>Du Lịch H&agrave;n Quốc</p>','','',''),(4,'vi','hawaii-honolulu-tham-quan-phim-truong-kualoa-ranch','Hawaii: Honolulu. Tham quan Phim Trường Kualoa Ranch','Hawaii: Honolulu. Tham quan Phim Trường Kualoa Ranch','<p><span>Qu&yacute; kh&aacute;ch tham quan, chụp h&igrave;nh b&ecirc;n ngo&agrave;i trung t&acirc;m Honolulu như T&ograve;a Đ&ocirc; Sảnh, Tượng vua Kamehameha - người c&oacute; c&ocirc;ng thống nhất c&aacute;c đảo ở Hawaii, L&acirc;u đ&agrave;i Iolani - l&acirc;u đ&agrave;i ho&agrave;ng gia duy nhất ở Mỹ. Xe đưa Qu&yacute; kh&aacute;ch đi nhận ph&ograve;ng kh&aacute;ch sạn, tự do kh&aacute;m ph&aacute; hoặc nghỉ ngơi sau chuyến bay d&agrave;i. Qu&yacute; kh&aacute;ch c&oacute; thể tự do tắm biển hoặc kh&aacute;m ph&aacute; B&atilde;i biển Waikiki - một trong những b&atilde;i tắm trứ danh của h&ograve;n đảo Hawaii d&agrave;i khoảng 3 km, 10 năm liền được Tạp ch&iacute; Forbes b&igrave;nh chọn l&agrave; \"Điểm du lịch trăng mật quyến rũ nhất h&agrave;nh tinh\" Qu&yacute; kh&aacute;ch ăn tối tại nh&agrave; h&agrave;ng địa phương v&agrave; trở về kh&aacute;ch sạn nghỉ ngơi hoặc tự do kh&aacute;m ph&aacute; Honolulu, tự do đi dạo phố biển, thăm Chợ đ&ecirc;m hoặc xem show ảo thuật, nh&acirc;m nhi li cocktail tại qu&aacute;n bar, xem c&aacute;c vũ nữ thổ d&acirc;n m&uacute;a bụng Hula Hula xen lẫn tiếng s&oacute;ng r&igrave; rầm, tiếng trống vỗ dưới &aacute;nh lửa bập b&ugrave;ng tạo những cảm gi&aacute;c hết sức th&uacute; vị cho du kh&aacute;ch.</span></p>','Hawaii: Honolulu. Tham quan Phim Trường Kualoa Ranch','Hawaii: Honolulu. Tham quan Phim Trường Kualoa Ranch','Hawaii: Honolulu. Tham quan Phim Trường Kualoa Ranch'),(5,'vi','tour-phu-quoc-3n2d-dao-ngoc-phu-quoc','Tour Phú Quốc 3N2D: Đảo Ngọc Phú Quốc','Tour Phú Quốc 3N2D: Đảo Ngọc Phú Quốc','<ul>\r\n<li><span>&nbsp;</span><strong>L&agrave;ng Ch&agrave;i H&agrave;m Ninh:</strong><span>&nbsp;</span>Nơi đ&acirc;y phong ph&uacute; nhiều về c&aacute;c loại hải sản tươi sống như ghẹ, cua, ốc nhảy, b&agrave;o ngư, c&aacute; ngựa,&hellip;</li>\r\n<li><strong>Suối Tranh:</strong><span>&nbsp;</span>Đến đ&acirc;y Qu&yacute; kh&aacute;ch thỏa sức kh&aacute;m ph&aacute; leo n&uacute;i v&agrave; ng&acirc;m m&igrave;nh v&agrave;o d&ograve;ng nước trong m&aacute;t, ngắm d&ograve;ng suối đẹp như một bức tranh.</li>\r\n</ul>','Tour Phú Quốc 3N2D: Đảo Ngọc Phú Quốc','Tour Phú Quốc 3N2D: Đảo Ngọc Phú Quốc','Tour Phú Quốc 3N2D: Đảo Ngọc Phú Quốc'),(6,'vi','tour-campuchia-4n3d-bokor-shihanouk-ville-kohrong-phnom-penh','Tour Campuchia 4N3Đ: Bokor - Shihanouk Ville - Kohrong - Phnôm Pênh','Tour Campuchia 4N3Đ: Bokor - Shihanouk Ville - Kohrong - Phnôm Pênh','<p>- NGHỈ DƯỠNG TẠI THUNSAR BOKOR 5 SAO</p>\r\n<p>- THƯỞNG THỨC BỮA TỐI TẠI THUNSAR BOKOR 5 SAO</p>\r\n<p>- LẨU SOU SOU TỰ CHỌN TẠI NH&Agrave; H&Agrave;NG LẨU LỚN NHẤT PHNOM PENH</p>','Tour Campuchia 4N3Đ: Bokor - Shihanouk Ville - Kohrong ','Tour Campuchia 4N3Đ: Bokor - Shihanouk Ville - Kohrong - Phnôm Pênh','Tour Campuchia 4N3Đ: Bokor - Shihanouk Ville - Kohrong - Phnôm Pênh'),(7,'vi','tour-thai-lan-4n3d-thien-duong-du-lich-phuket','Tour Thái Lan 4N3D: Thiên Đường Du Lịch PhuKet','Tour Thái Lan 4N3D: Thiên Đường Du Lịch PhuKet','<p>- LAEM PROMTHEP VIEW POINT: Ngắm cảnh đẹp v&agrave; chụp h&igrave;nh lưu niệm tại một trong những View Point mơ ước của c&aacute;c t&iacute;n đồ tr&ecirc;n thế giới.</p>\r\n<p>- Kh&aacute;m ph&aacute; phố đi bộ nổi tiếng thế giới: Patong Waking Street.</p>\r\n<p>- Phố cổ Phuket với những to&agrave; nh&agrave; kiến tr&uacute;c Bồ Đ&agrave;o Nha cổ k&iacute;nh.</p>\r\n<p>- Thi&ecirc;n đường hạ giới: Đảo Phi Phi.</p>\r\n<p>- Đền Chalong &ndash; Biểu tượng Phật gi&aacute;o của Phuket.</p>\r\n<p>- Buffet tại Nh&agrave; h&agrave;ng Nhật + Đồ nướng Seafood.</p>','Tour Thái Lan 4N3D: Thiên Đường Du Lịch PhuKet','Tour Thái Lan 4N3D: Thiên Đường Du Lịch PhuKet','Tour Thái Lan 4N3D: Thiên Đường Du Lịch PhuKet'),(8,'vi','tour-nha-trang-1-ngay-trai-nghiem-ban-ca-private-tour','Tour Nha Trang 1 Ngày: Trải Nghiệm Bắn Cá (Private Tour)','Tour Nha Trang 1 Ngày: Trải Nghiệm Bắn Cá (Private Tour)','<p><strong>Nha Trang</strong><span>&nbsp;được biết đến v&agrave; nổi tiếng với c&aacute;c h&ograve;n đảo xinh đẹp v&agrave; d&ograve;ng nước trong xanh, ch&iacute;nh v&igrave; vậy nguồn lợi hải sản v&agrave; cảnh đẹp ở Nha Trang đẹp m&ecirc; hồn .Qu&yacute; Kh&aacute;ch c&oacute; thể tham gia tour bắn c&aacute; kết hợp với c&acirc;u c&aacute; v&agrave; lặn nổi của ch&uacute;ng t&ocirc;i để thưởng thức một c&aacute;ch thư th&aacute;i v&agrave; trọn vẹn vẻ đẹp hoang d&atilde; c&ugrave;ng&nbsp;biển Nha Trang.</span></p>','Tour Nha Trang 1 Ngày: Trải Nghiệm Bắn Cá (Private Tour','Tour Nha Trang 1 Ngày: Trải Nghiệm Bắn Cá (Private Tour)','Tour Nha Trang 1 Ngày: Trải Nghiệm Bắn Cá (Private Tour)');

/*Table structure for table `ap_transport` */

DROP TABLE IF EXISTS `ap_transport`;

CREATE TABLE `ap_transport` (
  `id` int(11) NOT NULL AUTO_INCREMENT,
  `name` varchar(255) COLLATE utf8_unicode_ci NOT NULL,
  `created_time` datetime NOT NULL DEFAULT CURRENT_TIMESTAMP,
  `updated_time` datetime NOT NULL DEFAULT CURRENT_TIMESTAMP ON UPDATE CURRENT_TIMESTAMP,
  `created_by` int(11) NOT NULL,
  `updated_by` int(11) DEFAULT NULL,
  PRIMARY KEY (`id`)
) ENGINE=InnoDB DEFAULT CHARSET=utf8 COLLATE=utf8_unicode_ci;

/*Data for the table `ap_transport` */

/*Table structure for table `ap_users` */

DROP TABLE IF EXISTS `ap_users`;

CREATE TABLE `ap_users` (
  `id` int(11) unsigned NOT NULL AUTO_INCREMENT,
  `ip_address` varchar(45) NOT NULL,
  `username` varchar(100) DEFAULT NULL,
  `password` varchar(255) NOT NULL,
  `salt` varchar(255) DEFAULT NULL,
  `email` varchar(254) NOT NULL,
  `activation_code` varchar(40) DEFAULT NULL,
  `forgotten_password_code` varchar(40) DEFAULT NULL,
  `forgotten_password_time` int(11) unsigned DEFAULT NULL,
  `remember_code` varchar(40) DEFAULT NULL,
  `created_on` int(11) unsigned NOT NULL,
  `last_login` int(11) unsigned DEFAULT NULL,
  `active` tinyint(1) unsigned DEFAULT NULL,
  `first_name` varchar(50) DEFAULT NULL,
  `last_name` varchar(50) DEFAULT NULL,
  `address` varchar(255) DEFAULT NULL,
  `company` varchar(100) DEFAULT NULL,
  `phone` varchar(20) DEFAULT NULL,
  `created_time` datetime DEFAULT CURRENT_TIMESTAMP,
  `updated_time` datetime DEFAULT CURRENT_TIMESTAMP ON UPDATE CURRENT_TIMESTAMP,
  PRIMARY KEY (`id`)
) ENGINE=InnoDB AUTO_INCREMENT=11 DEFAULT CHARSET=utf8;

/*Data for the table `ap_users` */

insert  into `ap_users`(`id`,`ip_address`,`username`,`password`,`salt`,`email`,`activation_code`,`forgotten_password_code`,`forgotten_password_time`,`remember_code`,`created_on`,`last_login`,`active`,`first_name`,`last_name`,`address`,`company`,`phone`,`created_time`,`updated_time`) values (1,'127.0.0.1','admin','$2y$08$KrBa7LvLlW08hMuGayf.xuX.rpYa/eSVt09HtSwSwvN9.fiL36vlu','','contact@apecsoft.asia','',NULL,NULL,NULL,1268889823,1528514528,1,'Admin','Apecsoft',NULL,'Apecsoft','0999999999','2017-12-17 00:49:09','2018-06-09 10:22:08'),(10,'14.177.23.109','ductoan1991@gmail.com','$2y$08$J4/IAblY7eGQy.rlx8cDIuMjx0Lae.SZuUDwBzXpSqPyuD61x5Vgi',NULL,'ductoan1991@gmail.com',NULL,NULL,NULL,NULL,1522853790,1522854139,1,'Toàn Nguyễn Đức',NULL,'Ha Noi, Vietnam','Apecsoft','915224935','2018-04-04 21:56:30','2018-04-04 22:02:19');

/*Table structure for table `ap_users_groups` */

DROP TABLE IF EXISTS `ap_users_groups`;

CREATE TABLE `ap_users_groups` (
  `id` int(11) unsigned NOT NULL AUTO_INCREMENT,
  `user_id` int(11) unsigned NOT NULL,
  `group_id` mediumint(8) unsigned NOT NULL,
  PRIMARY KEY (`id`),
  UNIQUE KEY `uc_users_groups` (`user_id`,`group_id`),
  KEY `fk_users_groups_users1_idx` (`user_id`),
  KEY `fk_users_groups_groups1_idx` (`group_id`),
  CONSTRAINT `fk_users_groups_groups1` FOREIGN KEY (`group_id`) REFERENCES `ap_groups` (`id`) ON DELETE CASCADE ON UPDATE NO ACTION,
  CONSTRAINT `fk_users_groups_users1` FOREIGN KEY (`user_id`) REFERENCES `ap_users` (`id`) ON DELETE CASCADE ON UPDATE NO ACTION
) ENGINE=InnoDB AUTO_INCREMENT=22 DEFAULT CHARSET=utf8;

/*Data for the table `ap_users_groups` */

insert  into `ap_users_groups`(`id`,`user_id`,`group_id`) values (1,1,1),(2,1,2),(11,1,3),(16,10,3);

/*Table structure for table `ap_vote` */

DROP TABLE IF EXISTS `ap_vote`;

CREATE TABLE `ap_vote` (
  `id` int(11) NOT NULL AUTO_INCREMENT,
  `fullname` varchar(110) COLLATE utf8_unicode_ci DEFAULT NULL COMMENT 'người được vote',
  `thumbnail` varchar(255) COLLATE utf8_unicode_ci NOT NULL,
  `style` varchar(20) COLLATE utf8_unicode_ci DEFAULT NULL,
  `title` varchar(150) COLLATE utf8_unicode_ci DEFAULT NULL COMMENT 'Chức vụ',
  `vote` tinyint(5) DEFAULT NULL COMMENT 'điểm vote',
  `comment` text COLLATE utf8_unicode_ci NOT NULL,
  `created_time` datetime DEFAULT CURRENT_TIMESTAMP,
  `updated_time` datetime DEFAULT CURRENT_TIMESTAMP ON UPDATE CURRENT_TIMESTAMP,
  PRIMARY KEY (`id`)
) ENGINE=InnoDB DEFAULT CHARSET=utf8 COLLATE=utf8_unicode_ci;

/*Data for the table `ap_vote` */

/*Table structure for table `ap_voucher` */

DROP TABLE IF EXISTS `ap_voucher`;

CREATE TABLE `ap_voucher` (
  `id` int(11) NOT NULL AUTO_INCREMENT,
  `thumbnail` varchar(150) COLLATE utf8_unicode_ci DEFAULT NULL,
  `banner` varchar(150) COLLATE utf8_unicode_ci DEFAULT NULL,
  `album` text COLLATE utf8_unicode_ci,
  `order` int(3) DEFAULT NULL,
  `is_status` tinyint(2) DEFAULT NULL,
  `price` decimal(16,0) DEFAULT NULL,
  `company` varchar(150) COLLATE utf8_unicode_ci DEFAULT NULL,
  `map` text COLLATE utf8_unicode_ci,
  `created_time` datetime DEFAULT CURRENT_TIMESTAMP,
  `updated_by` int(11) DEFAULT NULL,
  `updated_time` datetime DEFAULT CURRENT_TIMESTAMP ON UPDATE CURRENT_TIMESTAMP,
  `created_by` int(11) DEFAULT NULL,
  `is_featured` int(2) DEFAULT NULL,
  `displayed_time` datetime DEFAULT NULL,
  `address` varchar(255) COLLATE utf8_unicode_ci DEFAULT NULL,
  `ratting` int(2) DEFAULT NULL,
  `phone_number` varchar(20) COLLATE utf8_unicode_ci DEFAULT NULL,
  `departure` varchar(255) COLLATE utf8_unicode_ci DEFAULT NULL,
  `time` varchar(255) COLLATE utf8_unicode_ci DEFAULT NULL COMMENT 'Thông tin khởi hành',
  `expiration_time` date DEFAULT NULL COMMENT 'Ngày hết hạn',
  `hotel` varchar(255) COLLATE utf8_unicode_ci DEFAULT NULL,
  `price_sale` decimal(15,0) DEFAULT NULL,
  `percent` int(3) DEFAULT '0',
  `destination` varchar(150) COLLATE utf8_unicode_ci DEFAULT NULL,
  `explocation` varchar(100) COLLATE utf8_unicode_ci DEFAULT NULL COMMENT 'Thời gian lưu trú',
  PRIMARY KEY (`id`)
) ENGINE=InnoDB AUTO_INCREMENT=15 DEFAULT CHARSET=utf8 COLLATE=utf8_unicode_ci;

/*Data for the table `ap_voucher` */

insert  into `ap_voucher`(`id`,`thumbnail`,`banner`,`album`,`order`,`is_status`,`price`,`company`,`map`,`created_time`,`updated_by`,`updated_time`,`created_by`,`is_featured`,`displayed_time`,`address`,`ratting`,`phone_number`,`departure`,`time`,`expiration_time`,`hotel`,`price_sale`,`percent`,`destination`,`explocation`) values (2,'khu-nghi-duong-melia-da-nang-2-800x450.jpg','khu-nghi-duong-melia-da-nang-15-800x450.jpg','[\"khu-nghi-duong-melia-da-nang-15-800x450.jpg\",\"khu-nghi-duong-melia-da-nang-2-800x450.jpg\",\"khu-nghi-duong-sheraton-grand-da-nang-2-800x450.jpg\",\"khu-nghi-duong-the-anam-nha-trang-1-800x450.jpg\",\"khu-nghi-duong-the-anam-nha-trang-36-800x450.jpg\"]',NULL,1,'4999000',NULL,'','2018-06-05 16:29:43',NULL,'2018-06-07 20:26:47',NULL,NULL,'0000-00-00 00:00:00',' 39 Trường Sa, P. Hòa Hải, Q. Ngũ Hành Sơn, Tp. Đà Nẵng, Việt Nam  Giá chỉ từ 3.116.000 VND',5,'19002045',NULL,'{\"13\":{\"from\":\"H\\u00e0 N\\u1ed9i\",\"price\":\"5499000\"},\"14\":{\"from\":\"H\\u1ed3 Ch\\u00ed Minh\",\"price\":\"4999000\"}}','2018-06-25','Khu nghỉ dưỡng Melia Đà Nẵng','0',0,NULL,'1/7/2018 - 30/7/2018'),(3,'khu-nghi-duong-sheraton-grand-da-nang-2-800x450.jpg','anhbaner1.jpg','[\"anhbaner.jpg\",\"anhbaner1.jpg\"]',NULL,1,'7499000',NULL,'<iframe src=\"https://www.google.com/maps/embed?pb=!1m18!1m12!1m3!1d62463.81870028875!2d108.40497104463783!3d11.905876825876637!2m3!1f0!2f0!3f0!3m2!1i1024!2i768!4f13.1!3m3!1m2!1s0x31716b4a492e4633%3A0x19268f2b3bc7cec9!2sDalat+Edensee+Lake+Resort+%26+Spa!5e0!3m2!1svi!2s!4v1528295918617\" width=\"600\" height=\"450\" frameborder=\"0\" style=\"border:0\" allowfullscreen></iframe>','2018-06-05 16:40:04',NULL,'2018-06-07 16:55:00',NULL,1,'0000-00-00 00:00:00','252 Võ Nguyên Giáp, quận Sơn Trà, Đà Nẵng',5,'19002045',NULL,'{\"4\":{\"from\":\"H\\u00e0 N\\u1ed9i\",\"price\":\"7999000\"}}','0000-00-00',' Khách sạn Sheraton Grand Đà Nẵng','0',0,NULL,'1/7/2018 - 30/7/2018'),(4,'vinpearl-golf-land-resort--1-800x450.jpg','vinpearl-golf-land-resort--67-800x450.jpg',NULL,NULL,1,'4999000',NULL,'<iframe src=\"https://www.google.com/maps/embed?pb=!1m18!1m12!1m3!1d62463.81870028875!2d108.40497104463783!3d11.905876825876637!2m3!1f0!2f0!3f0!3m2!1i1024!2i768!4f13.1!3m3!1m2!1s0x31716b4a492e4633%3A0x19268f2b3bc7cec9!2sDalat+Edensee+Lake+Resort+%26+Spa!5e0!3m2!1svi!2s!4v1528295918617\" width=\"600\" height=\"450\" frameborder=\"0\" style=\"border:0\" allowfullscreen></iframe>','2018-06-05 17:09:41',NULL,'2018-06-07 16:54:49',NULL,1,'0000-00-00 00:00:00','Nha Trang, Khánh Hòa, Việt Nam',5,'19002045',NULL,'{\"4\":{\"from\":\"H\\u1ed3 Ch\\u00ed Minh\",\"price\":\"4499000\"},\"5\":{\"from\":\"H\\u00e0 N\\u1ed9i\",\"price\":\"7499000\"}}','2018-08-02','Vinpearl Golf Land Resort & Villa Nha Trang','0',0,NULL,'1/7/2018 - 30/7/2018'),(5,'khu-nghi-duong-the-anam-nha-trang-1-800x450.jpg','khu-nghi-duong-the-anam-nha-trang-36-800x450.jpg',NULL,NULL,1,'4599000',NULL,'<iframe src=\"https://www.google.com/maps/embed?pb=!1m18!1m12!1m3!1d62463.81870028875!2d108.40497104463783!3d11.905876825876637!2m3!1f0!2f0!3f0!3m2!1i1024!2i768!4f13.1!3m3!1m2!1s0x31716b4a492e4633%3A0x19268f2b3bc7cec9!2sDalat+Edensee+Lake+Resort+%26+Spa!5e0!3m2!1svi!2s!4v1528295918617\" width=\"600\" height=\"450\" frameborder=\"0\" style=\"border:0\" allowfullscreen></iframe>','2018-06-05 17:22:54',NULL,'2018-06-07 21:40:18',NULL,1,'0000-00-00 00:00:00','Lô D14D Bãi Dài, TP. Cam Ranh, Khánh Hòa',5,'19002045',NULL,'{\"10\":{\"from\":\"H\\u1ed3 Ch\\u00ed Minh\",\"price\":\"4599000\"},\"9\":{\"from\":\"H\\u00e0 N\\u1ed9i\",\"price\":\"4599000\"}}','2018-07-05','Khách sạn The Anam Nha Trang','0',0,NULL,'1/7/2018 - 30/7/2018'),(6,'anhbaner.jpg','abumimg3.jpg','[\"abumimg3.jpg\",\"anhbaner.jpg\"]',NULL,1,'2999000',NULL,'<iframe src=\"https://www.google.com/maps/embed?pb=!1m18!1m12!1m3!1d62463.81870028875!2d108.40497104463783!3d11.905876825876637!2m3!1f0!2f0!3f0!3m2!1i1024!2i768!4f13.1!3m3!1m2!1s0x31716b4a492e4633%3A0x19268f2b3bc7cec9!2sDalat+Edensee+Lake+Resort+%26+Spa!5e0!3m2!1svi!2s!4v1528295918617\" width=\"600\" height=\"450\" frameborder=\"0\" style=\"border:0\" allowfullscreen></iframe>','2018-06-05 17:40:29',NULL,'2018-06-07 16:51:20',NULL,1,'0000-00-00 00:00:00','Khu 7 & 8 Khu Du Lịch Hồ Tuyền Lâm, Phường 3, Thành Phố Đà Lạt, Lâm Đồng',5,'',NULL,'{\"10\":{\"from\":\"H\\u00e0 N\\u1ed9i\",\"price\":\"2999000\"}}','2018-07-30','Furama Villas Đà Lạt','0',0,NULL,'1/7/2018 - 30/7/2018'),(7,'dalat.jpg','dalat2.jpg',NULL,NULL,1,'2599000',NULL,'','2018-06-07 09:20:49',NULL,'2018-06-07 21:40:19',NULL,1,NULL,'Phân khu chức năng 7.9, KDL Hồ Tuyền Lâm, P.3, Tp. Đà Lạt, Việt Nam',5,'19002045',NULL,'{\"1\":{\"from\":\"H\\u00e0 N\\u1ed9i\",\"price\":\"\"}}','0000-00-00','Terracotta Đà Lạt','0',0,NULL,''),(8,'phuquoc.jpg','phuquoc2.jpg',NULL,NULL,1,'5499000',NULL,'','2018-06-07 10:14:41',NULL,'2018-06-07 20:25:06',NULL,NULL,NULL,'Bãi Dài, X. Gành Dầu, H. Phú Quốc, T. Kiên Giang, Việt Nam',5,'19002045',NULL,'{\"3\":{\"from\":\"H\\u00e0 N\\u1ed9i\",\"price\":\"7499000\"},\"2\":{\"from\":\"H\\u1ed3 Ch\\u00ed Minh\",\"price\":\"5499000\"}}','2018-11-30','Vinpearl Phú Quốc','0',0,NULL,'01/03/2018 → 30/11/2018'),(9,'phuquoc3.jpg','phuqoc4.jpg',NULL,NULL,0,'3999000',NULL,'','2018-06-07 10:39:11',NULL,'2018-06-09 09:23:16',NULL,NULL,NULL,' Khu phố 5, Đường Bào, X. Dương Tơ, H. Phú Quốc, T. Kiên Giang, Việt Nam',5,'19002045',NULL,NULL,'2018-11-30','Novotel Phú Quốc','0',0,NULL,'01/11/2017 → 30/11/2018'),(10,'phanthiet.jpg','phanthiet1.png',NULL,NULL,0,'2399000',NULL,'','2018-06-07 10:48:44',NULL,'2018-06-09 09:23:09',NULL,NULL,NULL,' Khu phố 5, phường Phú Hài, thành phố Phan Thiết, Việt Nam',5,'19002045',NULL,NULL,'2018-11-30','he Cliff Resort & Residences Phan Thiết','0',0,NULL,''),(11,'phanthiet2.png','phanthiet3.png',NULL,NULL,1,'2499000',NULL,'','2018-06-07 10:55:17',NULL,'2018-06-09 09:23:45',NULL,NULL,NULL,'Km số 9 Phú Hải, Phan Thiết , Việt Nam',5,'19002045',NULL,NULL,'2018-11-30','Victoria Phan Thiết Beach Resort & Spa','0',0,NULL,''),(12,'vungtau.png','vungtau1.jpg',NULL,NULL,1,'2150000',NULL,'','2018-06-07 11:09:57',NULL,'2018-06-09 09:23:44',NULL,NULL,NULL,'159 Thùy Vân, P. Thắng Tam, Tp. Vũng Tàu, T. Bà Rịa - Vũng Tàu, Việt Nam',5,'19002045',NULL,NULL,'2018-08-31','Khách sạn Imperial Vũng Tàu ','0',0,NULL,'28/12/2018'),(13,'vungtau2.png','vungtau3.png',NULL,NULL,1,'1850000',NULL,'','2018-06-07 11:16:15',NULL,'2018-06-09 09:23:42',NULL,NULL,NULL,' 44 Tỉnh lộ 44A, X. Long Hải, H. Long Điền, T. Bà Rịa - Vũng Tàu, Việt Nam',5,'19002045',NULL,NULL,'2018-08-31','Alma Oasis Long Hải Resort & Spa','0',0,NULL,'');

/*Table structure for table `ap_voucher_category` */

DROP TABLE IF EXISTS `ap_voucher_category`;

CREATE TABLE `ap_voucher_category` (
  `voucher_id` int(11) NOT NULL,
  `category_id` int(11) NOT NULL,
  PRIMARY KEY (`voucher_id`,`category_id`)
) ENGINE=InnoDB DEFAULT CHARSET=utf8 COLLATE=utf8_unicode_ci;

/*Data for the table `ap_voucher_category` */

insert  into `ap_voucher_category`(`voucher_id`,`category_id`) values (1,12),(2,12),(3,12),(4,13),(5,13),(6,16),(7,16),(8,17),(9,17),(10,18),(11,18),(12,19),(13,19);

/*Table structure for table `ap_voucher_translations` */

DROP TABLE IF EXISTS `ap_voucher_translations`;

CREATE TABLE `ap_voucher_translations` (
  `id` int(11) DEFAULT NULL,
  `language_code` varchar(45) COLLATE utf8_unicode_ci DEFAULT NULL,
  `slug` varchar(2295) COLLATE utf8_unicode_ci DEFAULT NULL,
  `title` varchar(2295) COLLATE utf8_unicode_ci DEFAULT NULL,
  `description` text COLLATE utf8_unicode_ci,
  `content` text COLLATE utf8_unicode_ci,
  `meta_title` varchar(900) COLLATE utf8_unicode_ci DEFAULT NULL,
  `meta_description` varchar(1530) COLLATE utf8_unicode_ci DEFAULT NULL,
  `meta_keyword` varchar(2295) COLLATE utf8_unicode_ci DEFAULT NULL,
  `Policy` text COLLATE utf8_unicode_ci,
  `info` text COLLATE utf8_unicode_ci,
  `utilities` text COLLATE utf8_unicode_ci,
  UNIQUE KEY `ap_voucher_translations_id_language_code_pk` (`id`,`language_code`)
) ENGINE=InnoDB DEFAULT CHARSET=utf8 COLLATE=utf8_unicode_ci;

/*Data for the table `ap_voucher_translations` */

insert  into `ap_voucher_translations`(`id`,`language_code`,`slug`,`title`,`description`,`content`,`meta_title`,`meta_description`,`meta_keyword`,`Policy`,`info`,`utilities`) values (2,'vi','combo3n2d-ve-may-bay-khu-hoi-an-sang','Combo 3N2Đ + Vé Máy bay khứ hồi + Ăn sáng','Combo 3N2Đ + Vé Máy bay khứ hồi + Ăn sáng','<h2 class=\"combo__heading combo__heading--price-below  v-margin-bottom-30\"><b style=\"font-size: 14px;\">Combo bao gồm</b></h2>\r\n<div class=\"col-xs-12 no-padding \">\r\n<div class=\"col-xs-12 no-padding\">\r\n<div class=\"col-xs-12 no-padding v-margin-bottom-30\">\r\n<p>- V&eacute; m&aacute;y bay khứ hồi<br>- 02 đ&ecirc;m nghỉ dưỡng ở ph&ograve;ng Melia Guest Room<br>- Ăn s&aacute;ng hằng ng&agrave;y<br>- Miễn ph&iacute; sử dụng hồ bơi, ph&ograve;ng tập thể dục, kid club</p>\r\n</div>\r\n<div class=\"col-xs-12 no-padding \">\r\n<h4 class=\"v-margin-bottom-15\"><b>Điều kiện &aacute;p dụng</b></h4>\r\n<p>- &Aacute;p dụng khi đặt 02 Kh&aacute;ch/ Ph&ograve;ng<br><br></p>\r\n<p><strong>* Ưu đ&atilde;i cho Kh&aacute;ch đặt ph&ograve;ng The Level Room: +1.300.000 VND/ Ph&ograve;ng/Đ&ecirc;m</strong><br>- Ăn s&aacute;ng tại The Level Lounge<br>- Miễn ph&iacute; Tiệc Tr&agrave; chiều từ 12h đến 14h<br>- Miễn ph&iacute; Tiệc Cocktail từ 15h30 đến 17h30<br>- Miễn ph&iacute; 01 M&oacute;n Ủi/ Ng&agrave;y</p>\r\n</div>\r\n</div>\r\n</div>','Combo 3N2Đ + Vé Máy bay khứ hồi + Ăn sáng','Combo 3N2Đ + Vé Máy bay khứ hồi + Ăn sáng','','<table width=\"100%\" height=\"125\">\r\n<tbody>\r\n<tr>\r\n<td style=\"width: 247px;\"><strong>Thời gian nhận ph&ograve;ng</strong></td>\r\n<td style=\"width: 247px;\">15:00</td>\r\n</tr>\r\n<tr>\r\n<td style=\"width: 247px;\"><strong>Thời gian trả ph&ograve;ng</strong></td>\r\n<td style=\"width: 247px;\">12:00</td>\r\n</tr>\r\n<tr>\r\n<td style=\"width: 247px;\"><strong>Khoảng c&aacute;ch di chuyển</strong></td>\r\n<td style=\"width: 247px;\">\r\n<ul>\r\n<li>C&aacute;ch b&atilde;i biển Non Nước 50m.</li>\r\n<li>C&aacute;ch n&uacute;i Ngũ H&agrave;nh Sơn 1km.</li>\r\n<li>C&aacute;ch cầu s&ocirc;ng H&agrave;n 10.7km.</li>\r\n<li>C&aacute;ch chợ H&agrave;n 11.3km.</li>\r\n</ul>\r\n</td>\r\n</tr>\r\n<tr>\r\n<td style=\"width: 247px;\"><strong>Hướng dẫn nhận ph&ograve;ng</strong></td>\r\n<td style=\"width: 247px;\">\r\n<p>Qu&yacute; kh&aacute;ch vui l&ograve;ng xuất tr&igrave;nh Hộ chiếu/CMND v&agrave; Phiếu nhận ph&ograve;ng của iVIVU.com khi nhận ph&ograve;ng tại kh&aacute;ch sạn.&nbsp;</p>\r\n<p>(Kh&aacute;ch sạn c&oacute; thể sẽ y&ecirc;u cầu Qu&yacute; kh&aacute;ch số thẻ t&iacute;n dụng hoặc tiền đặt cọc cho c&aacute;c dịch vụ ph&aacute;t sinh trong thời gian lưu tr&uacute; của Qu&yacute; kh&aacute;ch)</p>\r\n</td>\r\n</tr>\r\n<tr>\r\n<td style=\"width: 247px;\"><strong>Ch&iacute;nh s&aacute;ch phụ thu</strong></td>\r\n<td style=\"width: 247px;\">\r\n<ul>\r\n<li>Miễn ph&iacute; trẻ em dưới 6 tuổi khi sử dụng chung giường với cha mẹ.</li>\r\n<li>Trẻ em từ 6-11 tuổi sử dụng chung giường với cha mẹ v&agrave; phụ thu 186.000 VNĐ/trẻ em/đ&ecirc;m.</li>\r\n<li>Trẻ em từ 12 tuổi trở l&ecirc;n phụ thu như người lớn.</li>\r\n<li><strong>Extra&nbsp;Bed. 1.044.000 VND/ Đ&ecirc;m.&nbsp;</strong>Giường phụ chỉ đặt được trong ph&ograve;ng Premium hoặc The Level</li>\r\n</ul>\r\n</td>\r\n</tr>\r\n</tbody>\r\n</table>','<p><strong>Khu nghỉ dưỡng Melia Đ&agrave; Nẵng</strong><span>&nbsp;</span>nằm dọc theo bờ biển, c&oacute; b&atilde;i biển ri&ecirc;ng, hồ bơi lớn ngo&agrave;i trời, trung t&acirc;m thể dục v&agrave; khu vườn kiểng tuyệt đẹp. Khu nghỉ dưỡng c&oacute; 158 ph&ograve;ng v&agrave; được b&agrave;i tr&iacute; trang nh&atilde;, c&aacute;c ph&ograve;ng m&aacute;y lạnh hiện đại c&oacute; s&agrave;n l&aacute;t gạch, tủ quần &aacute;o, k&eacute;t an to&agrave;n (trong ph&ograve;ng), ghế sofa v&agrave; truyền h&igrave;nh c&aacute;p/vệ tinh m&agrave;n h&igrave;nh phẳng. Ph&ograve;ng tắm ri&ecirc;ng bao gồm tiện nghi v&ograve;i sen, m&aacute;y sấy t&oacute;c, &aacute;o cho&agrave;ng tắm v&agrave; đồ vệ sinh c&aacute; nh&acirc;n sang trọng.</p>\r\n<p>Tại Melia Danang Resort, kh&aacute;ch c&oacute; thể tận hưởng m&aacute;t-xa thư gi&atilde;n ở spa. Nh&acirc;n vi&ecirc;n th&acirc;n thiện ở b&agrave;n lễ t&acirc;n 24 giờ c&oacute; thể trợ gi&uacute;p kh&aacute;ch đặt v&eacute;, cung cấp dịch vụ giặt l&agrave; v&agrave; sắp xếp tiệc/hội họp. Dịch vụ đưa đ&oacute;n s&acirc;n bay v&agrave; dịch vụ hỗ trợ doanh nh&acirc;n cũng c&oacute; thể được cung cấp với một khoản phụ ph&iacute;.</p>\r\n<p>Nh&agrave; h&agrave;ng trong nh&agrave; phục vụ tiệc bao gồm ẩm thực Việt Nam v&agrave; phương T&acirc;y ngon miệng. C&aacute;c bữa ăn theo chế độ đặc biệt v&agrave; dịch vụ phục vụ ăn uống tại ph&ograve;ng c&oacute; thể được cung cấp, trong khi đ&oacute;, kh&aacute;ch c&oacute; thể thưởng thức đồ uống sau bữa ăn ở qu&aacute;n bar.</p>\r\n<p><strong>Số lượng ph&ograve;ng:</strong><span>&nbsp;</span>158 ph&ograve;ng.</p>','<ul>\r\n<li>B&atilde;i biển ri&ecirc;ng</li>\r\n<li><span>Nh&agrave; h&agrave;ng, Khu ăn uống</span></li>\r\n<li><span>Cho thu&ecirc; xe</span></li>\r\n<li><span>Dịch vụ tr&ocirc;ng trẻ</span></li>\r\n<li><span>Ph&ograve;ng tập thể dục</span></li>\r\n<li><span>Quầy b&aacute;n tour</span></li>\r\n<li><span>Spa/Beauty Salon/Massage</span></li>\r\n<li><span>B&atilde;i đậu xe &ocirc; t&ocirc; tại kh&aacute;ch sạn</span></li>\r\n<li><span>Dịch vụ dọn ph&ograve;ng</span></li>\r\n<li><span>Hệ thống b&aacute;o ch&aacute;y</span></li>\r\n<li><span>Tr&agrave;/C&agrave; ph&ecirc; miễn ph&iacute;</span></li>\r\n<li><span>Dịch vụ giặt ủi</span></li>\r\n<li><span>Ph&ograve;ng họp/Dịch vụ hội nghị</span></li>\r\n<li><span>Cửa h&agrave;ng đồ lưu niệm</span></li>\r\n<li><span>Hồ bơi ngo&agrave;i trời</span></li>\r\n<li><span>Ph&ograve;ng x&ocirc;ng hơi</span></li>\r\n<li><span>Quầy bar cạnh bể bơi</span></li>\r\n<li><span>Thang m&aacute;y</span></li>\r\n<li><span>Biệt thự (Villa)</span></li>\r\n<li><span>Dịch vụ thu đổi ngoại tệ</span></li>\r\n<li><span>Mở cửa 24/7</span></li>\r\n<li><span>Hồ bơi</span></li>\r\n<li><span>Dịch vụ giữ h&agrave;nh l&yacute;</span></li>\r\n<li><span>Wifi / Internet</span></li>\r\n<li><span>Dịch vụ cho thu&ecirc; xe đạp</span></li>\r\n<li><span>M&aacute;y Fax/M&aacute;y in</span></li>\r\n<li><span>Phục vụ ph&ograve;ng - 24 giờ</span></li>\r\n<li><span>S&acirc;n vườn</span></li>\r\n<li><span>Bar/Club/Pub</span></li>\r\n<li><span>Bar/Club/Pub</span></li>\r\n<li><span>Dịch vụ y tế</span></li>\r\n<li><span>Ph&ograve;ng gia đ&igrave;nh</span></li>\r\n<li><span>Khu vui chơi trẻ em</span></li>\r\n</ul>'),(3,'vi','khu-nghi-duong-sheraton-grand-da-nang','Combo 3N2Đ + Vé máy bay khứ hồi + Ăn sáng','Combo 3N2Đ + Vé máy bay khứ hồi + Ăn sáng','<h2 class=\"combo__heading combo__heading--price-below  v-margin-bottom-30\"><b style=\"font-size: 14px;\">Combo bao gồm</b></h2>\r\n<div class=\"col-xs-12 no-padding \">\r\n<div class=\"col-xs-12 no-padding\">\r\n<div class=\"col-xs-12 no-padding v-margin-bottom-30\">\r\n<p>- V&eacute; m&aacute;y bay khứ hồi<br>- 02 đ&ecirc;m nghỉ ở ph&ograve;ng Deluxe Pool View<br>- Ăn s&aacute;ng tự chọn<br>- Miễn ph&iacute; sử dụng hồ bơi, ph&ograve;ng tập thể dục</p>\r\n</div>\r\n<div class=\"col-xs-12 no-padding \">\r\n<h4 class=\"v-margin-bottom-15\"><b>Điều kiện &aacute;p dụng</b></h4>\r\n<p>- &Aacute;p dụng khi đặt 02 kh&aacute;ch/ ph&ograve;ng<br>-&nbsp;Giai đoạn 01/07 - 31/08/2018: +550.000/ Ph&ograve;ng/ Đ&ecirc;m</p>\r\n</div>\r\n</div>\r\n</div>','Combo 3N2Đ + Vé máy bay khứ hồi + Ăn sáng','','','<div class=\"col-xs-12 col-sm-4 col-md-4 col-xl-4 font-bold\">\r\n<div class=\"col-xs-12 col-sm-8 col-md-8 col-xl-8 txt-justify\">\r\n<table width=\"100%\" height=\"125\">\r\n<tbody>\r\n<tr>\r\n<td style=\"width: 247px;\"><strong>Thời gian nhận ph&ograve;ng</strong></td>\r\n<td style=\"width: 247px;\">14:00</td>\r\n</tr>\r\n<tr>\r\n<td style=\"width: 247px;\"><strong>Thời gian trả ph&ograve;ng</strong></td>\r\n<td style=\"width: 247px;\">12:00</td>\r\n</tr>\r\n<tr>\r\n<td style=\"width: 247px;\"><strong>Khoảng c&aacute;ch di chuyển</strong></td>\r\n<td style=\"width: 247px;\">Sheraton Grand Danang Resort tọa lạc tại b&atilde;i biển Non Nước<br>- C&aacute;ch s&acirc;n bay Đ&agrave; Nẵng khoảng 14km.<br>- C&aacute;ch trung t&acirc;m Đ&agrave; Nẵng khoảng 12km.<br>- C&aacute;ch Hội An khoảng 15km.</td>\r\n</tr>\r\n<tr>\r\n<td style=\"width: 247px;\"><strong>Hướng dẫn nhận ph&ograve;ng</strong></td>\r\n<td style=\"width: 247px;\">\r\n<p>Qu&yacute; kh&aacute;ch vui l&ograve;ng xuất tr&igrave;nh Hộ chiếu/CMND v&agrave; Phiếu nhận ph&ograve;ng của iVIVU.com khi nhận ph&ograve;ng tại kh&aacute;ch sạn.</p>\r\n<p>(Kh&aacute;ch sạn c&oacute; thể sẽ y&ecirc;u cầu Qu&yacute; kh&aacute;ch số thẻ t&iacute;n dụng hoặc tiền đặt cọc cho c&aacute;c dịch vụ ph&aacute;t sinh trong thời gian lưu tr&uacute; của Qu&yacute; kh&aacute;ch)</p>\r\n</td>\r\n</tr>\r\n<tr>\r\n<td style=\"width: 247px;\"><strong>Ch&iacute;nh s&aacute;ch phụ thu</strong></td>\r\n<td style=\"width: 247px;\">\r\n<p>- Miễn ph&iacute; tối đa 2 trẻ em dưới 4 tuổi ngủ chung giường với người lớn<br>- Trẻ em 4 đến dưới 12 tuổi phụ thu 288.000 VND/ Trẻ em<br> - Trẻ em 12 tuổi trở l&ecirc;n t&iacute;nh như người lớn.&nbsp;<br><strong>** Extra Bed: 1.380.000 VND/ Đ&ecirc;m</strong></p>\r\n</td>\r\n</tr>\r\n</tbody>\r\n</table>\r\n</div>\r\n</div>','<section class=\"htdt-description clearfix bg-white br-8 mrg-b-15 pad-tb-15 \">\r\n<div class=\"pad-lr-15 txt-justify\">\r\n<p><strong>Sheraton Grand Danang Resort</strong><span>&nbsp;</span>l&agrave; thương hiệu resort cao cấp Sheraton Grand đầu ti&ecirc;n tại Việt Nam. Khu nghỉ dưỡng l&agrave; quần thể thống nhất với nhiều hạng mục gồm 258 ph&ograve;ng nghỉ, trung t&acirc;m hội nghị, nh&agrave; h&agrave;ng, biệt thự v&agrave; c&aacute;c khu tiện &iacute;ch. &ETH;iểm nhấn của c&ocirc;ng tr&igrave;nh l&agrave; to&agrave; nh&agrave; hội nghị 2 tầng c&oacute; diện t&iacute;ch mặt bằng 3200 m2, trong đ&oacute; ph&ograve;ng Ballroom c&oacute; k&iacute;ch thước đến 1400 m2, l&agrave; nơi đ&atilde; tổ chức th&agrave;nh c&ocirc;ng Gala Dinner cho 21 nh&agrave; l&atilde;nh đạo c&aacute;c quốc gia v&agrave; v&ugrave;ng l&atilde;nh thổ, c&ugrave;ng hơn 800 đại biểu tham dự APEC vừa qua.</p>\r\n</div>\r\n</section>\r\n<section class=\"htdt-policy clearfix bg-white br-8 mrg-b-15 pad-tb-15\">\r\n<article class=\"col-xs-12 col-sm-12 col-md-12 col-xl-12 mrg-b-15\"></article>\r\n</section>','<ul>\r\n<li><span>B&atilde;i biển ri&ecirc;ng</span></li>\r\n<li><span>Dịch vụ dọn ph&ograve;ng</span></li>\r\n<li><span>Business Center</span></li>\r\n<li><span>Dịch vụ giặt ủi</span></li>\r\n<li><span>Dịch vụ b&aacute;o thức</span></li>\r\n<li><span>Dịch vụ giữ h&agrave;nh l&yacute;</span></li>\r\n</ul>'),(4,'vi','vinpearl-golf-land-resort-villa-nha-trang','Combo 3N2Đ + Vé máy bay khứ hồi + Vui chơi Vinpearl Land','Combo 3N2Đ + Vé máy bay khứ hồi + Vui chơi Vinpearl Land','<h2 class=\"combo__heading combo__heading--price-below  v-margin-bottom-30\"><b style=\"font-size: 14px;\">Combo bao gồm</b></h2>\r\n<div class=\"col-xs-12 no-padding \">\r\n<div class=\"col-xs-12 no-padding\">\r\n<div class=\"col-xs-12 no-padding v-margin-bottom-30\">\r\n<p>- V&eacute; m&aacute;y bay khứ hồi (bao gồm h&agrave;nh l&yacute; x&aacute;ch tay 7kg/kh&aacute;ch/chiều bay)</p>\r\n<p>- 2 đ&ecirc;m nghỉ tại khu nghỉ dưỡng</p>\r\n<p>- Ăn s&aacute;ng buffet</p>\r\n<p>- Vui chơi Vinpearl Land kh&ocirc;ng giới hạn</p>\r\n<p>- Sử dụng c&aacute;c tiện &iacute;ch của kh&aacute;ch sạn: hồ bơi, kid club, xe đạp, ph&ograve;ng gym...</p>\r\n<p><strong>Đăc biệt n&acirc;ng cấp g&oacute;i dịch vụ trọn g&oacute;i ăn 3 bữa, vui chơi Vinpearl Land hết ga chỉ +1,600,000 VND/kh&aacute;ch</strong></p>\r\n<p><em><strong>**&nbsp;Cơ hội giảm đến 1,000,000 VND cho kh&aacute;ch đặt v&agrave; lưu tr&uacute; từ 16/08 trở đi.</strong></em></p>\r\n</div>\r\n<div class=\"col-xs-12 no-padding \">\r\n<h4 class=\"v-margin-bottom-15\"><b>Điều kiện &aacute;p dụng</b></h4>\r\n<p>- Đặt tối thiểu 2 kh&aacute;ch/ph&ograve;ng</p>\r\n<p>- &Aacute;p dụng kh&aacute;ch Việt Nam</p>\r\n</div>\r\n</div>\r\n</div>','Combo 3N2Đ + Vé máy bay khứ hồi + Vui chơi Vinpearl Lan','','','<div class=\"col-xs-12 col-sm-4 col-md-4 col-xl-4 font-bold\">\r\n<div class=\"col-xs-12 col-sm-8 col-md-8 col-xl-8 txt-justify\">\r\n<table width=\"100%\" height=\"125\">\r\n<tbody>\r\n<tr>\r\n<td><strong>Thời gian nhận ph&ograve;ng</strong></td>\r\n<td>14:00</td>\r\n</tr>\r\n<tr>\r\n<td><strong>Thời gian trả ph&ograve;ng</strong></td>\r\n<td>12:00</td>\r\n</tr>\r\n<tr>\r\n<td><strong>Di chuyển</strong></td>\r\n<td>\r\n<p>- M&aacute;y bay: S&acirc;n bay Quốc tế Cam Ranh c&aacute;ch Vinpearl 24 km. Kh&aacute;ch h&agrave;ng c&oacute; thể đi taxi, bus hoặc đặt xe đưa rước của Vinpearl để đi đến Vinpearl</p>\r\n<p>- T&agrave;u hỏa: Xuất ph&aacute;t từ H&agrave; Nội hoặc Hồ Ch&iacute; Minh. Ga Nha Trang c&aacute;ch&nbsp;Vinpearl 6.3km (15\' đi xe)</p>\r\n<p>- Xe kh&aacute;ch: Xuất ph&aacute;t từ nhiều tỉnh th&agrave;nh, một số h&atilde;ng xe c&oacute; xe trung chuyển đến Vinpearl</p>\r\n</td>\r\n</tr>\r\n<tr>\r\n<td><strong>Hướng dẫn nhận ph&ograve;ng</strong></td>\r\n<td>\r\n<p>Qu&yacute; kh&aacute;ch vui l&ograve;ng xuất tr&igrave;nh CMND (Hộ chiếu) v&agrave; phiếu x&aacute;c nhận đặt ph&ograve;ng khi l&agrave;m thủ tục nhận ph&ograve;ng tại kh&aacute;ch sạn.</p>\r\n<p>Kh&aacute;ch h&agrave;ng sẽ được y&ecirc;u cầu đặt cọc tại quầy lễ t&acirc;n 2,000,000 VND/đ&ecirc;m/ph&ograve;ng. Ph&iacute; n&agrave;y d&ugrave;ng để đảm bảo cho c&aacute;c dịch vụ ph&aacute;t sinh (nếu c&oacute;) tại kh&aacute;ch sạn v&agrave; sẽ được ho&agrave;n lại l&uacute;c kh&aacute;ch trả ph&ograve;ng.</p>\r\n<p>- Kh&aacute;ch sẽ l&agrave;m thủ tục nhận ph&ograve;ng&nbsp;tại Khu vực Check in Vinpearl nằm ở Cảng Ph&uacute; Qu&iacute;, ph&iacute;a Nam Cầu Đ&aacute;</p>\r\n<p>- Kh&aacute;ch di chuyển bằng C&aacute;p treo (nếu c&oacute; mua V&eacute; Vinpearl Land) hoặc t&agrave;u cao tốc (nếu kh&ocirc;ng mua v&eacute; Vinpearl Land)</p>\r\n<p>- Nh&acirc;n vi&ecirc;n kh&aacute;ch sạn sẽ chờ kh&aacute;ch tại đảo v&agrave; hướng dẫn kh&aacute;ch di chuyển về kh&aacute;ch sạn</p>\r\n</td>\r\n</tr>\r\n<tr>\r\n<td><strong>Ch&iacute;nh s&aacute;ch phụ thu</strong></td>\r\n<td>\r\n<p><strong>Khu kh&aacute;ch sạn:</strong></p>\r\n<p>&nbsp; &nbsp;+&nbsp;Miễn ph&iacute; trẻ dưới 4 tuổi khi sử dụng chung giường với bố mẹ</p>\r\n<p><strong>- Ăn s&aacute;ng:</strong></p>\r\n<p>&nbsp; &nbsp;+&nbsp;Trẻ từ 4-11 tuổi phụ thu&nbsp;bữa ăn&nbsp;300.000 VND/trẻ/đ&ecirc;m hoặc phụ thu giường phụ 700.000 VND/giường/đ&ecirc;m</p>\r\n<p>&nbsp; &nbsp;+ Trẻ từ&nbsp;12&nbsp;tuổi trở l&ecirc;n được t&iacute;nh như người lớn, phụ thu giường phụ 1.000.000 VND/giường/đ&ecirc;m</p>\r\n<p><strong>- Ăn 3 bữa:</strong></p>\r\n<p>&nbsp; &nbsp;+ Trẻ từ 4-11 tuổi phụ thu&nbsp;bữa ăn&nbsp;700.000 VND/trẻ/đ&ecirc;m hoặc phụ thu giường phụ 1.100.000 VND/giường/đ&ecirc;m</p>\r\n<p>&nbsp; &nbsp;+ Trẻ&nbsp;từ 12 tuổi trở l&ecirc;n được t&iacute;nh như người lớn, phụ thu giường phụ 1.800.000 VND/giường/đ&ecirc;m</p>\r\n<p><strong>- Ăn s&aacute;ng + Vui chơi Vinpearl Land:</strong></p>\r\n<p>&nbsp; &nbsp;+ Trẻ từ 4-11 tuổi phụ thu&nbsp;bữa ăn&nbsp;700.000 VND/trẻ/đ&ecirc;m hoặc phụ thu giường phụ 1.100.000 VND/giường/đ&ecirc;m</p>\r\n<p>&nbsp; &nbsp;+ Trẻ từ 12 tuổi trở l&ecirc;n được t&iacute;nh như người lớn, phụ thu giường phụ 1.400.000 VND/giường/đ&ecirc;m</p>\r\n<p><strong>- Ăn 3 bữa + Vui chơi Vinpearl Land:</strong></p>\r\n<p>&nbsp; &nbsp;+ Trẻ từ 4-11 tuổi phụ thu&nbsp;bữa ăn 1.100.000 VND/trẻ/đ&ecirc;m hoặc phụ thu giường phụ 1.500.000 VND/giường/đ&ecirc;m</p>\r\n<p>&nbsp; &nbsp;+ Trẻ từ 12 tuổi trở l&ecirc;n được t&iacute;nh như người lớn, phụ thu giường phụ 2.200.000 VND/giường/đ&ecirc;m</p>\r\n<p><strong>Khu Villa:</strong></p>\r\n<p>&nbsp; &nbsp;+ Miễn ph&iacute; trẻ dưới 4 tuổi khi sử dụng chung giường với bố mẹ</p>\r\n<p>&nbsp; &nbsp;+ Trẻ từ 12 tuổi trở l&ecirc;n được t&iacute;nh như người lớn</p>\r\n<p><strong>- Ăn s&aacute;ng:</strong></p>\r\n<p>&nbsp; &nbsp;+&nbsp;Trẻ từ 4-11 tuổi phụ thu&nbsp;bữa ăn&nbsp;300.000 VND/trẻ/đ&ecirc;m</p>\r\n<p><strong>- Ăn 3 bữa:</strong></p>\r\n<p>&nbsp; &nbsp;+ Trẻ từ 4-11&nbsp;tuổi phụ thu&nbsp;bữa ăn&nbsp;700.000 VND/trẻ/đ&ecirc;m</p>\r\n<p><strong>- Ăn s&aacute;ng + Vui chơi Vinpearl Land:</strong></p>\r\n<p>&nbsp; &nbsp;+ Trẻ từ 4-11 tuổi phụ thu&nbsp;bữa ăn&nbsp;700.000 VND/trẻ/đ&ecirc;m</p>\r\n<p><strong>- Ăn 3 bữa + Vui chơi Vinpearl Land:</strong></p>\r\n<p>&nbsp; &nbsp;+ Trẻ từ 4-11&nbsp;tuổi phụ thu&nbsp;bữa ăn&nbsp;1.100.000 VND/trẻ/đ&ecirc;m</p>\r\n</td>\r\n</tr>\r\n</tbody>\r\n</table>\r\n</div>\r\n</div>\r\n<p><br><br></p>','<p>Tọa lạc ở Nha Trang, th&agrave;nh phố ven biển đẹp như tranh vẽ của Việt Nam,<strong><span>&nbsp;</span>Vinpearl Golf Land Resort &amp; Villas</strong><span>&nbsp;</span>cung cấp chỗ ở sang trọng theo phong c&aacute;ch thời Victoria v&agrave; c&oacute; khu vực b&atilde;i biển ri&ecirc;ng với c&aacute;c tiện nghi thể thao dưới nước.</p>\r\n<p>Tất cả c&aacute;c ph&ograve;ng nghỉ tại<span>&nbsp;</span><strong>Vinpearl Golf Land Resort &amp; Villas</strong><span>&nbsp;</span>đều được trang bị tiện nghi hiện đại v&agrave; sang trọng, ho&agrave;n chỉnh với đồ nội thất mộc mạc v&agrave; trang nh&atilde;. C&aacute;c ph&ograve;ng nghỉ đi k&egrave;m m&aacute;y lạnh, TV truyền h&igrave;nh c&aacute;p m&agrave;n h&igrave;nh phẳng v&agrave; hầu hết đều c&oacute; ban c&ocirc;ng, nơi du kh&aacute;ch c&oacute; thể thưởng ngoạn quang cảnh biển, hồ nước, khu vườn hoặc hồ bơi.</p>\r\n<p>Trong to&agrave;n bộ khu&ocirc;n vi&ecirc;n rộng lớn của chỗ nghỉ c&oacute; v&ocirc; số c&aacute;c hoạt động cho du kh&aacute;ch tham gia cả ng&agrave;y. Du kh&aacute;ch c&oacute; thể vui đ&ugrave;a dưới &aacute;nh nắng mặt trời tại c&aacute;c hồ bơi ngo&agrave;i trời hoặc thậm ch&iacute; đi đến khu vực b&atilde;i biển ri&ecirc;ng, nơi c&oacute; c&aacute;c tiện nghi thể thao dưới nước (thu ph&iacute;). Ngo&agrave;i ra, du kh&aacute;ch c&oacute; thể lui tới trung t&acirc;m thể dục hoặc thậm ch&iacute; tận hưởng liệu ph&aacute;p m&aacute;t-xa trị liệu tại trung t&acirc;m spa.</p>\r\n<p><strong>Số lượng ph&ograve;ng:</strong><span>&nbsp;</span>403 ph&ograve;ng</p>','<ul>\r\n<li>B&atilde;i biển ri&ecirc;ng</li>\r\n<li>Biệt thự (Villa)</li>\r\n<li>Business Center</li>\r\n<li>Connecting Rooms</li>\r\n<li>Dịch vụ dọn ph&ograve;ng</li>\r\n<li>Dịch vụ giữ h&agrave;nh l&yacute;</li>\r\n<li>Dịch vụ thu đổi ngoại tệ</li>\r\n<li>Dịch vụ tr&ocirc;ng trẻ</li>\r\n<li>S&acirc;n chơi Golf</li>\r\n<li>Spa/Beauty Salon/Massage</li>\r\n<li>Hồ bơi ngo&agrave;i trời</li>\r\n<li>Ph&ograve;ng gia đ&igrave;nh</li>\r\n<li>Đưa đ&oacute;n s&acirc;n bay miễn ph&iacute;</li>\r\n<li>Nh&agrave; h&agrave;ng, Khu ăn uống</li>\r\n<li>Ph&ograve;ng tập thể dục</li>\r\n<li>Phục vụ ph&ograve;ng</li>\r\n<li>Qu&aacute;n c&agrave; ph&ecirc;</li>\r\n<li>Quầy b&aacute;n tour</li>\r\n<li>Quầy bar cạnh bể bơi</li>\r\n<li>Thang m&aacute;y</li>\r\n<li>Wifi / Internet</li>\r\n<li>Khu nghỉ dưỡng (Resort)</li>\r\n<li>Ph&ograve;ng họp/Dịch vụ hội nghị</li>\r\n<li>B&atilde;i đậu xe &ocirc; t&ocirc; tại kh&aacute;ch sạn</li>\r\n<li>Cửa h&agrave;ng đồ lưu niệm</li>\r\n<li>Dịch vụ b&aacute;o thức</li>\r\n<li>Dịch vụ giặt ủi</li>\r\n<li>Hệ thống b&aacute;o ch&aacute;y</li>\r\n<li>Hồ bơi</li>\r\n<li>Hồ bơi trẻ em</li>\r\n<li>Jacuzzi</li>\r\n<li>Mini bar miễn ph&iacute;</li>\r\n<li>Mở cửa 24/7</li>\r\n<li>Nh&agrave; bếp với dụng cụ cơ bản</li>\r\n<li>Ph&ograve;ng x&ocirc;ng hơi</li>\r\n<li>Phục vụ ph&ograve;ng - 24 giờ</li>\r\n<li>S&acirc;n vườn</li>\r\n<li>Tr&agrave;/C&agrave; ph&ecirc; miễn ph&iacute;</li>\r\n<li>Wifi miễn ph&iacute;</li>\r\n<li>Dịch vụ trọn g&oacute;i</li>\r\n<li>Khu vui chơi trẻ em</li>\r\n</ul>'),(5,'vi','khu-nghi-duong-the-anam-nha-trang','Combo 3N2Đ| VMB + Đưa đón sân bay','Combo 3N2Đ| VMB + Đưa đón sân bay','<div class=\"col-xs-12 no-padding \">\r\n<div class=\"col-xs-12 no-padding\">\r\n<div class=\"col-xs-12 no-padding v-margin-bottom-30\">\r\n<h4 class=\"v-margin-bottom-15\"><b>Combo bao gồm</b></h4>\r\n<p>- V&eacute; m&aacute;y bay khứ hồi</p>\r\n<p>- 02 đ&ecirc;m nghỉ dưỡng tại ph&ograve;ng Balcony Garden View</p>\r\n<p>-&nbsp;Bữa s&aacute;ng buffet h&agrave;ng ng&agrave;y</p>\r\n<p>- Đưa đ&oacute;n s&acirc;n bay</p>\r\n<p>- Xe đưa đ&oacute;n&nbsp;đến trung t&acirc;m th&agrave;nh phố theo lịch tr&igrave;nh</p>\r\n<p>- Sử dụng c&aacute;c tiện &iacute;ch: hồ bơi, ph&ograve;ng gym</p>\r\n<p>- Giảm 10% dịch vụ ăn uống</p>\r\n<p>- Giảm 20% dịch vụ Spa</p>\r\n</div>\r\n<div class=\"col-xs-12 no-padding \">\r\n<h4 class=\"v-margin-bottom-15\"><b>Điều kiện &aacute;p dụng</b></h4>\r\n<p>- Đặt tối thiểu 2 kh&aacute;ch/ph&ograve;ng</p>\r\n<p>- Chỉ &aacute;p dụng đối với kh&aacute;ch Việt Nam</p>\r\n<p>- Giai đoạn từ 01.07 - 02.09.2018:</p>\r\n<p>&nbsp; &nbsp;+ Khởi h&agrave;nh từ TPHCM chỉ từ 5,699,000vnđ/ kh&aacute;ch</p>\r\n<p>&nbsp; &nbsp;+ Khởi h&agrave;nh từ H&agrave; Nội chỉ từ 7,699,000vnđ/ kh&aacute;ch</p>\r\n</div>\r\n</div>\r\n</div>','Combo 3N2Đ| VMB + Đưa đón sân bay','','','<div class=\"col-xs-12 col-sm-4 col-md-4 col-xl-4 font-bold\">\r\n<div class=\"col-xs-12 col-sm-8 col-md-8 col-xl-8 txt-justify\">\r\n<table width=\"100%\" height=\"125\">\r\n<tbody>\r\n<tr>\r\n<td><strong>Thời gian nhận ph&ograve;ng</strong></td>\r\n<td>14:00</td>\r\n</tr>\r\n<tr>\r\n<td><strong>Thời gian trả ph&ograve;ng</strong></td>\r\n<td>12:00</td>\r\n</tr>\r\n<tr>\r\n<td><strong>Di chuyển</strong></td>\r\n<td>\r\n<p>- Kh&aacute;ch sạn nằm ngay b&ecirc;n bờ biển B&atilde;i D&agrave;i.</p>\r\n<p>- Kh&aacute;ch sạn c&aacute;ch S&acirc;n bay Quốc tế Cam Ranh 15 ph&uacute;t l&aacute;i xe.</p>\r\n<p>- Kh&aacute;ch sạn c&aacute;ch trung t&acirc;m th&agrave;nh phố Nha Trang 30 ph&uacute;t l&aacute;i xe.</p>\r\n<p>- Lịch tr&igrave;nh xe bu&yacute;t miễn ph&iacute; đưa đ&oacute;n kh&aacute;ch v&agrave;o trung t&acirc;m th&agrave;nh phố Nha Trang:&nbsp;</p>\r\n<p>&nbsp; &nbsp;+ Từ resort đến&nbsp;trung t&acirc;m th&agrave;nh phố: 9:00, 12:00, 20:00</p>\r\n<p>&nbsp; &nbsp;+ Từ trung t&acirc;m th&agrave;nh phố đến resort: 15:30, 18:30</p>\r\n</td>\r\n</tr>\r\n<tr>\r\n<td><strong>Hướng dẫn nhận ph&ograve;ng</strong></td>\r\n<td>\r\n<p><span>Qu&yacute; kh&aacute;ch vui l&ograve;ng xuất tr&igrave;nh Hộ chiếu/CMND v&agrave; Phiếu nhận ph&ograve;ng của iVIVU.com khi nhận ph&ograve;ng tại kh&aacute;ch sạn.&nbsp;</span><br><span>(Kh&aacute;ch sạn c&oacute; thể sẽ y&ecirc;u cầu Qu&yacute; kh&aacute;ch số thẻ t&iacute;n dụng hoặc tiền đặt cọc cho c&aacute;c dịch vụ ph&aacute;t sinh trong thời gian lưu tr&uacute; của Qu&yacute; kh&aacute;ch).</span></p>\r\n</td>\r\n</tr>\r\n<tr>\r\n<td><strong>Ch&iacute;nh s&aacute;ch phụ thu</strong></td>\r\n<td>\r\n<p>Tối đa 02 trẻ em dưới 12 tuổi được ngủ c&ugrave;ng ph&ograve;ng với bố mẹ</p>\r\n<p>Trẻ em dưới 05 tuổi được miễn ph&iacute; ngủ c&ugrave;ng giường với bố mẹ, bao gồm ăn s&aacute;ng</p>\r\n<p>Trẻ em từ 05 - 11 tuổi, phụ thu:</p>\r\n<p>&nbsp; &nbsp;+ Th&ecirc;m trẻ: 247,500vnđ/ trẻ/ đ&ecirc;m (bao gồm ăn s&aacute;ng, ngủ c&ugrave;ng giường với bố mẹ)</p>\r\n<p>&nbsp; &nbsp;+ Giường phụ: 869,000vnđ/ giường/ đ&ecirc;m (bao gồm ăn s&aacute;ng)</p>\r\n<p>Trẻ từ 12 tuổi trở l&ecirc;n được t&iacute;nh như người lớn, phụ thu giường phụ: 1,122,000vnđ/ giường/ đ&ecirc;m (bao gồm ăn s&aacute;ng)</p>\r\n</td>\r\n</tr>\r\n</tbody>\r\n</table>\r\n</div>\r\n</div>\r\n<p></p>','<p><strong>Khu nghỉ dưỡng The Anam Nha Trang</strong><span>&nbsp;</span>ti&ecirc;u chuẩn 5 sao nằm b&ecirc;n bờ biển B&atilde;i D&agrave;i xinh đẹp bậc nhất tại Kh&aacute;nh H&ograve;a v&agrave; miền Trung. Với vẻ đẹp đầy m&ecirc; hoặc từ thời phong kiến được kết hợp ho&agrave;n hảo c&ugrave;ng những thiết kế sang trọng v&agrave; dịch vụ cao cấp của thế kỉ 21, The Anam đ&oacute;n ch&agrave;o bạn đến với một bờ biển ngập tr&agrave;n &aacute;nh nắng rực rỡ vẫn c&ograve;n nguy&ecirc;n n&eacute;t đẹp hoang sơ chưa được khai ph&aacute; của Việt Nam.</p>\r\n<p>Sở hữu một b&atilde;i biển ri&ecirc;ng v&agrave; đội ngũ nh&acirc;n vi&ecirc;n chăm s&oacute;c dịch vụ h&agrave;ng đầu Việt Nam với những d&atilde;y ph&ograve;ng v&agrave; biệt thự hướng biển, bao gồm cả những biệt thự sang trọng c&oacute; hồ bơi ri&ecirc;ng, The Anam thể hiện n&eacute;t sang trọng cổ điển trong c&aacute;ch b&agrave;y tr&iacute; hiện đại, lịch l&atilde;m.&nbsp;</p>\r\n<p><strong>Số lượng ph&ograve;ng:</strong><span>&nbsp;</span>117 ph&ograve;ng.</p>','<table height=\"44\" style=\"width: 810px;\">\r\n<tbody>\r\n<tr>\r\n<td style=\"width: 274px;\">\r\n<ul>\r\n<li><span>B&atilde;i đậu xe &ocirc; t&ocirc; tại kh&aacute;ch sạn</span></li>\r\n<li><span>Dịch vụ dọn ph&ograve;ng</span></li>\r\n</ul>\r\n</td>\r\n<td style=\"width: 281px;\">\r\n<ul>\r\n<li><span>Cửa h&agrave;ng đồ lưu niệm</span></li>\r\n<li><span>Dịch vụ giặt ủi</span></li>\r\n</ul>\r\n</td>\r\n<td style=\"width: 239px;\">\r\n<ul>\r\n<li><span>Dịch vụ b&aacute;o thức</span></li>\r\n<li><span>Dịch vụ giữ h&agrave;nh l&yacute;</span></li>\r\n</ul>\r\n</td>\r\n</tr>\r\n</tbody>\r\n</table>'),(6,'vi','swissbelresort-tuyen-lam-da-lat','Combo 3N2Đ + Vé máy bay khứ hồi + Ăn tối + Đưa đón sân bay','Combo 3N2Đ + Vé máy bay khứ hồi + Ăn tối + Đưa đón sân bay','<h2 class=\"combo__heading combo__heading--price-below  v-margin-bottom-30\"><b style=\"font-size: 14px;\">Combo bao gồm</b></h2>\r\n<div class=\"col-xs-12 no-padding \">\r\n<div class=\"col-xs-12 no-padding\">\r\n<div class=\"col-xs-12 no-padding v-margin-bottom-30\">\r\n<p>- V&eacute; m&aacute;y bay khứ hồi, bao gồm 07 kg h&agrave;nh l&yacute; x&aacute;ch tay<br>- ​Xe đưa đ&oacute;n s&acirc;n bay theo lịch tr&igrave;nh của resort<br>- 2 đ&ecirc;m nghỉ tại ph&ograve;ng Deluxe hướng đồi<br>- Ăn s&aacute;ng buffet h&agrave;ng ng&agrave;y cho 2 kh&aacute;ch<br>​​- 01 bữa trưa hoặc tối set menu ng&agrave;y đầu ti&ecirc;n tại nh&agrave; h&agrave;ng Swiss Cafe d&agrave;nh cho 2 kh&aacute;ch<br>- ​Shuttle bus đưa đ&oacute;n ra trung t&acirc;m th&agrave;nh phố Đ&agrave; Lạt theo lịch tr&igrave;nh của resort<br>- Miễn ph&iacute; sử dụng xe đạp v&ograve;ng quanh resort<br>- Miễn ph&iacute; sử dụng c&aacute;c tiện &iacute;ch tại kh&aacute;ch sạn: wifi, hồ bơi, ph&ograve;ng gym, kid club</p>\r\n</div>\r\n<div class=\"col-xs-12 no-padding \">\r\n<h4 class=\"v-margin-bottom-15\"><b>Điều kiện &aacute;p dụng</b></h4>\r\n<p>- Đặt tối thiểu 2 kh&aacute;ch/ph&ograve;ng</p>\r\n<p>Ch&iacute;nh s&aacute;ch phụ thu:<br>​- Phụ thu ph&ograve;ng: cuối tuần thứ 6, thứ 7 - 200,000vnd/ph&ograve;ng/đ&ecirc;m<br>- Phụ thu v&eacute; m&aacute;y bay cuối tuần&nbsp;</p>\r\n</div>\r\n</div>\r\n</div>','Combo 3N2Đ +Vé máy bay khứ hồi + Ăn tối+Đưa đón sân bay','','','<article class=\"clearfix bdr-b-d mrg-lr-15 mrg-b-8 pad-b-8\">\r\n<div class=\"col-xs-12 col-sm-4 col-md-4 col-xl-4 font-bold\">\r\n<div class=\"col-xs-12 col-sm-4 col-md-4 col-xl-4 font-bold\">\r\n<div class=\"col-xs-12 col-sm-8 col-md-8 col-xl-8 txt-justify\">\r\n<table width=\"100%\" height=\"125\">\r\n<tbody>\r\n<tr>\r\n<td><strong>Thời gian nhận ph&ograve;ng</strong></td>\r\n<td>14:00</td>\r\n</tr>\r\n<tr>\r\n<td><strong>Thời gian trả ph&ograve;ng</strong></td>\r\n<td>120</td>\r\n</tr>\r\n<tr>\r\n<td><strong>Di chuyển</strong></td>\r\n<td>\r\n<p>- M&aacute;y bay: S&acirc;n bay Quốc tế Cam Ranh c&aacute;ch Vinpearl 24 km. Kh&aacute;ch h&agrave;ng c&oacute; thể đi taxi, bus hoặc đặt xe đưa rước của Vinpearl để đi đến Vinpearl</p>\r\n<p>- T&agrave;u hỏa: Xuất ph&aacute;t từ H&agrave; Nội hoặc Hồ Ch&iacute; Minh. Ga Nha Trang c&aacute;ch&nbsp;Vinpearl 6.3km (15\' đi xe)</p>\r\n<p>- Xe kh&aacute;ch: Xuất ph&aacute;t từ nhiều tỉnh th&agrave;nh, một số h&atilde;ng xe c&oacute; xe trung chuyển đến Vinpearl</p>\r\n</td>\r\n</tr>\r\n<tr>\r\n<td><strong>Hướng dẫn nhận ph&ograve;ng</strong></td>\r\n<td>\r\n<p>Qu&yacute; kh&aacute;ch vui l&ograve;ng xuất tr&igrave;nh CMND (Hộ chiếu) v&agrave; phiếu x&aacute;c nhận đặt ph&ograve;ng khi l&agrave;m thủ tục nhận ph&ograve;ng tại kh&aacute;ch sạn.</p>\r\n<p>Kh&aacute;ch h&agrave;ng sẽ được y&ecirc;u cầu đặt cọc tại quầy lễ t&acirc;n 2,000,000 VND/đ&ecirc;m/ph&ograve;ng. Ph&iacute; n&agrave;y d&ugrave;ng để đảm bảo cho c&aacute;c dịch vụ ph&aacute;t sinh (nếu c&oacute;) tại kh&aacute;ch sạn v&agrave; sẽ được ho&agrave;n lại l&uacute;c kh&aacute;ch trả ph&ograve;ng.</p>\r\n<p>- Kh&aacute;ch sẽ l&agrave;m thủ tục nhận ph&ograve;ng&nbsp;tại Khu vực Check in Vinpearl nằm ở Cảng Ph&uacute; Qu&iacute;, ph&iacute;a Nam Cầu Đ&aacute;</p>\r\n<p>- Kh&aacute;ch di chuyển bằng C&aacute;p treo (nếu c&oacute; mua V&eacute; Vinpearl Land) hoặc t&agrave;u cao tốc (nếu kh&ocirc;ng mua v&eacute; Vinpearl Land)</p>\r\n<p>- Nh&acirc;n vi&ecirc;n kh&aacute;ch sạn sẽ chờ kh&aacute;ch tại đảo v&agrave; hướng dẫn kh&aacute;ch di chuyển về kh&aacute;ch sạn</p>\r\n</td>\r\n</tr>\r\n<tr>\r\n<td><strong>Ch&iacute;nh s&aacute;ch phụ thu</strong></td>\r\n<td>\r\n<p><strong>Khu kh&aacute;ch sạn:</strong></p>\r\n<p>&nbsp; &nbsp;+&nbsp;Miễn ph&iacute; trẻ dưới 4 tuổi khi sử dụng chung giường với bố mẹ</p>\r\n<p><strong>- Ăn s&aacute;ng:</strong></p>\r\n<p>&nbsp; &nbsp;+&nbsp;Trẻ từ 4-11 tuổi phụ thu&nbsp;bữa ăn&nbsp;300.000 VND/trẻ/đ&ecirc;m hoặc phụ thu giường phụ 700.000 VND/giường/đ&ecirc;m</p>\r\n<p>&nbsp; &nbsp;+ Trẻ từ&nbsp;12&nbsp;tuổi trở l&ecirc;n được t&iacute;nh như người lớn, phụ thu giường phụ 1.000.000 VND/giường/đ&ecirc;m</p>\r\n<p><strong>- Ăn 3 bữa:</strong></p>\r\n<p>&nbsp; &nbsp;+ Trẻ từ 4-11 tuổi phụ thu&nbsp;bữa ăn&nbsp;700.000 VND/trẻ/đ&ecirc;m hoặc phụ thu giường phụ 1.100.000 VND/giường/đ&ecirc;m</p>\r\n<p>&nbsp; &nbsp;+ Trẻ&nbsp;từ 12 tuổi trở l&ecirc;n được t&iacute;nh như người lớn, phụ thu giường phụ 1.800.000 VND/giường/đ&ecirc;m</p>\r\n<p><strong>- Ăn s&aacute;ng + Vui chơi Vinpearl Land:</strong></p>\r\n<p>&nbsp; &nbsp;+ Trẻ từ 4-11 tuổi phụ thu&nbsp;bữa ăn&nbsp;700.000 VND/trẻ/đ&ecirc;m hoặc phụ thu giường phụ 1.100.000 VND/giường/đ&ecirc;m</p>\r\n<p>&nbsp; &nbsp;+ Trẻ từ 12 tuổi trở l&ecirc;n được t&iacute;nh như người lớn, phụ thu giường phụ 1.400.000 VND/giường/đ&ecirc;m</p>\r\n<p><strong>- Ăn 3 bữa + Vui chơi Vinpearl Land:</strong></p>\r\n<p>&nbsp; &nbsp;+ Trẻ từ 4-11 tuổi phụ thu&nbsp;bữa ăn 1.100.000 VND/trẻ/đ&ecirc;m hoặc phụ thu giường phụ 1.500.000 VND/giường/đ&ecirc;m</p>\r\n<p>&nbsp; &nbsp;+ Trẻ từ 12 tuổi trở l&ecirc;n được t&iacute;nh như người lớn, phụ thu giường phụ 2.200.000 VND/giường/đ&ecirc;m</p>\r\n<p><strong>Khu Villa:</strong></p>\r\n<p>&nbsp; &nbsp;+ Miễn ph&iacute; trẻ dưới 4 tuổi khi sử dụng chung giường với bố mẹ</p>\r\n<p>&nbsp; &nbsp;+ Trẻ từ 12 tuổi trở l&ecirc;n được t&iacute;nh như người lớn</p>\r\n<p><strong>- Ăn s&aacute;ng:</strong></p>\r\n<p>&nbsp; &nbsp;+&nbsp;Trẻ từ 4-11 tuổi phụ thu&nbsp;bữa ăn&nbsp;300.000 VND/trẻ/đ&ecirc;m</p>\r\n<p><strong>- Ăn 3 bữa:</strong></p>\r\n<p>&nbsp; &nbsp;+ Trẻ từ 4-11&nbsp;tuổi phụ thu&nbsp;bữa ăn&nbsp;700.000 VND/trẻ/đ&ecirc;m</p>\r\n<p><strong>- Ăn s&aacute;ng + Vui chơi Vinpearl Land:</strong></p>\r\n<p>&nbsp; &nbsp;+ Trẻ từ 4-11 tuổi phụ thu&nbsp;bữa ăn&nbsp;700.000 VND/trẻ/đ&ecirc;m</p>\r\n<p><strong>- Ăn 3 bữa + Vui chơi Vinpearl Land:</strong></p>\r\n<p>&nbsp; &nbsp;+ Trẻ từ 4-11&nbsp;tuổi phụ thu&nbsp;bữa ăn&nbsp;1.100.000 VND/trẻ/đ&ecirc;m</p>\r\n</td>\r\n</tr>\r\n</tbody>\r\n</table>\r\n</div>\r\n</div>\r\n<p></p>\r\n</div>\r\n</article>\r\n<article class=\"clearfix mrg-lr-15\"></article>','<p>Được bao quanh bởi c&aacute;c ngọn đồi,<span>&nbsp;</span><strong>Swiss-Belresort Tuyền L&acirc;m Đ&agrave; Lạt</strong><span>&nbsp;</span>sở hữu một cảnh quan đặc biệt v&agrave; một kh&ocirc;ng kh&iacute; trong l&agrave;nh. Nhờ được thiết kế như một khu vườn xanh, kh&aacute;ch sạn được bao bọc trong một m&ocirc;i trường thi&ecirc;n nhi&ecirc;n tuyệt vời. Với kiến tr&uacute;c Anglo-Normand theo phong c&aacute;ch v&ugrave;ng miền qu&ecirc; Anh-Ph&aacute;p, nằm gọn giữa một s&acirc;n g&ocirc;n 18 lỗ, đ&atilde; tạo n&ecirc;n điểm nhấn để từ đ&acirc;y kh&aacute;ch c&oacute; thể nh&igrave;n ngắm trong khi đi dạo quanh c&aacute;c đường g&ocirc;n. Swiss-Belresort Tuyền L&acirc;m Đ&agrave; Lạt c&aacute;ch trung t&acirc;m th&agrave;nh phố Đ&agrave; Lạt Khoảng 13km, mất khoảng 20-30 ph&uacute;t l&aacute;i xe.&nbsp;</p>\r\n<p><strong>Swiss-Belresort Tuyền L&acirc;m Đ&agrave; Lạt</strong><span>&nbsp;</span>cung cấp 151 ph&ograve;ng v&agrave; suites bao gồm loại ph&ograve;ng Deluxe, Grand Deluxe, Executive, Juniors Suites v&agrave; Executive Suites. Khu resort cũng c&oacute; loại ph&ograve;ng Tổng Thống (Presidential Suite), ph&ograve;ng G&aacute;c M&aacute;i c&oacute; vườn Rooftop Garden Suite v&agrave; G&aacute;c M&aacute;i Penthouse.</p>\r\n<p>Swiss-Caf&eacute; l&agrave; nh&agrave; h&agrave;ng theo thiết kế đương đại với phong c&aacute;ch ẩm thực hiện đại, l&agrave; một nơi l&yacute; tưởng cho một bữa ăn nhanh hay một bữa ăn ho&agrave;n hảo. Nh&agrave; h&agrave;ng phục vụ c&aacute;c m&oacute;n ăn &Acirc;u v&agrave; &Aacute;.</p>\r\n<p>Số lượng ph&ograve;ng: 151</p>','<table width=\"785\" height=\"40\">\r\n<tbody>\r\n<tr>\r\n<td style=\"width: 254px;\">\r\n<ul>\r\n<li><span>B&atilde;i đậu xe &ocirc; t&ocirc; tại kh&aacute;ch sạn</span></li>\r\n<li><span>Cho thu&ecirc; xe</span></li>\r\n</ul>\r\n</td>\r\n<td style=\"width: 254px;\">\r\n<ul>\r\n<li><span>Business Center</span></li>\r\n<li><span>Connecting Rooms</span></li>\r\n</ul>\r\n</td>\r\n<td style=\"width: 255px;\">\r\n<ul>\r\n<li><span>Butler service</span></li>\r\n<li><span>Cửa h&agrave;ng đồ lưu niệm</span></li>\r\n</ul>\r\n</td>\r\n</tr>\r\n</tbody>\r\n</table>'),(7,'vi','highland-escape-3n2d-an-toi-xe-duadon-ra-trung-tam','Highland Escape 3N2Đ + Ăn tối + Xe đưa/đón ra trung tâm','Highland Escape 3N2Đ + Ăn tối + Xe đưa/đón ra trung tâm','<p><strong>Trọn g&oacute;i bao gồm:</strong></p>\r\n<p>- 2 đ&ecirc;m nghỉ tại ph&ograve;ng Superior<br>- Ăn s&aacute;ng h&agrave;ng ng&agrave;y cho 2 kh&aacute;ch<br>​​- 01 bữa tối tại nh&agrave; h&agrave;ng Montagne &amp; 1 phần nước uống d&agrave;nh cho 2 kh&aacute;ch​<span>&nbsp;</span><br>- Miễn ph&iacute; xe ​bus đưa/ đ&oacute;n kh&aacute;ch theo lịch tr&igrave;nh từ resort đi trung t&acirc;m​​ &amp; ngược lại​.<span>&nbsp;</span><br>- Miễn ph&iacute; sử dụng c&aacute;c tiện &iacute;ch tại kh&aacute;ch sạn:hồ bơi nước ấm trong nh&agrave;, ph&ograve;ng gym, b&oacute;ng rổ, cầu l&ocirc;ng, tennis (ban ng&agrave;y),...</p>\r\n<p><strong>​Điều kiện &aacute;p dụng:</strong></p>\r\n<p>- &Aacute;p dụng từ nay đến 31/08/2018.</p>\r\n<p><strong>Ch&iacute;nh s&aacute;ch phụ thu:</strong><span>&nbsp;</span><br>- Phụ thu cuối tuần thứ 6, thứ 7: 200.000vnd/ 1 ph&ograve;ng/ 1 đ&ecirc;m<br>- Phụ thu n&acirc;ng cấp ph&ograve;ng Deluxe: 200.000vnd/ 1 ph&ograve;ng/ 1 đ&ecirc;m, Villa Premium: 990.000vnd/ 1 ph&ograve;ng/ 1 đ&ecirc;m ​<br>- Phụ thu người thứ 3 ( k&ecirc; giường phụ - tối đa 1 người): 1.250.000vnd/ 2 đ&ecirc;m<br>- Phụ thu trẻ em từ 5 - dưới 11 tuổi khi ngủ chung giường c&ugrave;ng bố mẹ : 655.000vnd/ 1 trẻ em/ 2 đ&ecirc;m ( tối đa 2 trẻ em/ph&ograve;ng)</p>','Highland Escape 3N2Đ + Ăn tối + Xe đưa/đón ra trung tâm','','','<div class=\"col-xs-12 col-sm-4 col-md-4 col-xl-4 font-bold\">\r\n<div class=\"col-xs-12 col-sm-8 col-md-8 col-xl-8 txt-justify\">\r\n<table width=\"100%\" height=\"125\">\r\n<tbody>\r\n<tr>\r\n<td><strong>Thời gian nhận ph&ograve;ng</strong></td>\r\n<td>14:00</td>\r\n</tr>\r\n<tr>\r\n<td><strong>Thời gian trả ph&ograve;ng</strong></td>\r\n<td>12:00</td>\r\n</tr>\r\n<tr>\r\n<td><strong>Di chuyển</strong></td>\r\n<td>\r\n<p>Kh&aacute;ch sạn trung t&acirc;m th&agrave;nh phố Đ&agrave; Lạt khoảng 20 ph&uacute;t l&aacute;i xe; c&aacute;ch s&acirc;n bay Li&ecirc;n Khương khoảng 40 ph&uacute;t l&aacute;i xe; c&aacute;ch bến xe Li&ecirc;n tỉnh Đ&agrave; Lạt khoảng 20&nbsp;ph&uacute;t l&aacute;i xe.</p>\r\n<p>&nbsp;*** TH&Ocirc;NG TIN XE BUS ĐƯA/ Đ&Oacute;N MIỄN PH&Iacute; THEO LỊCH TR&Igrave;NH TỪ RESORT - TRUNG T&Acirc;M TH&Agrave;NH PHỐ ***</p>\r\n<p>Miễn ph&iacute; xe bus đưa đ&oacute;n từ khu nghỉ dưỡng&nbsp;ra trung t&acirc;m th&agrave;nh phố Đ&agrave; Lạt theo lịch tr&igrave;nh</p>\r\n<p>S&aacute;ng: 9h300 đi &ndash; 11h30 đ&oacute;n về</p>\r\n<p>Chiều: 14h30 đi &ndash; 16h30 đ&oacute;n về</p>\r\n<p>Tối: 19h30 đi &ndash; 21h30 đ&oacute;n về</p>\r\n</td>\r\n</tr>\r\n<tr>\r\n<td><strong>Hướng dẫn nhận ph&ograve;ng</strong></td>\r\n<td>\r\n<p><span>Qu&yacute; kh&aacute;ch vui l&ograve;ng xuất tr&igrave;nh chứng minh nh&acirc;n d&acirc;n hoặc Passport v&agrave; phiếu x&aacute;c nhận đặt ph&ograve;ng của iVIVU.com khi đến nhận ph&ograve;ng tại kh&aacute;ch sạn.</span></p>\r\n</td>\r\n</tr>\r\n<tr>\r\n<td><strong>Ch&iacute;nh s&aacute;ch nhận ph&ograve;ng v&agrave; trả ph&ograve;ng</strong></td>\r\n<td>\r\n<p><span>-&nbsp;Phụ thu nhận ph&ograve;ng sớm</span><br><span>+ Trước 06:00 giờ: 100% tiền ph&ograve;ng</span><br><span>+ Từ 06:00 giờ đến 12:00 giờ trưa: 50% tiền ph&ograve;ng</span><br><span>- Phụ thu trả ph&ograve;ng trễ</span><br><span>+ Từ 12:00 giờ đến 15:00 giờ: 30% tiền ph&ograve;ng</span><br><span>+ Từ 15:00 giờ đến 18:00 giờ: 50% tiền ph&ograve;ng</span><br><span>+ Sau 18:00 giờ: 100% tiền ph&ograve;ng</span></p>\r\n</td>\r\n</tr>\r\n<tr>\r\n<td><strong>Thời gian nhận ph&ograve;ng</strong></td>\r\n<td><span>Tối đa 2 trẻ em dưới 12 tuổi được ph&eacute;p ở chung ph&ograve;ng c&ugrave;ng bố mẹ, y&ecirc;u cầu k&ecirc; th&ecirc;m giường phụ cho trẻ thứ 2 nếu cần.</span><br><strong>Phụ thu ăn s&aacute;ng cho PH&Ograve;NG KH&Aacute;CH SẠN</strong><br><span>+ Trẻ em dưới 5 tuổi: miễn phụ thu ph&iacute; n&agrave;y</span><br><span>+ Trẻ em từ 5-11 tuổi: Ng&agrave;y thường: phụ thu 250,000VND/trẻ em; Lễ/tết: phụ thu 325.000VND/trẻ em</span><br><span>+Trẻ em từ 12 tuổi trở l&ecirc;n: y&ecirc;u cầu k&ecirc; giường phụ theo ch&iacute;nh s&aacute;ch kh&aacute;ch sạn</span><br><strong>Phụ thu ăn s&aacute;ng cho ph&ograve;ng khu VILLA&nbsp;</strong><br><span>+ Trẻ em dưới 5 tuổi: miễn phụ thu ph&iacute; n&agrave;y</span><br><span>+ Trẻ em từ 5-11 tuổi: Ng&agrave;y thường: phụ thu 350,000VND/trẻ em; Lễ/tết: phụ thu 425,000VND/trẻ em</span><br><span>+ Trẻ em từ 12 tuổi trở l&ecirc;n: y&ecirc;u cầu k&ecirc; giường phụ theo ch&iacute;nh s&aacute;ch kh&aacute;ch sạn</span><br><strong>PHỤ PH&Iacute; K&Ecirc; GIƯỜNG PHỤ CHO PH&Ograve;NG KHU KH&Aacute;CH SẠN &amp; PH&Ograve;NG KHU VILLA năm 2018</strong><br><span>Năm 2018 khu ph&ograve;ng kh&aacute;ch sạn - 500.000vnd/ng&agrave;y thường; 650.000vnd/Lễ (1-2/9/2018; 30-31/12/2018).</span><br><span>Năm 2018 khu ph&ograve;ng villa: 700.000vnd/ng&agrave;y thường; 850.000vnd/ lễ (1-2/9/2018; 30-31/12/2018).</span><br><span>***TH&Ocirc;NG TIN PHỤ THU BỮA ĂN BẮT BUỘC 2018</span><br><span>Gi&aacute;ng sinh 24/12/2018</span><br><span>+ Miễn ph&iacute; cho 1 trẻ em từ 0- dưới 5 tuổi khi d&ugrave;ng chung thực đơn với bố mẹ.</span><br><span>+ Trẻ em từ 5 - dưới 11 tuổi: 375.000VND/ trẻ</span><br><span>+ Trẻ em từ 11 tuổi trở l&ecirc;n t&iacute;nh như người lớn: 750.000VND/ người</span><br><span>Tết dương lịch 2018: từ 31/12/2018&nbsp;</span><br><span>+ Miễn ph&iacute; cho 1 trẻ em từ 0- dưới 5 tuổi khi d&ugrave;ng chung thực đơn với bố mẹ.</span><br><span>+ Trẻ em từ 5 - dưới 11 tuổi: 425.000VND/ trẻ</span><br><span>+ Trẻ em từ 11 tuổi trở l&ecirc;n t&iacute;nh như người lớn: 850.000VND/ người</span></td>\r\n</tr>\r\n<tr>\r\n<td><strong>B&atilde;i đỗ xe</strong></td>\r\n<td><span>B&atilde;i đậu xe rộng r&atilde;i &amp; an to&agrave;n ngay tại kh&aacute;ch sạn</span></td>\r\n</tr>\r\n</tbody>\r\n</table>\r\n</div>\r\n</div>\r\n<p></p>\r\n<p></p>','<p>Nằm ở một vị tr&iacute; đắc địa, bao phủ bởi rừng th&ocirc;ng xanh, nh&igrave;n xuống bờ hồ Tuyền L&acirc;m &ecirc;m đềm trong vắt,<strong><span>&nbsp;</span>Khu nghỉ dưỡng Terracotta Đ&agrave; Lạt</strong><span>&nbsp;</span>được xem l&agrave; một gợi &yacute; cho k&igrave; nghỉ dưỡng l&atilde;ng mạn b&ecirc;n bạn b&egrave; v&agrave; người th&acirc;n. C&aacute;ch th&agrave;nh phố Đ&agrave; Lạt khoảng 10 ph&uacute;t đi xe, đến với Khu nghỉ dưỡng Terracotta Đ&agrave; Lạt, bạn sẽ c&oacute; cơ hội trải nghiệm một Đ&agrave; Lạt thơ mộng nhưng kh&ocirc;ng k&eacute;m phần tiện nghi, sang trọng v&agrave; hiện đại.</p>\r\n<p>B&ecirc;n bờ Hồ Tuyền L&acirc;m &ndash; một trong những thắng cảnh nổi tiếng ở Đ&agrave; Lạt, Khu nghỉ dưỡng Terracotta Đ&agrave; Lạt ẩn hiện trong m&agrave;n sương mờ ảo của buổi sớm mai như một ph&acirc;n khu nghỉ dưỡng đẳng cấp, sang trọng. Khối kiến tr&uacute;c ở Terracotta Đ&agrave; Lạt được thiết kế h&agrave;i h&ograve;a với thi&ecirc;n nhi&ecirc;n, mang đậm phong c&aacute;ch Phương T&acirc;y được che phủ b&ecirc;n dưới những t&aacute;n l&aacute; th&ocirc;ng xanh mướt tạo n&ecirc;n một c&ocirc;ng tr&igrave;nh kiến tr&uacute;c kh&aacute;c biệt.</p>\r\n<p><strong>Khu nghỉ dưỡng Terracotta Đ&agrave; Lạt</strong><span>&nbsp;</span>nằm gọn trong b&aacute;n đảo rộng hơn 17 h&eacute;cta gồm 240 ph&ograve;ng nghỉ v&agrave; 21 căn biệt thự ven hồ. Kh&ocirc;ng chỉ được trang bị đầy đủ c&aacute;c dịch vụ đẳng cấp 4 sao, kh&ocirc;ng gian nội thất của từng loại ph&ograve;ng nghỉ, villas đều được bố cục h&agrave;i h&ograve;a v&agrave; ấn tượng nhờ được điểm t&ocirc; bằng c&aacute;c bức tranh, ảnh nghệ thuật nổi tiếng của c&aacute;c nhiếp ảnh gia, c&aacute;c họa sĩ danh tiếng hiện nay.</p>\r\n<p>Từ ph&ograve;ng nghỉ, du kh&aacute;ch sẽ được ngắm nh&igrave;n ra rừng th&ocirc;ng xanh, vườn hoa đầy sắc m&agrave;u hay khung cảnh Hồ Tuyền L&acirc;m tuyệt đẹp. Dọc lối đi quanh co men theo triền đồi, len lỏi giữa rừng c&acirc;y th&ocirc;ng cao v&uacute;t, du kh&aacute;ch sẽ chi&ecirc;m ngưỡng những vườn hoa mu&ocirc;n sắc &ndash; hoa hồng m&ocirc;n, cẩm chướng, hoa anh đ&agrave;o,&hellip;được trồng xen kẽ nhau&nbsp; rực rỡ khoe m&agrave;u dưới &aacute;nh nắng nhẹ dịu của kh&iacute; trời m&aacute;t l&agrave;nh nơi đ&acirc;y. Đ&acirc;u đ&oacute; trong đồi th&ocirc;ng, v&agrave;i con th&uacute; nhỏ hay những c&acirc;y nấm khổng lồ được l&agrave;m bằng gốm nghệ thuật như t&ocirc; vẽ cho bức tranh khung cảnh rừng th&ocirc;ng nơi đ&acirc;y th&ecirc;m sống động.</p>\r\n<p>Kh&ocirc;ng chỉ được h&iacute;t thở kh&ocirc;ng kh&iacute; trong l&agrave;nh, m&aacute;t mẻ; được nh&igrave;n ngắm thi&ecirc;n nhi&ecirc;n l&atilde;ng mạn với rừng th&ocirc;ng xanh, sắc hoa mềm mại đua chen v&agrave; to&agrave;n cảnh hồ nước thơ mộng; lắng nghe những &acirc;m thanh từ thi&ecirc;n nhi&ecirc;n, tiếng l&aacute; hoa x&agrave;o xạc khẽ đu đưa; được chạm tay v&agrave;o những lo&agrave;i c&acirc;y cỏ, n&acirc;ng niu những c&aacute;nh hoa tươi đẹp khắp nơi; du kh&aacute;ch c&ograve;n được thưởng thức những hương vị đặc trưng của n&uacute;i rừng với thực đơn phong ph&uacute;, đa dạng được phục vụ chuy&ecirc;n nghiệp v&agrave; chu đ&aacute;o nhất.</p>\r\n<p>Với sức chứa tr&ecirc;n 400 kh&aacute;ch, Trung t&acirc;m hội nghị tại Khu nghỉ dưỡng Terracotta Đ&agrave; Lạt l&agrave; địa điểm họp mặt l&yacute; tưởng hay th&iacute;ch hợp tổ chức c&aacute;c sự kiện, giải tr&iacute; trọng đại kh&aacute;c. Ngo&agrave;i ra, du kh&aacute;ch c&ograve;n được sử dụng đầy đủ những tiện &iacute;ch cần thiết đ&aacute;p ứng mọi nhu cầu sinh hoạt v&agrave; nghỉ dưỡng như: khu phức hợp giải tr&iacute; cho trẻ em, khu vực bể bơi nước n&oacute;ng trong nh&agrave;, spa, gym với trang thiết bị hiện đại&hellip;</p>\r\n<p>Khu nghỉ dưỡng Terracotta Đ&agrave; Lạt l&agrave; một trong những điểm đến l&yacute; tưởng d&agrave;nh cho những ai y&ecirc;u th&iacute;ch thi&ecirc;n nhi&ecirc;n v&agrave; mong muốn t&igrave;m đến những nơi nghỉ dưỡng đẳng cấp đ&uacute;ng nghĩa.</p>\r\n<p>Số lượng ph&ograve;ng: 240 ph&ograve;ng + 21 villa</p>','<table width=\"836\" height=\"35\">\r\n<tbody>\r\n<tr>\r\n<td style=\"width: 271px;\">\r\n<ul>\r\n<li><span>B&atilde;i đậu xe &ocirc; t&ocirc; tại kh&aacute;ch sạn</span></li>\r\n<li><span>Cho thu&ecirc; xe</span></li>\r\n</ul>\r\n</td>\r\n<td style=\"width: 271px;\">\r\n<ul>\r\n<li><span>Bar/Club/Pub</span></li>\r\n<li><span>Cửa h&agrave;ng đồ lưu niệm</span></li>\r\n</ul>\r\n</td>\r\n<td style=\"width: 272px;\">\r\n<ul>\r\n<li><span>Căn hộ (Apartment)</span></li>\r\n<li><span>Dịch vụ b&aacute;o thức</span></li>\r\n</ul>\r\n</td>\r\n</tr>\r\n</tbody>\r\n</table>'),(8,'vi','combo-3n2d-ve-may-bay-khu-hoi-dua-don-san-bay-an-sang','Combo 3N2Đ + Vé máy bay khứ hồi + Đưa đón sân bay + Ăn sáng','Combo 3N2Đ + Vé máy bay khứ hồi + Đưa đón sân bay + Ăn sáng','<div class=\"col-xs-12 no-padding v-margin-bottom-30\">\r\n<h4 class=\"v-margin-bottom-15\"><b>Combo bao gồm</b></h4>\r\n<p>- V&eacute; m&aacute;y bay khứ hồi (bao gồm h&agrave;nh l&yacute; x&aacute;ch tay 7kg/kh&aacute;ch/chiều bay)</p>\r\n<p>- 2 đ&ecirc;m nghỉ tại khu nghỉ dưỡng</p>\r\n<p>- Đưa đ&oacute;n s&acirc;n bay</p>\r\n<p>- Ăn s&aacute;ng buffet</p>\r\n<p>- Sử dụng c&aacute;c tiện &iacute;ch của kh&aacute;ch sạn: hồ bơi, kid club, xe đạp, ph&ograve;ng gym...</p>\r\n<p><strong>Đăc biệt n&acirc;ng cấp g&oacute;i dịch vụ trọn g&oacute;i ăn 3 bữa, vui chơi Vinpearl Land v&agrave; Safari hết ga chỉ +1,600,000 VND/kh&aacute;ch</strong></p>\r\n<p><em><strong>** Cơ hội giảm đến 1,000,000 VND cho kh&aacute;ch h&agrave;ng đặt sớm v&agrave; lưu tr&uacute; từ 16/08 trở đi.</strong></em></p>\r\n</div>\r\n<div class=\"col-xs-12 no-padding \">\r\n<h4 class=\"v-margin-bottom-15\"><b>Điều kiện &aacute;p dụng</b></h4>\r\n<p>- Đặt tối thiểu 2 kh&aacute;ch/ph&ograve;ng</p>\r\n<p>- &Aacute;p dụng kh&aacute;ch Việt Nam</p>\r\n<p><em><strong>Combo được &aacute;p dụng tại Vinpearl Ph&uacute; Quốc Resort v&agrave; Vinpearl Ph&uacute; Quốc Resort &amp; Golf</strong></em></p>\r\n</div>','Combo 3N2Đ + Vé máy bay khứ hồi + Đưa đón sân bay + Ăn ','','','<table width=\"100%\" height=\"125\">\r\n<tbody>\r\n<tr>\r\n<td><strong>Thời gian nhận ph&ograve;ng</strong></td>\r\n<td>14:00</td>\r\n</tr>\r\n<tr>\r\n<td><strong>Thời gian trả ph&ograve;ng</strong></td>\r\n<td>120</td>\r\n</tr>\r\n<tr>\r\n<td><strong>Di chuyển</strong></td>\r\n<td>\r\n<p>- M&aacute;y bay: S&acirc;n bay Quốc tế Ph&uacute; Quốc c&aacute;ch Vinpearl&nbsp;35km (55\' đi xe). Kh&aacute;ch h&agrave;ng đặt ph&ograve;ng c&oacute; thể sử dụng xe đưa đ&oacute;n s&acirc;n bay miễn ph&iacute; của Vinpearl.</p>\r\n<p>- T&agrave;u cao tốc: C&oacute; thể lựa chọn&nbsp;T&agrave;u Savanna hoặc&nbsp;T&agrave;u Superdong II từ Rạch Gi&aacute; đi Ph&uacute; Quốc. Sau đ&oacute; di chuyển bằng taxi từ bến t&agrave;u đến Vinpearl.</p>\r\n<p>(Kh&aacute;ch h&agrave;ng ở xa muốn đi đến Rạch Gi&aacute; c&oacute; nhiều sự lựa chọn xe kh&aacute;ch như: Mai Linh, Phương Trang, Tuyết Hon, Ch&acirc;u H&agrave;,...)</p>\r\n</td>\r\n</tr>\r\n<tr>\r\n<td><strong>Hướng dẫn nhận ph&ograve;ng</strong></td>\r\n<td>\r\n<p>Qu&yacute; kh&aacute;ch vui l&ograve;ng xuất tr&igrave;nh CMND (Hộ chiếu) v&agrave; phiếu x&aacute;c nhận đặt ph&ograve;ng khi l&agrave;m thủ tục nhận ph&ograve;ng tại kh&aacute;ch sạn.</p>\r\n<p>Kh&aacute;ch h&agrave;ng sẽ được y&ecirc;u cầu đặt cọc tại quầy lễ t&acirc;n 2,000,000 VND/đ&ecirc;m/ph&ograve;ng. Ph&iacute; n&agrave;y d&ugrave;ng để đảm bảo cho c&aacute;c dịch vụ ph&aacute;t sinh (nếu c&oacute;) tại kh&aacute;ch sạn v&agrave; sẽ được ho&agrave;n lại l&uacute;c kh&aacute;ch trả ph&ograve;ng.</p>\r\n</td>\r\n</tr>\r\n<tr>\r\n<td><strong>Ch&iacute;nh s&aacute;ch phụ thu</strong></td>\r\n<td>\r\n<p><strong>Khu kh&aacute;ch sạn:</strong></p>\r\n<p>&nbsp; &nbsp;+&nbsp;Miễn ph&iacute; trẻ dưới 4 tuổi khi sử dụng chung giường với bố mẹ</p>\r\n<p><strong>- Ăn s&aacute;ng:</strong></p>\r\n<p>&nbsp; &nbsp;+&nbsp;Trẻ từ 4-11 tuổi phụ thu&nbsp;bữa ăn&nbsp;300.000 VND/trẻ/đ&ecirc;m hoặc phụ thu giường phụ 700.000 VND/giường/đ&ecirc;m</p>\r\n<p>&nbsp; &nbsp;+ Trẻ từ&nbsp;12&nbsp;tuổi trở l&ecirc;n được t&iacute;nh như người lớn, phụ thu giường phụ 1.000.000 VND/giường/đ&ecirc;m</p>\r\n<p><strong>- Ăn 3 bữa:</strong></p>\r\n<p>&nbsp; &nbsp;+ Trẻ từ 4-11 tuổi phụ thu&nbsp;bữa ăn&nbsp;700.000 VND/trẻ/đ&ecirc;m hoặc phụ thu giường phụ 1.100.000 VND/giường/đ&ecirc;m</p>\r\n<p>&nbsp; &nbsp;+ Trẻ&nbsp;từ 12 tuổi trở l&ecirc;n được t&iacute;nh như người lớn, phụ thu giường phụ 1.800.000 VND/giường/đ&ecirc;m</p>\r\n<p><strong>- Ăn s&aacute;ng + Vui chơi Vinpearl Land/Safari:</strong></p>\r\n<p>&nbsp; &nbsp;+ Trẻ từ 4-11 tuổi phụ thu&nbsp;bữa ăn&nbsp;700.000 VND/trẻ/đ&ecirc;m hoặc phụ thu giường phụ 1.100.000 VND/giường/đ&ecirc;m</p>\r\n<p>&nbsp; &nbsp;+ Trẻ từ 12 tuổi trở l&ecirc;n được t&iacute;nh như người lớn, phụ thu giường phụ 1.400.000 VND/giường/đ&ecirc;m</p>\r\n<p><strong>- Ăn 3 bữa + Vui chơi Vinpearl Land/Safari:</strong></p>\r\n<p>&nbsp; &nbsp;+ Trẻ từ 4-11 tuổi phụ thu&nbsp;bữa ăn 1.100.000 VND/trẻ/đ&ecirc;m hoặc phụ thu giường phụ 1.500.000 VND/giường/đ&ecirc;m</p>\r\n<p>&nbsp; &nbsp;+ Trẻ từ 12 tuổi trở l&ecirc;n được t&iacute;nh như người lớn, phụ thu giường phụ 2.200.000 VND/giường/đ&ecirc;m</p>\r\n<p><strong>Khu Villa:</strong></p>\r\n<p>&nbsp; &nbsp;+ Miễn ph&iacute; trẻ dưới 4 tuổi khi sử dụng chung giường với bố mẹ</p>\r\n<p>&nbsp; &nbsp;+ Trẻ từ 12 tuổi trở l&ecirc;n được t&iacute;nh như người lớn</p>\r\n<p><strong>- Ăn s&aacute;ng:</strong></p>\r\n<p>&nbsp; &nbsp;+&nbsp;Trẻ từ 4-11 tuổi phụ thu&nbsp;bữa ăn&nbsp;300.000 VND/trẻ/đ&ecirc;m</p>\r\n<p><strong>- Ăn 3 bữa:</strong></p>\r\n<p>&nbsp; &nbsp;+ Trẻ từ 4-11&nbsp;tuổi phụ thu&nbsp;bữa ăn&nbsp;700.000 VND/trẻ/đ&ecirc;m</p>\r\n<p><strong>- Ăn s&aacute;ng + Vui chơi Vinpearl Land/Safari:</strong></p>\r\n<p>&nbsp; &nbsp;+ Trẻ từ 4-11 tuổi phụ thu&nbsp;bữa ăn&nbsp;700.000 VND/trẻ/đ&ecirc;m</p>\r\n<p><strong>- Ăn 3 bữa + Vui chơi Vinpearl Land/Safari:</strong></p>\r\n<p>&nbsp; &nbsp;+ Trẻ từ 4-11&nbsp;tuổi phụ thu&nbsp;bữa ăn&nbsp;1.100.000 VND/trẻ/đ&ecirc;m</p>\r\n</td>\r\n</tr>\r\n</tbody>\r\n</table>','<p>Tọa lạc tại B&atilde;i D&agrave;i, một trong những b&atilde;i biển đẹp nhất của đảo Ph&uacute; Quốc, Khu nghỉ dưỡng Vinpearl Ph&uacute; Quốc l&agrave; điểm dừng ch&acirc;n l&yacute; tưởng cho c&aacute;c kỳ nghỉ dưỡng với c&aacute;c dịch vụ ti&ecirc;u chuẩn đẳng cấp quốc tế.</p>\r\n<p>Bạn c&ugrave;ng gia đ&igrave;nh sẽ c&oacute; thời gian nghỉ dưỡng chất lượng trong kh&ocirc;ng gian tho&aacute;ng đ&atilde;ng, th&acirc;n thiện của khu nghỉ dưỡng biển với cơ sở vật chất hiện đại, tiện nghi c&ugrave;ng rất nhiều c&aacute;c hoạt động giải tr&iacute; hấp dẫn tại khu vui chơi giải tr&iacute; Vinpearl Land, Vinpearl Golf Club, Vinpearl Safari hay thư th&aacute;i tại Vincharm Spa.</p>\r\n<p><strong>Số lượng ph&ograve;ng:</strong><span>&nbsp;</span>750 ph&ograve;ng.</p>','<table width=\"851\" height=\"50\">\r\n<tbody>\r\n<tr>\r\n<td style=\"width: 276px;\">\r\n<ul>\r\n<li><span>B&atilde;i biển ri&ecirc;ng</span></li>\r\n<li><span>Dịch vụ dọn ph&ograve;ng</span></li>\r\n</ul>\r\n</td>\r\n<td style=\"width: 276px;\">\r\n<ul>\r\n<li><span>Biệt thự (Villa)</span></li>\r\n<li><span>Dịch vụ tr&ocirc;ng trẻ</span></li>\r\n</ul>\r\n</td>\r\n<td style=\"width: 277px;\">\r\n<ul>\r\n<li><span>B&atilde;i đậu xe &ocirc; t&ocirc; tại kh&aacute;ch sạn</span></li>\r\n<li><span>Business Center</span></li>\r\n</ul>\r\n</td>\r\n</tr>\r\n</tbody>\r\n</table>'),(9,'vi','combo-3n2d-ve-may-bay-khu-hoi-dua-don-san-bay','Combo 3N2Đ + Vé máy bay khứ hồi + Đưa Đón Sân Bay','Combo 3N2Đ + Vé máy bay khứ hồi + Đưa Đón Sân Bay','<div class=\"col-xs-12 no-padding v-margin-bottom-30\">\r\n<h4 class=\"v-margin-bottom-15\"><b>Combo bao gồm</b></h4>\r\n<p>- V&eacute; m&aacute;y bay khứ hồi</p>\r\n<p>- Ăn s&aacute;ng buffet</p>\r\n<p>- 02 đ&ecirc;m nghỉ dưỡng tại ph&ograve;ng Superior</p>\r\n<p>- Đưa đ&oacute;n s&acirc;n bay&nbsp;theo lịch tr&igrave;nh</p>\r\n<p>- Shuttle Bus đưa đ&oacute;n đến trung t&acirc;m thị trấn Dương Đ&ocirc;ng theo lịch tr&igrave;nh</p>\r\n<p>- Sử dụng c&aacute;c tiện &iacute;ch của kh&aacute;ch sạn: hồ bơi, x&ocirc;ng hơi, kidsclub, xe đạp, ph&ograve;ng gym...</p>\r\n<p><strong>- Đặc biệt:</strong><span>&nbsp;</span>Kh&aacute;ch h&agrave;ng c&oacute; thời gian đặt v&agrave; lưu tr&uacute; từ nay - 30.06 được tặng 01 voucher 200K/ph&ograve;ng v&agrave; 500K/villa 3-4bed sử dụng cho c&aacute;c dịch vụ ăn uống tại nh&agrave; h&agrave;ng.</p>\r\n<p><strong>- Miễn ph&iacute; n&acirc;ng cấp l&ecirc;n Villa 3 bedroom (Khi đặt 6 kh&aacute;ch/căn)</strong></p>\r\n<p><strong>- &Aacute;p dụng từ nay đến 30.11.2018</strong></p>\r\n</div>\r\n<div class=\"col-xs-12 no-padding \">\r\n<h4 class=\"v-margin-bottom-15\"><b>Điều kiện &aacute;p dụng</b></h4>\r\n<p>- Đặt tối thiểu 2 kh&aacute;ch/ph&ograve;ng hoặc 6 kh&aacute;ch/Villa 3 ph&ograve;ng ngủ</p>\r\n<p>- Giai đoạn Lễ (31/08-03/09/2018) c&oacute; phụ thu th&ecirc;m.</p>\r\n</div>','Combo 3N2Đ + Vé máy bay khứ hồi + Đưa Đón Sân Bay','','','<div class=\"col-xs-12 col-sm-4 col-md-4 col-xl-4 font-bold\">\r\n<div class=\"col-xs-12 col-sm-8 col-md-8 col-xl-8 txt-justify\">\r\n<table width=\"100%\" height=\"125\">\r\n<tbody>\r\n<tr>\r\n<td><strong>Thời gian nhận ph&ograve;ng</strong></td>\r\n<td>14:00</td>\r\n</tr>\r\n<tr>\r\n<td><strong>Thời gian trả ph&ograve;ng</strong></td>\r\n<td>120</td>\r\n</tr>\r\n<tr>\r\n<td><strong>Di chuyển</strong></td>\r\n<td>\r\n<p>- M&aacute;y bay: S&acirc;n bay Quốc tế Cam Ranh c&aacute;ch Vinpearl 24 km. Kh&aacute;ch h&agrave;ng c&oacute; thể đi taxi, bus hoặc đặt xe đưa rước của Vinpearl để đi đến Vinpearl</p>\r\n<p>- T&agrave;u hỏa: Xuất ph&aacute;t từ H&agrave; Nội hoặc Hồ Ch&iacute; Minh. Ga Nha Trang c&aacute;ch&nbsp;Vinpearl 6.3km (15\' đi xe)</p>\r\n<p>- Xe kh&aacute;ch: Xuất ph&aacute;t từ nhiều tỉnh th&agrave;nh, một số h&atilde;ng xe c&oacute; xe trung chuyển đến Vinpearl</p>\r\n</td>\r\n</tr>\r\n<tr>\r\n<td><strong>Hướng dẫn nhận ph&ograve;ng</strong></td>\r\n<td>\r\n<p>Qu&yacute; kh&aacute;ch vui l&ograve;ng xuất tr&igrave;nh CMND (Hộ chiếu) v&agrave; phiếu x&aacute;c nhận đặt ph&ograve;ng khi l&agrave;m thủ tục nhận ph&ograve;ng tại kh&aacute;ch sạn.</p>\r\n<p>Kh&aacute;ch h&agrave;ng sẽ được y&ecirc;u cầu đặt cọc tại quầy lễ t&acirc;n 2,000,000 VND/đ&ecirc;m/ph&ograve;ng. Ph&iacute; n&agrave;y d&ugrave;ng để đảm bảo cho c&aacute;c dịch vụ ph&aacute;t sinh (nếu c&oacute;) tại kh&aacute;ch sạn v&agrave; sẽ được ho&agrave;n lại l&uacute;c kh&aacute;ch trả ph&ograve;ng.</p>\r\n<p>- Kh&aacute;ch sẽ l&agrave;m thủ tục nhận ph&ograve;ng&nbsp;tại Khu vực Check in Vinpearl nằm ở Cảng Ph&uacute; Qu&iacute;, ph&iacute;a Nam Cầu Đ&aacute;</p>\r\n<p>- Kh&aacute;ch di chuyển bằng C&aacute;p treo (nếu c&oacute; mua V&eacute; Vinpearl Land) hoặc t&agrave;u cao tốc (nếu kh&ocirc;ng mua v&eacute; Vinpearl Land)</p>\r\n<p>- Nh&acirc;n vi&ecirc;n kh&aacute;ch sạn sẽ chờ kh&aacute;ch tại đảo v&agrave; hướng dẫn kh&aacute;ch di chuyển về kh&aacute;ch sạn</p>\r\n</td>\r\n</tr>\r\n<tr>\r\n<td><strong>Ch&iacute;nh s&aacute;ch phụ thu</strong></td>\r\n<td>\r\n<p><strong>Khu kh&aacute;ch sạn:</strong></p>\r\n<p>&nbsp; &nbsp;+&nbsp;Miễn ph&iacute; trẻ dưới 4 tuổi khi sử dụng chung giường với bố mẹ</p>\r\n<p><strong>- Ăn s&aacute;ng:</strong></p>\r\n<p>&nbsp; &nbsp;+&nbsp;Trẻ từ 4-11 tuổi phụ thu&nbsp;bữa ăn&nbsp;300.000 VND/trẻ/đ&ecirc;m hoặc phụ thu giường phụ 700.000 VND/giường/đ&ecirc;m</p>\r\n<p>&nbsp; &nbsp;+ Trẻ từ&nbsp;12&nbsp;tuổi trở l&ecirc;n được t&iacute;nh như người lớn, phụ thu giường phụ 1.000.000 VND/giường/đ&ecirc;m</p>\r\n<p><strong>- Ăn 3 bữa:</strong></p>\r\n<p>&nbsp; &nbsp;+ Trẻ từ 4-11 tuổi phụ thu&nbsp;bữa ăn&nbsp;700.000 VND/trẻ/đ&ecirc;m hoặc phụ thu giường phụ 1.100.000 VND/giường/đ&ecirc;m</p>\r\n<p>&nbsp; &nbsp;+ Trẻ&nbsp;từ 12 tuổi trở l&ecirc;n được t&iacute;nh như người lớn, phụ thu giường phụ 1.800.000 VND/giường/đ&ecirc;m</p>\r\n<p><strong>- Ăn s&aacute;ng + Vui chơi Vinpearl Land:</strong></p>\r\n<p>&nbsp; &nbsp;+ Trẻ từ 4-11 tuổi phụ thu&nbsp;bữa ăn&nbsp;700.000 VND/trẻ/đ&ecirc;m hoặc phụ thu giường phụ 1.100.000 VND/giường/đ&ecirc;m</p>\r\n<p>&nbsp; &nbsp;+ Trẻ từ 12 tuổi trở l&ecirc;n được t&iacute;nh như người lớn, phụ thu giường phụ 1.400.000 VND/giường/đ&ecirc;m</p>\r\n<p><strong>- Ăn 3 bữa + Vui chơi Vinpearl Land:</strong></p>\r\n<p>&nbsp; &nbsp;+ Trẻ từ 4-11 tuổi phụ thu&nbsp;bữa ăn 1.100.000 VND/trẻ/đ&ecirc;m hoặc phụ thu giường phụ 1.500.000 VND/giường/đ&ecirc;m</p>\r\n<p>&nbsp; &nbsp;+ Trẻ từ 12 tuổi trở l&ecirc;n được t&iacute;nh như người lớn, phụ thu giường phụ 2.200.000 VND/giường/đ&ecirc;m</p>\r\n<p><strong>Khu Villa:</strong></p>\r\n<p>&nbsp; &nbsp;+ Miễn ph&iacute; trẻ dưới 4 tuổi khi sử dụng chung giường với bố mẹ</p>\r\n<p>&nbsp; &nbsp;+ Trẻ từ 12 tuổi trở l&ecirc;n được t&iacute;nh như người lớn</p>\r\n<p><strong>- Ăn s&aacute;ng:</strong></p>\r\n<p>&nbsp; &nbsp;+&nbsp;Trẻ từ 4-11 tuổi phụ thu&nbsp;bữa ăn&nbsp;300.000 VND/trẻ/đ&ecirc;m</p>\r\n<p><strong>- Ăn 3 bữa:</strong></p>\r\n<p>&nbsp; &nbsp;+ Trẻ từ 4-11&nbsp;tuổi phụ thu&nbsp;bữa ăn&nbsp;700.000 VND/trẻ/đ&ecirc;m</p>\r\n<p><strong>- Ăn s&aacute;ng + Vui chơi Vinpearl Land:</strong></p>\r\n<p>&nbsp; &nbsp;+ Trẻ từ 4-11 tuổi phụ thu&nbsp;bữa ăn&nbsp;700.000 VND/trẻ/đ&ecirc;m</p>\r\n<p><strong>- Ăn 3 bữa + Vui chơi Vinpearl Land:</strong></p>\r\n<p>&nbsp; &nbsp;+ Trẻ từ 4-11&nbsp;tuổi phụ thu&nbsp;bữa ăn&nbsp;1.100.000 VND/trẻ/đ&ecirc;m</p>\r\n</td>\r\n</tr>\r\n</tbody>\r\n</table>\r\n</div>\r\n</div>\r\n<p></p>\r\n<p></p>','<p><strong>Khu nghỉ dưỡng Novotel Ph&uacute; Quốc</strong><span>&nbsp;l&agrave; resort mang tầm đảng cấp quốc tế tọa lạc tại đảo Ngọc Ph&uacute; Quốc xinh đẹp v&agrave; y&ecirc;n tĩnh. Resort c&oacute; khoảng 366 ph&ograve;ng được thiết kế theo phong c&aacute;ch hiện đại v&agrave; đươc trang bị những trang thiết bị cao cấp nhất.&nbsp;</span><br><span>Đến với Novotel Resort Ph&uacute; Quốc du kh&aacute;ch kh&ocirc;ng chỉ h&agrave;i l&ograve;ng với hệ thống ph&ograve;ng ốc sang trọng, tinh tế m&agrave; c&ograve;n h&agrave;i l&ograve;ng về sự phục vụ tận t&igrave;nh, chu đ&aacute;o của đội ngũ nh&acirc;n vi&ecirc;n được đ&agrave;o tạo chuy&ecirc;n ngiệp v&agrave; th&acirc;n thiện.&nbsp;</span><br><span>Chắc hẳn Novotel Resort Ph&uacute; Quốc sẽ mang đến cho du kh&aacute;ch kỳ nghỉ b&ecirc;n gia đ&igrave;nh v&agrave; bạn b&egrave; đ&aacute;ng nhớ nhất khi đến với h&ograve;n đảo Ph&uacute; Quốc xinh đẹp</span></p>','<table width=\"755\" height=\"44\">\r\n<tbody>\r\n<tr>\r\n<td style=\"width: 244px;\">\r\n<ul>\r\n<li><span>B&atilde;i biển ri&ecirc;ng</span></li>\r\n<li><span>Ph&ograve;ng họp/Dịch vụ hội nghị</span></li>\r\n</ul>\r\n</td>\r\n<td style=\"width: 244px;\">\r\n<ul>\r\n<li><span>Nh&agrave; h&agrave;ng, Khu ăn uống</span></li>\r\n<li><span>Hồ bơi ngo&agrave;i trời</span></li>\r\n</ul>\r\n</td>\r\n<td style=\"width: 245px;\">\r\n<ul>\r\n<li><span>Dịch vụ tr&ocirc;ng trẻ</span></li>\r\n<li><span>Khu vui chơi trẻ em</span></li>\r\n</ul>\r\n</td>\r\n</tr>\r\n</tbody>\r\n</table>'),(10,'vi','3n2d-he-tau-lua-khu-hoilimousine','3N2Đ Hè | Tàu lửa khứ hồi/Limousine','3N2Đ Hè | Tàu lửa khứ hồi/Limousine','<p><strong>Trọn g&oacute;i combo bao gồm:</strong></p>\r\n<p>- 02 đ&ecirc;m nghỉ&nbsp;ph&ograve;ng Azul Pool view<br>- Xe&nbsp;khứ hồi (Limousine/xe lửa)<br>- 02 bữa ăn s&aacute;ng buffet<br>- Miễn ph&iacute; đi dạo xe đạp.<span>&nbsp;</span><br>- Miễn ph&iacute; shuttle bus v&agrave;o trung t&acirc;m Nguyễn Đ&igrave;nh Chiểu<br>- Miễn ph&iacute; chơi b&oacute;ng b&agrave;n, bida, b&oacute;ng chuyền b&atilde;i biển, Kid Club.<br>- Giảm 20% dịch vụ Spa (kh&ocirc;ng bao gồm Spa Buffet package)</p>\r\n<p><strong>Điều kiện &aacute;p dụng:</strong></p>\r\n<p>- Đặt tối thiểu 02 kh&aacute;ch/ph&ograve;ng, trước 7 ng&agrave;y nhận ph&ograve;ng.<span>&nbsp;</span><strong>Giai đoạn ở từ 16.6-26.8<br></strong>- Khởi h&agrave;nh xe lửa&nbsp;<strong>thứ 5</strong><span>&nbsp;</span>h&agrave;ng tuần từ<span>&nbsp;</span><strong>2,399,000</strong>/kh&aacute;ch/g&oacute;i<br>- Khởi h&agrave;nh xe Limousine&nbsp;<strong>Thứ 6, thứ 7</strong>&nbsp;h&agrave;ng tuần: từ<span>&nbsp;</span><strong>2,499,000</strong>kh&aacute;ch/g&oacute;i.<strong>&nbsp;</strong></p>\r\n<p><strong>Ch&iacute;nh s&aacute;ch phụ thu:</strong></p>\r\n<p>- Phụ thu n&acirc;ng cấp căn hộ Verde:&nbsp;<strong>370.000/kh&aacute;ch/g&oacute;i<br></strong>- Phụ thu n&acirc;n cấp l&ecirc;n Azul Sea:<strong><span>&nbsp;</span>390.000/kh&aacute;ch/g&oacute;i</strong><br>-&nbsp;Phụ thu n&acirc;ng cấp l&ecirc;n<span>&nbsp;</span><strong>Terra 4 kh&aacute;ch/ Duplex 2PN</strong>:<span>&nbsp;</span><strong>1.000.000/kh&aacute;ch/g&oacute;i</strong><span>&nbsp;</span>(<strong>đặt tối thiểu 4 kh&aacute;ch/ph&ograve;ng</strong>)<br>- Trẻ từ 05- 11 tuổi: phụ thu 990.000đ/trẻ/g&oacute;i<br>- Từ 12 tuổi trở l&ecirc;n, t&iacute;nh như người lớn: 1.990.000đ/kh&aacute;ch/g&oacute;i</p>','3N2Đ Hè | Tàu lửa khứ hồi/Limousine','','','<div class=\"col-xs-12 col-sm-4 col-md-4 col-xl-4 font-bold\">\r\n<div class=\"col-xs-12 col-sm-8 col-md-8 col-xl-8 txt-justify\">\r\n<table width=\"100%\" height=\"125\">\r\n<tbody>\r\n<tr>\r\n<td><strong>Thời gian nhận ph&ograve;ng</strong></td>\r\n<td>14:00</td>\r\n</tr>\r\n<tr>\r\n<td><strong>Thời gian trả ph&ograve;ng</strong></td>\r\n<td>120</td>\r\n</tr>\r\n<tr>\r\n<td><strong>Di chuyển</strong></td>\r\n<td>\r\n<p>Phương tiện di chuyển :</p>\r\n<p>+ Đi t&agrave;u (4 tiếng ) : Từ ga S&agrave;i G&ograve;n bạn c&oacute; thể bắt c&aacute;c chuyến t&agrave;u SPT1, SPT2, SPT3, SPT4 đến ga Phan Thiết. Từ ga Phan Thiết bạn đi taxi v&agrave;o đến resort mất khoảng 8,7km. Hoặc đi tuyến xe bu&yacute;t số 9, tuyến xe bu&yacute;t n&agrave;y sẽ đi ngang qua resort.</p>\r\n<p>+ Đi xe ( 6 tiếng ): Bạn c&oacute; thể đi xe Phương Trang hoặc xe Sinh Cafe với gi&aacute; v&eacute; dao động từ 130.000 vnđ- 200.000 vnđ. C&aacute;c bạn n&ecirc;n đi xe kh&aacute;ch v&igrave; xe kh&aacute;ch chạy thẳng từ HCM -&gt; Mũi N&eacute;</p>\r\n</td>\r\n</tr>\r\n<tr>\r\n<td><strong>Hướng dẫn nhận ph&ograve;ng</strong></td>\r\n<td>\r\n<p><span>Qu&yacute; kh&aacute;ch vui l&ograve;ng xuất tr&igrave;nh Hộ chiếu/CMND v&agrave; Phiếu nhận ph&ograve;ng của iVIVU.com khi nhận ph&ograve;ng tại kh&aacute;ch sạn.&nbsp;</span><br><span>(Kh&aacute;ch sạn c&oacute; thể sẽ y&ecirc;u cầu Qu&yacute; kh&aacute;ch số thẻ t&iacute;n dụng hoặc tiền đặt cọc cho c&aacute;c dịch vụ ph&aacute;t sinh trong thời gian lưu tr&uacute; của Qu&yacute; kh&aacute;ch)</span></p>\r\n</td>\r\n</tr>\r\n<tr>\r\n<td><strong>Ch&iacute;nh s&aacute;ch phụ thu</strong></td>\r\n<td>\r\n<p><strong>Ch&iacute;nh s&aacute;ch cuối tuần:&nbsp;</strong></p>\r\n<p>Tất cả c&aacute;c đặt ph&ograve;ng cuối tuần bắt buộc đặt tối thiểu 2 đ&ecirc;m</p>\r\n<p><strong>Ch&iacute;nh s&aacute;ch trẻ em:</strong></p>\r\n<p>- Cũi miễn ph&iacute; cho trẻ em dưới 2 tuổi</p>\r\n<p>- Miễn ph&iacute; tối đa 2 trẻ em dưới 5 tuổi khi sử dụng chung giường với cha mẹ</p>\r\n<p>- Trẻ em từ 5-11 tuổi sử dụng chung giường với cha mẹ v&agrave; phụ thu 198.000 VND/trẻ em/đ&ecirc;m</p>\r\n<p>- Trẻ em từ 12 tuổi trở l&ecirc;n phụ thu như người lớn</p>\r\n<p><strong>Extra Bed:</strong>&nbsp;660.000 VND/giường/đ&ecirc;m</p>\r\n<p>&nbsp; &nbsp; &nbsp; &nbsp; &nbsp; &nbsp; &nbsp; &nbsp; 880.000 VND/giường/đ&ecirc;m ( &aacute;p dụng cho Villa 3 bedrooms)</p>\r\n</td>\r\n</tr>\r\n</tbody>\r\n</table>\r\n</div>\r\n</div>\r\n<p></p>\r\n<p></p>','<p>Một trải nghiệm mới mẻ v&agrave; đầy say m&ecirc; đang chờ đ&oacute;n bạn&nbsp;ngay lối v&agrave;o trung t&acirc;m Mũi N&eacute;. Giới thiệu vẻ đẹp ấn tượng của T<strong>he Cliff Resort &amp; Residences Phan Thiết</strong>. The Cliff tọa lạc tại vị tr&iacute; độc đ&aacute;o, nằm tr&ecirc;n dốc đ&aacute; thoai thoải dần về ph&iacute;a biển thật tự nhi&ecirc;n v&agrave; nhẹ nh&agrave;ng, cho bạn c&aacute;i nh&igrave;n to&agrave;n cảnh tuyệt đẹp của biển xanh.&nbsp;</p>\r\n<p>Điểm độc đ&aacute;o tạo n&ecirc;n danh tiếng của The Cliff ch&iacute;nh l&agrave; 95% c&aacute;c căn hộ v&agrave; biệt thự đều hướng biển. Từ căn hộ Azul với khung cảnh tuyệt đẹp như tranh vẽ đến c&aacute;c căn hộ Terra thanh lịch, tinh tế với khu vực tắm nắng ri&ecirc;ng biệt, c&oacute; thể nh&igrave;n to&agrave;n cảnh biển rộng lớn. Những b&atilde;i cỏ xanh mướt, hồ nước trong vắt, chảy r&oacute;c r&aacute;ch v&agrave; hồ bơi ri&ecirc;ng biệt, đ&oacute; l&agrave; những g&igrave; bạn c&oacute; thể trải nghiệm tại c&aacute;c Villa. Ri&ecirc;ng với căn hộ Condos, đ&oacute; l&agrave; tuyệt t&aacute;c kiến tr&uacute;c kết hợp giữa n&eacute;t hiện đại của căn hộ cao cấp với vẻ đẹp h&agrave;i h&ograve;a của thi&ecirc;n nhi&ecirc;n. V&agrave; để cảm nhận trọn vẹn sự sang trọng v&agrave; đẳng cấp cho một chuyến nghỉ dưỡng tại The Cliff, Penthouse ch&iacute;nh l&agrave; sự lựa chọn tốt nhất cho bạn.</p>\r\n<p><strong>Số ph&ograve;ng:&nbsp;</strong>126 ph&ograve;ng.</p>','<table height=\"50\" style=\"width: 758px;\">\r\n<tbody>\r\n<tr>\r\n<td style=\"width: 227px;\">\r\n<ul>\r\n<li><span>Hồ bơi trẻ em</span></li>\r\n<li><span>Biệt thự (Villa)</span></li>\r\n</ul>\r\n</td>\r\n<td style=\"width: 228px;\">\r\n<ul>\r\n<li><span>Business Center</span></li>\r\n<li>Hồ bơi ngo&agrave;i trời</li>\r\n</ul>\r\n</td>\r\n<td style=\"width: 283px;\">\r\n<ul>\r\n<li><span>B&atilde;i đậu xe &ocirc; t&ocirc; tại kh&aacute;ch sạn</span></li>\r\n<li><span>Khu nghỉ dưỡng (Resort)</span></li>\r\n</ul>\r\n</td>\r\n</tr>\r\n</tbody>\r\n</table>'),(11,'vi','combo-3n2d-tau-lua','Combo 3N2Đ| Tàu lửa','Combo 3N2Đ| Tàu lửa','<p><strong>Trọn g&oacute;i bao gồm:</strong></p>\r\n<p>- T&agrave;u lửa khứ hồi SG- Ga Phan Thiết đến 24.05 hoặc Limousine khứ hồi từ nay đến 31.08</p>\r\n<p>- 02 đ&ecirc;m nghỉ Bungalow Garden View</p>\r\n<p>-&nbsp;02 bữa ăn s&aacute;ng buffet</p>\r\n<p>- Sử dụng ph&ograve;ng x&ocirc;ng hơi/ hồ Jacuzzi miễn ph&iacute;</p>\r\n<p>- Giảm 10% dịch vụ Spa</p>\r\n<p><strong>Điều kiện &aacute;p dụng:&nbsp;</strong></p>\r\n<p>Đặt tối thiểu 02 kh&aacute;ch/ph&ograve;ng</p>\r\n<p>&Aacute;p dụng từ 01/04-31/08 (trừ giai đoạn Lễ 25/04-06/05)</p>\r\n<p><strong>Ch&iacute;nh s&aacute;ch phụ thu:</strong></p>\r\n<p>- Phụ thu trẻ em từ 5-11 tuổi: 990,000 trẻ/g&oacute;i</p>\r\n<p>- Từ 12 tuổi trở l&ecirc;n: 2,899,000 kh&aacute;ch/g&oacute;i (gồm extra bed)</p>\r\n<p>- N&acirc;ng cấp l&ecirc;n Bungalow Beach Front: 351,000 kh&aacute;ch/g&oacute;i</p>\r\n<p>- N&acirc;ng cấp l&ecirc;n Private Pool Villa 2PN:&nbsp;1,000,000 kh&aacute;ch/g&oacute;i (đặt tối thiểu 06 kh&aacute;ch/villa)</p>','Combo 3N2Đ| Tàu lửa','','','<div class=\"col-xs-12 col-sm-4 col-md-4 col-xl-4 font-bold\">\r\n<div class=\"col-xs-12 col-sm-8 col-md-8 col-xl-8 txt-justify\">\r\n<table width=\"100%\" height=\"125\">\r\n<tbody>\r\n<tr>\r\n<td><strong>Thời gian nhận ph&ograve;ng</strong></td>\r\n<td>14:00</td>\r\n</tr>\r\n<tr>\r\n<td><strong>Thời gian trả ph&ograve;ng</strong></td>\r\n<td>120</td>\r\n</tr>\r\n<tr>\r\n<td><strong>Di chuyển</strong></td>\r\n<td>\r\n<p>Phương tiện di chuyển :</p>\r\n<p>+ Đi t&agrave;u (4 tiếng ) : Từ ga S&agrave;i G&ograve;n bạn c&oacute; thể bắt c&aacute;c chuyến t&agrave;u SPT1, SPT2, SPT3, SPT4 đến ga Phan Thiết. Từ ga Phan Thiết bạn đi taxi v&agrave;o đến resort mất khoảng 9km. Hoặc đi tuyến xe bu&yacute;t số 9, tuyến xe bu&yacute;t n&agrave;y sẽ đi ngang qua resort.</p>\r\n<p>+ Đi xe ( 6 tiếng ): Bạn c&oacute; thể đi xe Phương Trang hoặc xe Sinh Cafe với gi&aacute; v&eacute; dao động từ 130.000 vnđ- 200.000 vnđ. C&aacute;c bạn n&ecirc;n đi xe kh&aacute;ch v&igrave; xe kh&aacute;ch chạy thẳng từ HCM -&gt; Mũi N&eacute;</p>\r\n</td>\r\n</tr>\r\n<tr>\r\n<td><strong>Hướng dẫn nhận ph&ograve;ng</strong></td>\r\n<td>\r\n<p><span>Qu&yacute; kh&aacute;ch vui l&ograve;ng xuất tr&igrave;nh Hộ chiếu/CMND v&agrave; Phiếu nhận ph&ograve;ng của iVIVU.com khi nhận ph&ograve;ng tại kh&aacute;ch sạn.&nbsp;</span><br><span>(Kh&aacute;ch sạn c&oacute; thể sẽ y&ecirc;u cầu Qu&yacute; kh&aacute;ch số thẻ t&iacute;n dụng hoặc tiền đặt cọc cho c&aacute;c dịch vụ ph&aacute;t sinh trong thời gian lưu tr&uacute; của Qu&yacute; kh&aacute;ch).</span></p>\r\n</td>\r\n</tr>\r\n<tr>\r\n<td><strong>Ch&iacute;nh s&aacute;ch phụ thu</strong></td>\r\n<td>\r\n<p><strong>Ch&iacute;nh s&aacute;ch trẻ em:</strong></p>\r\n<p>- Trẻ em từ 1-4 tuổi, miễn ph&iacute; ở chung giường với bố mẹ</p>\r\n<p>- Trẻ em từ 5- 11 tuổi: ở chung giường với bố mẹ, phụ thu ăn s&aacute;ng 247,500 VND/b&eacute;</p>\r\n<p>- Trẻ em từ 12 tuổi trở đi được t&iacute;nh như người lớn</p>\r\n<p><strong>&nbsp;Extra Bed:</strong>&nbsp;1,276,000 VND/giường/đ&ecirc;m đến 30/09/2018)</p>\r\n<p><strong>Compulsory Dinner 2018:<span>&nbsp;</span></strong>li&ecirc;n hệ nh&acirc;n vi&ecirc;n iVIVU.com để được tư vấn</p>\r\n</td>\r\n</tr>\r\n</tbody>\r\n</table>\r\n</div>\r\n</div>\r\n<p></p>','<p><strong>Victoria Phan Thiet Beach Resort &amp; Spa<span>&nbsp;</span></strong>l&agrave; khu nghỉ dưỡng 4 sao c&aacute;ch th&agrave;nh phố Hồ Ch&iacute; Minh khoảng 200 km về ph&iacute;a bắc, hoặc 4 giờ l&aacute;i xe - nằm dọc theo bờ biển ph&iacute;a nam Việt Nam với hệ thống 57 ph&ograve;ng dạng bungalow với c&aacute;c tiện nghi sang trọng. C&aacute;c biệt thự c&oacute; ph&ograve;ng ngủ lớn với ghế sofa chuyển đổi v&agrave; b&agrave;n l&agrave;m việc, ph&ograve;ng tắm với bồn tắm, v&ograve;i sen ngo&agrave;i trời trong một khu vườn ri&ecirc;ng, v&agrave; một s&acirc;n thượng lớn với một ph&ograve;ng tắm nắng lộ thi&ecirc;n. Biệt thự gia đ&igrave;nh lớn với 2-3 ph&ograve;ng ngủ v&agrave; hồ bơi ri&ecirc;ng cũng c&oacute; sẵn.&nbsp;</p>\r\n<p><strong>Victoria Phan Thiet Beach Resort &amp; Spa</strong><span>&nbsp;</span>c&oacute; 3 nh&agrave; h&agrave;ng&nbsp;Nh&agrave; h&agrave;ng L\'Oc&eacute;ane,&nbsp;Nh&agrave; h&agrave;ng La Paillotte v&agrave;&nbsp;Nh&agrave; h&agrave;ng b&ecirc;n bể bơi Infinity với sức chứa&nbsp;từ 20 - 180 kh&aacute;ch sẽ mang đến cho qu&yacute; kh&aacute;ch những m&oacute;n ăn mang đậm hương vị biển v&agrave; đặc trưng của khu nghỉ dưỡng.</p>\r\n<p>Đến với<span>&nbsp;</span><strong>Victoria Phan Thiet Beach Resort &amp; Spa</strong>, qu&yacute; kh&aacute;ch&nbsp;sẽ cảm thấy h&agrave;i l&ograve;ng với dịch vụ spa, bể bơi, s&acirc;n g&ocirc;n, thiết bị tập thể dục, tắm hơi, s&acirc;n tennis, s&acirc;n quần vợt tại kh&aacute;ch sạn.Du kh&aacute;ch c&oacute; thể thư gi&atilde;n trong b&oacute;ng r&acirc;m xung quanh hai hồ bơi lớn. Du kh&aacute;ch c&oacute; thể du ngoạn bằng chiếc xe jeep ngắm c&aacute;c khung cảnh thi&ecirc;n nhi&ecirc;n đẹp hay thăm c&aacute;c l&agrave;ng ch&agrave;i gần đ&oacute;. Du kh&aacute;ch cũng c&oacute; thể leo n&uacute;i T&agrave; K&uacute; để xem bức tượng Phật khổng lồ Ngo&agrave;i ra, Khu nghỉ dưỡng Victoria Phan Thiết Beach Resort v&agrave; Spa c&ograve;n c&oacute; c&aacute;c hoạt động giải tr&iacute; bao gồm thiết bị lướt s&oacute;ng, s&acirc;n b&oacute;ng chuyền, cưỡi ngựa, một khu vui chơi trẻ em, miễn ph&iacute; sử dụng xe đạp, cầu l&ocirc;ng, b&oacute;ng quần v&agrave; s&acirc;n quần vợt, một ở gần s&acirc;n golf 18 lỗ, v&agrave; một trung t&acirc;m thể dục.</p>\r\n<p><strong>Số ph&ograve;ng:</strong><span>&nbsp;</span>57 ph&ograve;ng.</p>','<table width=\"783\">\r\n<tbody>\r\n<tr style=\"height: 64px;\">\r\n<td style=\"width: 253px; height: 64px;\">\r\n<ul>\r\n<li><span>Wifi miễn ph&iacute;</span></li>\r\n<li><span>Hồ bơi</span></li>\r\n</ul>\r\n</td>\r\n<td style=\"width: 254px; height: 64px;\">\r\n<ul>\r\n<li><span>Dịch vụ giữ h&agrave;nh l&yacute;</span></li>\r\n<li><span>B&atilde;i biển ri&ecirc;ng</span></li>\r\n</ul>\r\n</td>\r\n<td style=\"width: 254px; height: 64px;\">\r\n<ul>\r\n<li><span>Nh&agrave; h&agrave;ng, Khu ăn uống</span></li>\r\n<li><span>Dịch vụ tr&ocirc;ng trẻ</span></li>\r\n</ul>\r\n</td>\r\n</tr>\r\n</tbody>\r\n</table>'),(12,'vi','tron-goi-2n1d-xe-dua-don-an-03-bua-phieu-massage','Trọn gói 2N1Đ + Xe đưa đón + Ăn 03 bữa + Phiếu massage','Trọn gói 2N1Đ + Xe đưa đón + Ăn 03 bữa + Phiếu massage\r\n','<p>Khời h&agrave;nh từ HCM: 2,150,000 VND/kh&aacute;ch.</p>\r\n<p>- 01 đ&ecirc;m nghỉ tại ph&ograve;ng Deluxe sang trọng.</p>\r\n<p>- Xe đưa đ&oacute;n HCM &lt;=&gt; Kh&aacute;ch sạn Imperial Vũng T&agrave;u.</p>\r\n<p>(Tập trung tại số 1 L&ecirc; Duẩn, Q1 - Cổng Thảo Cầm Vi&ecirc;n - Khởi h&agrave;nh đi: 10.00AM - Khởi h&agrave;nh về: 13.30PM - Qu&yacute; kh&aacute;ch vui l&ograve;ng đến trước 30 ph&uacute;t)</p>\r\n<p>- Ăn s&aacute;ng buffet, ăn trưa v&agrave; tối set menu.</p>\r\n<p>- Phiếu massage ch&acirc;n (45\')</p>\r\n<p>- Tham quan Vũng T&agrave;u (Sơn Quan Tự, Bạch Dinh)</p>\r\n<p>Đặt tối thiểu 2 kh&aacute;ch/ph&ograve;ng</p>\r\n<p><strong>Giai đoạn h&egrave; từ nay - 31.08.2018:&nbsp;</strong>&Aacute;p dụng từ Chủ nhật - thứ năm. Thứ s&aacute;u, thứ bảy kh&ocirc;ng &aacute;p dụng.</p>\r\n<p><strong>Giai đoạn từ 04.09&nbsp; - 28.12.2018:</strong>&nbsp;&Aacute;p dụng từ Chủ nhật - thứ s&aacute;u. Thứ bảy kh&ocirc;ng &aacute;p dụng.</p>\r\n<p><strong>Hạn lưu tr&uacute;:&nbsp;</strong>Đến 28/12/2018. (Kh&ocirc;ng &aacute;p dụng giai đoạn Lễ 02-03.09)</p>','Trọn gói 2N1Đ + Xe đưa đón + Ăn 03 bữa + Phiếu massage','','','<div class=\"col-xs-12 col-sm-4 col-md-4 col-xl-4 font-bold\">\r\n<div class=\"col-xs-12 col-sm-8 col-md-8 col-xl-8 txt-justify\">\r\n<table width=\"100%\" height=\"125\">\r\n<tbody>\r\n<tr>\r\n<td><strong>Thời gian nhận ph&ograve;ng</strong></td>\r\n<td>14:00</td>\r\n</tr>\r\n<tr>\r\n<td><strong>Thời gian trả ph&ograve;ng</strong></td>\r\n<td>120</td>\r\n</tr>\r\n<tr>\r\n<td><strong>Di chuyển</strong></td>\r\n<td>\r\n<p>Từ Th&agrave;nh phố Hồ Ch&iacute; Minh đến Vũng T&agrave;u, qu&yacute; kh&aacute;ch c&oacute; thể sử dụng c&aacute;c phương tiện như</p>\r\n<p>- T&agrave;u c&aacute;nh Ngầm từ Bến Cảng Nh&agrave; Rồng đến Bến T&agrave;u C&aacute;nh Ngầm Vũng T&agrave;u: v&igrave; một số l&yacute; do ảnh hưởng đến sức khỏe, n&ecirc;n hạn chế sử dụng phương tiện n&agrave;y khi&nbsp;di chuyển đến Vũng T&agrave;u</p>\r\n<p>- Xe kh&aacute;ch:&nbsp;Đ&acirc;y l&agrave; phương tiện di chuyển phổ biến nhất v&agrave; được nhiều người chọn lựa nhất kh&ocirc;ng chỉ ở S&agrave;i G&ograve;n m&agrave; c&ograve;n c&aacute;c tỉnh l&acirc;n cận kh&aacute;c như Đồng Nai, B&igrave;nh Dương, B&igrave;nh Thuận&hellip;</p>\r\n<p>- Xe &ocirc; t&ocirc;, xe m&aacute;y c&aacute; nh&acirc;n: thuận tiện cho những du kh&aacute;ch phượt v&agrave; muốn di chuyển tham quan nhiều tại Vũng T&agrave;u</p>\r\n</td>\r\n</tr>\r\n<tr>\r\n<td><strong>Hướng dẫn nhận ph&ograve;ng</strong></td>\r\n<td>\r\n<p><span>- Qu&yacute; kh&aacute;ch vui l&ograve;ng xuất tr&igrave;nh Hộ chiếu/CMND v&agrave; Phiếu nhận ph&ograve;ng của iVIVU.com khi nhận ph&ograve;ng tại kh&aacute;ch sạn.&nbsp;</span><br><span>(Kh&aacute;ch sạn c&oacute; thể sẽ y&ecirc;u cầu Qu&yacute; kh&aacute;ch số thẻ t&iacute;n dụng hoặc tiền đặt cọc cho c&aacute;c dịch vụ ph&aacute;t sinh trong thời gian lưu tr&uacute; của Qu&yacute; kh&aacute;ch)&nbsp;</span><br><span>- Nếu Qu&yacute; kh&aacute;ch c&oacute; nhu cầu xuất h&oacute;a đơn vui l&ograve;ng cung cấp th&ocirc;ng tin v&agrave; địa chỉ xuất h&oacute;a đơn ngay khi thanh to&aacute;n đơn ph&ograve;ng. Ch&uacute;ng t&ocirc;i sẽ kh&ocirc;ng thể xuất h&oacute;a đơn nếu Qu&yacute; kh&aacute;ch gửi th&ocirc;ng tin chậm hơn thời gian tr&ecirc;n.</span></p>\r\n</td>\r\n</tr>\r\n<tr>\r\n<td><strong>Ch&iacute;nh s&aacute;ch phụ thu</strong></td>\r\n<td>\r\n<p><strong>* Giai đoạn từ&nbsp;nay - 31.12/2018</strong></p>\r\n<p>- Trẻ em dưới 6 tuổi khi sử dụng chung giường với cha mẹ: Miễn ph&iacute; ăn s&aacute;ng.</p>\r\n<p>- Trẻ em từ 6-11 tuổi sử dụng chung giường với cha mẹ v&agrave; phụ thu ăn s&aacute;ng&nbsp;220.000 VNĐ/trẻ em/đ&ecirc;m.</p>\r\n<p>- Trẻ em từ 12 tuổi trở l&ecirc;n phải k&ecirc; th&ecirc;m giường phụ.</p>\r\n<p>- Tối đa 02 trẻ em sử dụng c&ugrave;ng giường với bố mẹ.</p>\r\n<p><strong>Extra Bed:</strong></p>\r\n<p>- Ng&agrave;y thường (CN-T6): 961.400&nbsp;VNĐ/giường/đ&ecirc;m.</p>\r\n<p>- Ng&agrave;y cuối tuần (Thứ 7) v&agrave; c&aacute;c ng&agrave;y lễ: 1.265.000 VNĐ/giường/đ&ecirc;m.</p>\r\n</td>\r\n</tr>\r\n</tbody>\r\n</table>\r\n</div>\r\n</div>\r\n<p></p>','<p><strong>Kh&aacute;ch sạn Imperial Vũng T&agrave;u</strong><span>&nbsp;</span>l&agrave; kh&aacute;ch sạn 5 sao duy nhất ở khu vực B&atilde;i Sau - một trong những b&atilde;i biển đẹp nhất ở Vũng T&agrave;u với chiều d&agrave;i tr&ecirc;n 10km bờ biển. Từ kh&aacute;ch sạn, du kh&aacute;ch c&oacute; thể đi bộ rất an to&agrave;n đến b&atilde;i biển qua c&acirc;y cầu bộ h&agrave;nh d&agrave;nh ri&ecirc;ng cho kh&aacute;ch của kh&aacute;ch sạn. Kh&aacute;ch sạn c&aacute;ch S&acirc;n bay Quốc tế T&acirc;n Sơn Nhất 125km v&agrave; c&aacute;ch Bến t&agrave;u ngầm Vũng T&agrave;u chỉ 10 ph&uacute;t đi xe.</p>\r\n<p>Kiến tr&uacute;c của kh&aacute;ch sạn mang đậm n&eacute;t phương T&acirc;y cổ điển theo kiểu những t&ograve;a l&acirc;u đ&agrave;i nguy nga thời nữ ho&agrave;ng Victoria. Kh&aacute;ch sạn c&oacute; tất cả 144 ph&ograve;ng nghỉ với diện t&iacute;ch rộng r&atilde;i từ 20m2 đến 50m2 được trang tr&iacute; bao bọc bằng giấy d&aacute;n tường viền gỗ rất trang nh&atilde;, điểm th&ecirc;m những bức tranh nổi tiếng thời nữ h&ograve;ang Victoria.</p>','<table width=\"773\" height=\"37\">\r\n<tbody>\r\n<tr>\r\n<td style=\"width: 250px;\">\r\n<ul>\r\n<li><span>B&atilde;i biển ri&ecirc;ng</span></li>\r\n<li><span>Spa/Beauty Salon/Massage</span></li>\r\n</ul>\r\n</td>\r\n<td style=\"width: 250px;\">\r\n<ul>\r\n<li><span>Hồ bơi</span></li>\r\n<li><span>Dịch vụ giặt ủi</span></li>\r\n</ul>\r\n</td>\r\n<td style=\"width: 251px;\">\r\n<ul>\r\n<li><span>Ph&ograve;ng tập thể dục</span></li>\r\n<li><span>Dịch vụ dọn ph&ograve;ng</span></li>\r\n</ul>\r\n</td>\r\n</tr>\r\n</tbody>\r\n</table>'),(13,'vi','doc-quyen-tron-goi-2n1d-xe-dua-don-tang-lieu-trinh-signature-spa','ĐỘC QUYỀN - Trọn gói 2N1Đ + Xe đưa đón + Tặng liệu trình signature spa','ĐỘC QUYỀN - Trọn gói 2N1Đ + Xe đưa đón + Tặng liệu trình signature spa','<p><strong>Dịch vụ bao gồm:</strong></p>\r\n<p>- Xe VIP đưa đ&oacute;n từ S&agrave;i G&ograve;n - Alma Oasis Long Hải theo lịch tr&igrave;nh.<br>Khởi h&agrave;nh đi l&uacute;c 10h tại VP iVIVU 215 Nam Kỳ Khởi Nghĩa Q.3<br>Khởi h&agrave;nh về l&uacute;c 13h tại Alma Oasis Long Hải</p>\r\n<p>- 01 đ&ecirc;m nghỉ dưỡng tại hạng ph&ograve;ng Garden Studio</p>\r\n<p>- Ăn s&aacute;ng&nbsp;tự chọn</p>\r\n<p>- Tặng 1 liệu tr&igrave;nh signature spa (gồm 25 ph&uacute;t x&ocirc;ng hơi, 15 ph&uacute;t tập taichi v&agrave; 50 ph&uacute;t massage body)</p>\r\n<p>- Miễn ph&iacute; sử dụng hồ bơi, kidsclub</p>\r\n<p><strong>Điều kiện &aacute;p dụng:</strong></p>\r\n<p>- Đặt tối thiểu 4 kh&aacute;ch/booking<br>(2 người lớn + 2 trẻ em hoặc 2 ph&ograve;ng)</p>\r\n<p>- &Aacute;p dụng giai đoạn ở từ 08.06 - 31.08.2018; Chủ nhật - Thứ s&aacute;u.<br>Thứ bảy phụ thu 350.000VNĐ/kh&aacute;ch</p>','ĐỘC QUYỀN - Trọn gói 2N1Đ + Xe đưa đón + Tặng liệu trìn','','','<div class=\"col-xs-12 col-sm-4 col-md-4 col-xl-4 font-bold\">\r\n<div class=\"col-xs-12 col-sm-8 col-md-8 col-xl-8 txt-justify\">\r\n<table width=\"100%\" height=\"125\">\r\n<tbody>\r\n<tr>\r\n<td><strong>Thời gian nhận ph&ograve;ng</strong></td>\r\n<td>14:00</td>\r\n</tr>\r\n<tr>\r\n<td><strong>Thời gian trả ph&ograve;ng</strong></td>\r\n<td>120</td>\r\n</tr>\r\n<tr>\r\n<td><strong>Di chuyển</strong></td>\r\n<td>\r\n<p><strong>1. Nếu kh&aacute;ch tự t&uacute;c di chuyển:</strong><br>- Tiền xe limousine khoảng 180~200.000VNĐ/kh&aacute;ch/chiều nhưng chỉ chở tới bến xe B&agrave; Rịa hoặc bến xe Long Hải. Từ c&aacute;c bến xe n&agrave;y phải đi taxi th&ecirc;m 17km nữa (khoảng 300~350.000VNĐ/chiều) để đến&nbsp;Alma Oasis Resort. Tuy nhi&ecirc;n, do t&iacute;nh chất địa phương, taxi ở khu vực n&agrave;y cũng rất hiếm, kh&ocirc;ng c&oacute; c&aacute;c xe ch&iacute;nh h&atilde;ng như Mai Linh/Vinasun m&agrave; đa phần l&agrave;&nbsp;taxi d&ugrave;, kh&aacute;ch c&oacute; thể&nbsp;phải chi trả số tiền nhiều hơn&nbsp;350.000VNĐ hoặc c&oacute; thể kh&ocirc;ng bắt đc taxi v&agrave; phải đi bằng c&aacute;c phương tiện kh&aacute;c như xe &ocirc;m địa phương. Chiều về, kh&aacute;ch h&agrave;ng cũng phải di chuyển ra bến xe với chi ph&iacute; tương đương ph&iacute;a tr&ecirc;n v&agrave; ngồi chờ chuyến xe về lại Tp.HCM, rất bất tiện v&agrave; kh&ocirc;ng thoải m&aacute;i.</p>\r\n<p><strong>2.&nbsp;Kh&aacute;ch h&agrave;ng c&oacute; nhu cầu đặt 4 ph&ograve;ng hoặc gia đ&igrave;nh c&oacute; 8 th&agrave;nh vi&ecirc;n vui l&ograve;ng li&ecirc;n hệ iVIVU để&nbsp;sắp xếp xe ri&ecirc;ng.</strong></p>\r\n</td>\r\n</tr>\r\n<tr>\r\n<td><strong>Hướng dẫn nhận ph&ograve;ng</strong></td>\r\n<td>\r\n<p><span>- Qu&yacute; kh&aacute;ch vui l&ograve;ng xuất tr&igrave;nh Hộ chiếu/CMND v&agrave; Phiếu nhận ph&ograve;ng của iVIVU.com khi nhận ph&ograve;ng tại kh&aacute;ch sạn.&nbsp;</span><br><span>(Kh&aacute;ch sạn c&oacute; thể sẽ y&ecirc;u cầu Qu&yacute; kh&aacute;ch số thẻ t&iacute;n dụng hoặc tiền đặt cọc cho c&aacute;c dịch vụ ph&aacute;t sinh trong thời gian lưu tr&uacute; của Qu&yacute; kh&aacute;ch)&nbsp;</span><br><span>Lưu &yacute; d&agrave;nh cho kh&aacute;ch h&agrave;ng :&nbsp;</span><br><span>- Nhận ph&ograve;ng sớm hoặc trả ph&ograve;ng trễ phụ thuộc v&agrave;o t&igrave;nh trạng ph&ograve;ng thực tế của Kh&aacute;ch sạn.&nbsp;</span><br><span>- Mọi chi ph&iacute; ph&aacute;t sinh kh&ocirc;ng được x&aacute;c nhận trong đặt ph&ograve;ng n&agrave;y, Qu&yacute; kh&aacute;ch vui l&ograve;ng thanh to&aacute;n trực tiếp tại Kh&aacute;ch sạn.&nbsp;</span><br><span>- Nếu Qu&yacute; kh&aacute;ch c&oacute; nhu cầu xuất h&oacute;a đơn vui l&ograve;ng cung cấp th&ocirc;ng tin v&agrave; địa chỉ xuất h&oacute;a đơn ngay khi thanh to&aacute;n đơn ph&ograve;ng. Ch&uacute;ng t&ocirc;i sẽ kh&ocirc;ng thể xuất h&oacute;a đơn nếu Qu&yacute; kh&aacute;ch gửi th&ocirc;ng tin chậm hơn thời gian tr&ecirc;n.</span></p>\r\n</td>\r\n</tr>\r\n<tr>\r\n<td><strong>Ch&iacute;nh s&aacute;ch phụ thu</strong></td>\r\n<td>\r\n<p><strong>Từ&nbsp;nay đến hết 31/10/2018:</strong></p>\r\n<p>- Trẻ em từ 0 - 5 tuổi: Miễn ph&iacute;, ngủ chung giường với bố mẹ (Tối đa 1 trẻ/ph&ograve;ng). Trẻ em thứ 2: Phụ thu 200.000VNĐ/trẻ/đ&ecirc;m gồm ăn s&aacute;ng, kh&ocirc;ng k&ecirc; giường/nệm phụ.</p>\r\n<p>- Trẻ em từ 6 - 15 tuổi: Phụ thu 450.000VNĐ/trẻ/đ&ecirc;m gồm ăn s&aacute;ng, kh&ocirc;ng k&ecirc; giường/nệm phụ.</p>\r\n<p>- Trẻ từ 16&nbsp;tuổi trở l&ecirc;n t&iacute;nh như người lớn, phụ thu 1.260.000VNĐ/kh&aacute;ch/đ&ecirc;m gồm ăn s&aacute;ng v&agrave; k&ecirc; giường/nệm phụ.&nbsp;</p>\r\n<p><strong>*&nbsp;Ph&ograve;ng&nbsp;Garden Studio,&nbsp;Garden Terrace v&agrave;&nbsp;Garden Family Pavilion - 2 Bedrooms kh&ocirc;ng k&ecirc; được giường phụ.</strong></p>\r\n<p><strong>* Trẻ em dưới 16 tuổi kh&ocirc;ng được sử dụng dịch vụ Spa.&nbsp;</strong></p>\r\n<p><strong>Từ&nbsp;01/11/2018&nbsp;đến&nbsp;31/10/2019:</strong></p>\r\n<p>Từ&nbsp;nay đến hết 31/10/2018:</p>\r\n<p>- Trẻ em từ 0 - 5 tuổi: Miễn ph&iacute;, ngủ chung giường với bố mẹ (Tối đa 1 trẻ/ph&ograve;ng). Trẻ em thứ 2: Phụ thu 230.000VNĐ/trẻ/đ&ecirc;m gồm ăn s&aacute;ng, kh&ocirc;ng k&ecirc; giường/nệm phụ.</p>\r\n<p>- Trẻ em từ 6 - 15 tuổi: Phụ thu 460.000VNĐ/trẻ/đ&ecirc;m gồm ăn s&aacute;ng, kh&ocirc;ng k&ecirc; giường/nệm phụ.</p>\r\n<p>- Trẻ từ 16&nbsp;tuổi trở l&ecirc;n t&iacute;nh như người lớn, phụ thu 1.265.000VNĐ/kh&aacute;ch/đ&ecirc;m gồm ăn s&aacute;ng v&agrave; k&ecirc; giường/nệm phụ.&nbsp;</p>\r\n<p><strong>*&nbsp;Ph&ograve;ng Garden Studio, Garden Terrace v&agrave; Garden Family Pavilion - 2 Bedrooms kh&ocirc;ng k&ecirc; được giường phụ.</strong></p>\r\n<p><strong>* Trẻ em dưới 16 tuổi kh&ocirc;ng được sử dụng dịch vụ Spa.&nbsp;</strong></p>\r\n</td>\r\n</tr>\r\n</tbody>\r\n</table>\r\n</div>\r\n</div>\r\n<p></p>','<p><strong>Alma Oasis Long Hải Resort &amp; Spa</strong><span>&nbsp;</span>Nằm ở vị tr&iacute; thuận lợi dọc Biển Long Hải, c&aacute;ch th&agrave;nh phố Hồ Ch&iacute; Minh 120km, l&agrave; một điểm l&yacute; tưởng để khởi h&agrave;nh chuyến du ngoạn của bạn ở Vũng T&agrave;u.&nbsp;</p>\r\n<p>Khu nghỉ c&oacute; 74 biệt thự v&agrave; c&aacute;c ph&ograve;ng nghỉ hướng vườn. B&ecirc;n trong ph&ograve;ng được thiết kế mang đến sự thoải m&aacute;i, thư gi&atilde;n cho du kh&aacute;ch, từ những chiếc ghế ngồi nghỉ ngắm cảnh hướng vườn cho đến ph&ograve;ng tắm thiết kế dạng trũng đầy thư gi&atilde;n hoặc những bồn tắm mở ra vườn nhưng vẫn đảm bảo sự ri&ecirc;ng tư tuyệt đối&hellip;</p>\r\n<p>Đến Alma Oasis Long Hải, kỳ nghỉ của bạn c&ograve;n vượt hơn cả mong đợi khi tận hưởng liệu tr&igrave;nh spa, thư gi&atilde;n cơ thể bằng đ&aacute; n&oacute;ng-lạnh, những thanh tre n&oacute;ng, tinh dầu hoặc dầu xoa gi&uacute;p tăng cường tuần ho&agrave;n m&aacute;u. Ngo&agrave;i ra, bạn c&ograve;n tham gia yoga, th&aacute;i cực quyền, chạy bộ tr&ecirc;n b&atilde;i biển v&agrave;o buổi s&aacute;ng hay bơi một lượt quanh hồ v&agrave;o buổi s&aacute;ng để tận hưởng một kỳ nghỉ l&agrave;nh mạnh theo c&aacute;ch của ri&ecirc;ng.</p>\r\n<p>Ẩm thực tại Alma Oasis Long Hải rất đa dạng với c&aacute;c m&oacute;n ăn mang hương vị &Aacute; - &Acirc;u v&agrave; k&iacute;ch th&iacute;ch mọi gi&aacute;c quan. C&aacute;c m&oacute;n được chế biến tinh tế v&agrave; tr&igrave;nh b&agrave;y theo phong c&aacute;ch s&aacute;ng tạo nhưng vẫn đảm bảo hương vị của người Việt v&agrave; c&aacute;c nước ch&acirc;u &Acirc;u. Bạn c&oacute; thể ăn uống tại nh&agrave; h&agrave;ng, hoặc ngo&agrave;i trời, cạnh hồ bơi, hay b&ecirc;n b&atilde;i biển.</p>','<table width=\"855\" height=\"13\">\r\n<tbody>\r\n<tr>\r\n<td style=\"width: 277px;\">\r\n<ul>\r\n<li><span>B&atilde;i biển ri&ecirc;ng</span></li>\r\n<li><span>Dịch vụ dọn ph&ograve;ng</span></li>\r\n</ul>\r\n</td>\r\n<td style=\"width: 278px;\">\r\n<ul>\r\n<li><span>B&atilde;i đậu xe &ocirc; t&ocirc; tại kh&aacute;ch sạn</span></li>\r\n<li><span>Dịch vụ giặt ủi</span></li>\r\n</ul>\r\n</td>\r\n<td style=\"width: 278px;\">\r\n<ul>\r\n<li><span>Biệt thự (Villa)</span></li>\r\n<li><span>Dịch vụ giữ h&agrave;nh l&yacute;</span></li>\r\n</ul>\r\n</td>\r\n</tr>\r\n</tbody>\r\n</table>');

/*!40101 SET SQL_MODE=@OLD_SQL_MODE */;
/*!40014 SET FOREIGN_KEY_CHECKS=@OLD_FOREIGN_KEY_CHECKS */;
/*!40014 SET UNIQUE_CHECKS=@OLD_UNIQUE_CHECKS */;
/*!40111 SET SQL_NOTES=@OLD_SQL_NOTES */;
